seconde,temp,gaz,anomalie_reelle
0,23.024377366380353,182.5402087325732,0
1,22.919593792632938,182.23254565769486,0
2,23.065621103902888,181.64400526757035,0
3,23.083622604604294,180.2678907383907,0
4,22.85508692917901,178.4897007038835,0
5,22.90978756460084,177.63362965343,0
6,23.026981168160066,183.96396048415593,0
7,22.994246335134637,182.4043624035564,0
8,23.02099321837851,178.04574183769887,0
9,22.956885093056616,180.26085389367108,0
10,23.098271435351027,179.2567164108922,0
11,23.09293360210433,176.78813159709233,0
12,23.03878297878826,180.72141868433266,0
13,23.126469687060847,178.9576861102954,0
14,23.076480563216656,177.36225225335227,0
15,22.973125367963696,175.7981612321291,0
16,23.074157266721134,175.55984342175816,0
17,22.97073449079445,179.1526688450458,0
18,23.120508439728034,180.02735379298312,0
19,23.049025047441102,177.672425812725,0
20,23.04101618991168,182.26623402042932,0
21,23.004116194149788,180.1330614541258,0
22,23.159178529595376,182.07604009355336,0
23,23.051796780897583,179.81233250625263,0
24,23.032676048892803,178.01539021155457,0
25,23.04155391015907,180.7347714887967,0
26,23.11509079900249,176.62006820793653,0
27,23.104522175803936,182.04207747749695,0
28,23.111084928735,177.6279815632264,0
29,23.115310717986986,183.2097910177465,0
30,23.254954578683762,179.45538733564135,0
31,23.053886283254048,183.67401303301858,0
32,23.04819572743934,177.13419749422894,0
33,23.026847902134463,178.48440909260108,0
34,23.144001528451238,181.67617062174438,0
35,23.187813258141787,184.06050099226067,0
36,23.091150790239052,185.56447660485586,0
37,23.03582395910505,180.70438466883732,0
38,23.0398466149504,186.10915539082208,0
39,23.160619880973417,179.742553085294,0
40,23.170798814464327,183.92347364669484,0
41,23.157555488428827,177.81624753500532,0
42,23.063625646266836,181.91900738713605,0
43,23.138201180600305,173.64893757199988,0
44,23.13172353375849,177.32484986799784,0
45,23.142642659770505,182.10525477898932,0
46,23.197619252389323,176.78350447640634,0
47,23.148548413695273,182.01726157320965,0
48,23.187728082418634,183.47137376382292,0
49,23.141573924891937,179.26362032965503,0
50,23.162048094028744,177.8762982862977,0
51,23.19217085032275,179.3761681835951,0
52,23.027842850611993,177.91685647705327,0
53,23.12158738318159,180.52621258292857,0
54,23.112275239325154,181.15167926628973,0
55,23.101536968441767,179.94292536265667,0
56,23.133376100877843,185.89957589193494,0
57,23.277721177202054,178.7338231443206,0
58,23.091595847661313,185.08186445924926,0
59,23.24105910984075,177.7993713103004,0
60,23.031699770924945,181.15693950006602,0
61,23.14226903476545,184.5034343537844,0
62,23.18480850694205,184.3636943833801,0
63,23.221412379625978,179.72434738631247,0
64,23.234136924479,182.66582164051064,0
65,23.243428622291088,182.27963427408682,0
66,23.15478269030865,179.41175706589823,0
67,23.14841017938216,182.89489492140618,0
68,23.256751760982645,186.6499849580746,0
69,23.175522420072337,182.49306648674704,0
70,23.091482610612697,182.79248229016488,0
71,23.105582931582763,183.1253192548174,0
72,23.125395726851757,176.74135806544894,0
73,23.24142834611879,182.52038776868898,0
74,23.215750665234278,178.10485307463986,0
75,23.26229406440744,179.40088111000338,0
76,23.17557113120577,187.67176938584026,0
77,23.225128069275584,180.44155319514866,0
78,23.2651830880096,178.99620145925638,0
79,23.19307647445484,184.68984891756875,0
80,23.25705190365819,178.4044391363794,0
81,23.170238809546053,179.92057312635882,0
82,23.196828857749097,185.02533882160836,0
83,23.198011662404113,181.42182801177728,0
84,23.135558265908454,176.62406831299967,0
85,23.272855162241036,182.95615345309687,0
86,23.19901425281902,180.15010304992617,0
87,23.240232163303084,185.97436206080536,0
88,23.280355645312827,179.55154437776153,0
89,23.280278738052882,184.53907137074324,0
90,23.30044440421778,186.72776628023257,0
91,23.241989096049032,178.86311164522036,0
92,23.21865536459415,180.8515616831969,0
93,23.248789990565943,182.6123261874316,0
94,23.122825801467766,178.88965281305363,0
95,23.14468552577188,182.28780459829744,0
96,23.157277348402513,180.81737846047113,0
97,23.185949159298843,180.77214594606838,0
98,23.30034319393808,181.66936284563317,0
99,23.19855201176743,181.75153038553367,0
100,23.243363110337384,182.04455657784325,0
101,23.380176823021714,179.77160262256137,0
102,23.250356520172538,179.91772312674297,0
103,23.34047456420113,181.2426213228402,0
104,23.20939615552572,181.47924599998422,0
105,23.27025935500683,180.3120946793506,0
106,23.213297891672827,182.61557423841265,0
107,23.26477878139805,176.21457141297827,0
108,23.361724293144334,179.48254785950851,0
109,23.158908634584797,180.8492416618155,0
110,23.3344391662164,179.13574650713173,0
111,23.321291477641356,186.60674136079345,0
112,23.257324304624476,181.7907763218417,0
113,23.191751629776768,182.27953139569513,0
114,23.315782829778794,180.31454982749744,0
115,23.270225486066312,181.73191268873455,0
116,23.333767624581135,178.14848436062832,0
117,23.3194664841497,181.29977665138176,0
118,23.44842153735119,179.01317307976566,0
119,23.30368778688407,181.00694571431907,0
120,23.243509515050892,174.1743522673422,0
121,23.342280477869764,178.48502513077395,0
122,23.348083278577374,186.27573394934743,0
123,23.441759639827556,184.39005505041214,0
124,23.402370565630108,185.87087386353411,0
125,23.36664429412452,186.09180060083173,0
126,23.457687664549624,183.96246678168234,0
127,23.24804706237669,180.59975284985913,0
128,23.294488476421606,178.86144704163465,0
129,23.27405880418542,185.42826114712452,0
130,23.3195121331788,182.19654507856478,0
131,23.24306979042889,189.49970970192652,0
132,23.406520219093096,180.9371335934395,0
133,23.340429454503113,187.96588742447346,0
134,23.24303752899133,181.59158279542643,0
135,23.281946073295032,186.08484813424104,0
136,23.39075944944297,187.18150749562824,0
137,23.43520995325863,179.037298106412,0
138,23.53037529943123,180.66585482780295,0
139,23.6062183095525,179.03659802123937,0
140,23.408730004890792,178.46037423249714,0
141,23.298877562292695,184.1660655105007,0
142,23.209935664797715,181.5896222720908,0
143,23.404370403339993,182.35123383822074,0
144,23.320367651656547,183.8774647210279,0
145,23.354619115382697,176.65118412391428,0
146,23.341319983386203,186.098224707326,0
147,23.3814597319788,181.20521093733197,0
148,23.4804319117304,183.86424863962438,0
149,23.410143054217674,184.14371899408488,0
150,23.387309213036904,186.40849027648204,0
151,23.319563657078124,181.99603281141634,0
152,23.270852375720583,175.9541811415838,0
153,23.36832849987443,182.5109489670898,0
154,23.40533168783099,182.95614327410618,0
155,23.553464853014436,179.26568056088524,0
156,23.424843569216335,182.8253593071075,0
157,23.495426866354308,181.31423991308984,0
158,23.379245076892932,178.3834248120882,0
159,23.32676913508398,184.44051625820032,0
160,23.34672607040797,180.7492444057614,0
161,23.368282935693724,181.23562377316148,0
162,23.59893901457801,181.0813496097694,0
163,23.36530569366754,186.18982975544102,0
164,23.5004457045251,182.3749362682422,0
165,23.36347705376506,182.74925788686204,0
166,23.51257641982398,181.20430641704576,0
167,23.471180669356464,183.92905448755613,0
168,23.43018220758203,186.60262989474245,0
169,23.44177549030941,184.51246242098745,0
170,23.394971307142246,184.64366746485433,0
171,23.48535247840027,184.41592610677552,0
172,23.41557492431269,178.47065866630047,0
173,23.3562265349411,179.99716331009668,0
174,23.354335848201977,182.0246728383381,0
175,23.472668182498605,180.47614001383434,0
176,23.58747315344867,179.47420000084156,0
177,23.47622426696002,177.065344501415,0
178,23.45620731003704,178.65632635229298,0
179,23.490832231157977,181.9403611098436,0
180,23.574708341170524,182.51566389798063,0
181,23.490035134205048,180.35876821701115,0
182,23.44186093081626,182.98867296495555,0
183,23.565482996777284,181.46434532448765,0
184,23.513519393889396,186.0514969728407,0
185,23.60431249788132,182.30880982987614,0
186,23.49833804686765,184.89657152976858,0
187,23.38794314924099,183.43109269322898,0
188,23.378663395181363,178.62909147148216,0
189,23.622399877500882,182.57716381201203,0
190,23.63042243792319,179.1560802635716,0
191,23.480365179223433,182.55238464688466,0
192,23.466263238531766,180.65512959291823,0
193,23.616019220746885,184.05016621682512,0
194,23.41271939452809,178.89094927014233,0
195,23.431878151323403,182.97583292482003,0
196,23.557089585707004,184.66266926938044,0
197,23.476216000733046,185.6818841147308,0
198,23.509529442461346,180.68024873694176,0
199,23.499012327706,183.0396391560972,0
200,23.541236051653147,183.55244091873473,0
201,23.628964699084257,187.65497203748853,0
202,23.525742713402643,178.5831755606397,0
203,23.57213447727483,180.3074099038518,0
204,23.3587227151096,191.46763597271047,0
205,23.520949751037996,182.2484666645944,0
206,23.459493146471516,177.4082660826392,0
207,23.43154444742503,181.34706495966577,0
208,23.460888780767494,174.8015423918457,0
209,23.506496100943497,183.84434955714102,0
210,23.608576688475566,185.56434566913035,0
211,23.431265054039226,180.41338674143262,0
212,23.541892429474533,181.74956300622554,0
213,23.502767221079445,185.94603647195189,0
214,23.517339195860256,177.93774508257027,0
215,23.625819314074366,179.23697345889502,0
216,23.590686919703266,182.53061522472706,0
217,23.65666185723896,180.9712078968727,0
218,23.539335180648546,182.35984123044517,0
219,23.49803913016267,179.46339826175915,0
220,23.53781799101676,183.9107746678547,0
221,23.577131825585347,182.83329754729186,0
222,23.573856541086986,184.9417083906879,0
223,23.47497139661746,183.9084529369411,0
224,23.570946550501105,183.94041951294813,0
225,23.58394369136035,178.9944993345273,0
226,23.76905451223193,184.82424530881275,0
227,23.71976840569533,182.3668977678902,0
228,23.50331867566154,182.8727053441639,0
229,23.55053781719645,186.53027357535527,0
230,23.458396480123962,181.24013075199832,0
231,23.53015162136161,187.46492408978258,0
232,23.604585889437203,187.75770730422587,0
233,23.677728026447838,185.69552155025937,0
234,23.52484819491764,180.5081690799574,0
235,23.532751246089912,176.90399140334262,0
236,23.41520076922321,186.7121917768359,0
237,23.575864396052193,183.8226342899122,0
238,23.50577111955194,181.2656548556723,0
239,23.550288522840116,187.0346784644645,0
240,23.524366998128507,180.9420348711214,0
241,23.588839795406084,182.26694164793335,0
242,23.457620201090297,185.1267501657463,0
243,23.482725236073087,180.2239178825676,0
244,23.772271696078846,183.24890652097247,0
245,23.500773857676297,186.85735915516403,0
246,23.517853198245035,184.23585358281872,0
247,23.75437012813361,187.3573494196797,0
248,23.84163601956862,187.02840176319225,0
249,23.517311492601685,183.66330910927684,0
250,23.583375637952138,176.64234444498015,0
251,23.64195126295006,180.3477011221507,0
252,23.754706405773078,185.96744465907133,0
253,23.53923829252362,179.03908717040534,0
254,23.600333363287973,182.72213748508364,0
255,23.683903775250517,184.7300055369261,0
256,23.658251657902508,188.1355987689544,0
257,23.595123892236646,182.01412503445346,0
258,23.616248928699388,181.82099281076484,0
259,23.518693849870722,183.60636474066632,0
260,23.611354703367404,184.82866125572932,0
261,23.610813010699836,183.325376290508,0
262,23.652405305854252,186.94809028242273,0
263,23.591105518922813,181.41499615301942,0
264,23.67494701622297,184.18502673862926,0
265,23.719925673463422,185.17227214262456,0
266,23.653019442972465,182.6479993596974,0
267,23.670394492824826,186.37986499808258,0
268,23.64816746569096,184.31962175007075,0
269,23.645575001162353,186.25126766037323,0
270,23.58948895281653,184.4790006141276,0
271,23.674170596125325,185.03783306604225,0
272,23.64269768096454,182.02334835339255,0
273,23.819555701297293,182.0400859098971,0
274,23.77958431086612,187.6174409145509,0
275,23.686189359635712,185.8626062241614,0
276,23.59587479053138,180.8989756932747,0
277,23.56951617706888,184.52223057190304,0
278,23.755382234869746,176.87005396731988,0
279,23.682684397431423,182.28127611032934,0
280,23.70164153031536,186.89786666801285,0
281,23.525220696461528,183.6510063918677,0
282,23.740532071092733,184.39181309005676,0
283,23.704231917667876,175.000535588041,0
284,23.58057699601401,182.8844949636875,0
285,23.633214469760343,185.0876211446793,0
286,23.693550659145068,185.48019483994852,0
287,23.67815926147422,186.98288509480477,0
288,23.65208864553733,183.47650938025183,0
289,23.668675471456776,183.62175172161486,0
290,23.65828028666859,180.13377516593295,0
291,23.692119155357688,183.52794282388703,0
292,23.79910090515389,180.36813385602903,0
293,23.477507962545758,178.62057182239113,0
294,23.66534338696763,180.91993866922215,0
295,23.699854834271484,188.71279748246198,0
296,23.7108474367195,183.38629643854034,0
297,23.65884045509745,184.86882064369524,0
298,23.54947319276752,182.67987946326886,0
299,23.717659480260092,178.85986589481402,0
300,23.831008340160686,187.0509800619084,0
301,23.57150345030185,177.7371389229179,0
302,23.76470218470003,182.60041881286298,0
303,23.670689031046322,184.11198647100105,0
304,23.69343171414954,184.97830500808638,0
305,23.615463884855203,182.11840284696132,0
306,23.674288850246622,178.7948733374142,0
307,23.8063899479183,181.9163945038606,0
308,23.75033127765231,182.08428740573117,0
309,23.84362769008479,182.02213818966544,0
310,23.80055102540536,187.26242199669653,0
311,23.742791714486433,180.72223561279102,0
312,23.848477625478395,185.27674958784294,0
313,23.745371760808187,184.85944071588617,0
314,23.7777721527768,187.27662262513928,0
315,23.68907954306792,184.0065394414033,0
316,23.719392320030437,186.78997542431108,0
317,23.65952948360747,183.91053930377834,0
318,23.79573612295912,185.74096414962605,0
319,23.623542405890273,179.93951974384873,0
320,23.781623264432746,176.54403472399105,0
321,23.705002932521342,185.6020049002473,0
322,23.815165788601476,185.77337847183003,0
323,23.782737753389142,185.91677014308362,0
324,23.86951333458456,182.9258688735187,0
325,23.783508204920413,188.980205601505,0
326,23.600458762374068,183.14174690659877,0
327,23.7220326334058,185.7943279327282,0
328,23.634786353237356,186.32587900892278,0
329,23.688233705548516,189.70843914320122,0
330,23.85173464077622,183.61134693423068,0
331,23.782970439151676,182.61304293413497,0
332,23.677175749363492,180.0883400185619,0
333,23.65310631123195,189.25000030094594,0
334,23.737930838834288,185.86722363203742,0
335,23.639079070811462,185.97223431012367,0
336,23.683799299079073,193.9731921806265,0
337,23.763528931414484,185.60821045835868,0
338,23.832061789778386,180.73607704305894,0
339,23.789397385625954,184.06526373405447,0
340,23.55844392296558,181.73852854219587,0
341,23.76713799982715,183.48513993587352,0
342,23.749583874569208,183.47481363576617,0
343,23.77795587551984,182.93131450134123,0
344,23.875155815504506,180.52231322788884,0
345,23.58180527905338,189.48940648630136,0
346,23.700572267101524,185.6181542650832,0
347,23.796120134414647,184.0548702127637,0
348,23.6232980396372,187.01384356280138,0
349,23.868870342051924,186.16374316238816,0
350,23.78122262564478,185.58719223997355,0
351,23.820431334030854,186.82466033862556,0
352,23.70797046930809,185.18098373942115,0
353,23.819679221555376,186.79932451097883,0
354,23.840978820669108,187.05744485355586,0
355,23.775045102090427,185.29567908124477,0
356,23.776071479508452,184.15572137065834,0
357,23.77984218715021,189.41744721598224,0
358,23.690033188136447,183.4018650741708,0
359,23.748175346800494,186.0187932341905,0
360,23.748643410439936,186.09582719846688,0
361,23.792375023341993,183.03464467332867,0
362,23.842538473987183,182.44903400541637,0
363,23.678709376254748,183.82009463439516,0
364,23.754221967272308,183.41411621484448,0
365,23.883560248583148,180.5254576460535,0
366,23.706368539720646,182.95441305699234,0
367,23.70087805818888,185.71658258699458,0
368,23.783635674978544,188.72472600724802,0
369,23.83578576378038,186.59901711364606,0
370,23.769923441195505,177.1461536366214,0
371,23.876091242058386,186.8775484087993,0
372,23.839073572043446,183.2880280879602,0
373,23.83862192873849,186.33053583852484,0
374,23.816342515683775,184.93766793294034,0
375,23.95895290905894,184.4107547955548,0
376,23.757045775774284,184.69082026037415,0
377,23.613885553020257,184.93893003740305,0
378,23.903206877824275,189.04805908448037,0
379,23.738940325439565,184.96447044177117,0
380,23.78486701656824,188.28863180721615,0
381,23.88167147871655,187.86027892093063,0
382,23.649388037178124,187.0502013344228,0
383,23.678088925439024,179.69767699383692,0
384,23.65076088732902,188.4158655214969,0
385,23.715965148626157,183.70066304781707,0
386,23.81529041192581,187.2299133715171,0
387,23.82266843697602,182.17346279016778,0
388,23.80343975701362,181.54413402801143,0
389,23.668911444717487,191.0367822860308,0
390,23.597709805656436,182.24489178561024,0
391,23.78744219784058,188.56235075046584,0
392,23.745918116988406,185.48744652527262,0
393,23.820967801434705,183.8799449381098,0
394,23.840920414377052,185.01390278135125,0
395,23.796361061322823,181.25315497941477,0
396,23.84664044741302,185.12318902319595,0
397,23.80468518924885,181.92420951677386,0
398,23.829262353098827,183.9940419206987,0
399,23.730982625345803,187.96417933502966,0
400,23.77347728930325,185.9587244523796,0
401,23.80406840651935,180.75747709180388,0
402,23.8544391076898,187.76625346737077,0
403,23.75775843550761,185.19825457806658,0
404,23.83140239251696,183.60072706149313,0
405,23.768883569122877,187.47500495416358,0
406,23.781179331770993,184.74101282728176,0
407,23.857366628199532,181.75327068184978,0
408,23.63197303668606,190.80126921461198,0
409,23.688103198480253,185.2135270936393,0
410,23.673639623197833,185.02874706252513,0
411,23.60590898278929,184.06506427455503,0
412,23.738711276988816,188.82771793076273,0
413,23.85329164188469,183.7205898684759,0
414,23.770901035740977,180.66765420409735,0
415,23.809860127868408,183.2738928390903,0
416,23.881509806222095,189.29754527675166,0
417,23.900913103061733,187.82087716672706,0
418,23.789483300550387,184.56665643795012,0
419,23.903607642343403,189.458654991527,0
420,23.80298764896935,187.58986583159586,0
421,23.728912709156834,184.5533839915973,0
422,23.748629891809564,184.86249876466377,0
423,23.678006650677265,186.35522103486446,0
424,23.725656810594085,182.87860971244504,0
425,23.76831442342744,185.3947516457242,0
426,23.86148108894989,186.3137055484036,0
427,23.93508468925828,180.33415881422292,0
428,23.687067680551372,184.83395166070946,0
429,23.82927777924036,184.4995621465764,0
430,23.714807725075254,188.4997157659801,0
431,23.836216941710695,179.8887646107809,0
432,23.7879344506876,184.28444425568497,0
433,23.65211939627121,183.99036788578465,0
434,23.873016370671063,188.3224769775136,0
435,23.750503570778964,185.3182193348558,0
436,23.75633289080326,190.8437005912395,0
437,23.713596262929396,187.44857702051857,0
438,23.746955601944084,184.23775067724412,0
439,23.83364156838409,186.19384105456675,0
440,23.784373114340365,184.41906631774725,0
441,23.825898208475184,188.06583123026292,0
442,23.82864184034659,181.49738242016434,0
443,23.9054141242672,183.0291825764757,0
444,23.772401654710727,186.87359750976867,0
445,23.681729530777456,189.19001660706425,0
446,23.8852998125332,178.91302319551284,0
447,23.773437081724627,189.6484865288174,0
448,23.889147900130506,185.11077352424698,0
449,23.830665295180832,179.88562214232343,0
450,23.789508997583734,176.5380936693997,0
451,23.82789719764994,180.96111117157446,0
452,23.956061509374422,185.49610894132377,0
453,23.966114577816708,185.36344546041408,0
454,23.805472510018067,187.46661882752147,0
455,23.81269340359048,183.92439578454866,0
456,23.88592375937719,182.254537275991,0
457,23.732108309203557,184.34516311494122,0
458,23.826333721841745,185.69097822624803,0
459,23.797536220456276,186.28815252372442,0
460,23.824625318531883,183.23398846116598,0
461,23.732740828652542,188.31143268817965,0
462,23.67213286461437,183.7484738698071,0
463,23.63333778095327,183.00904522723823,0
464,23.709654180833976,183.99651740854648,0
465,23.762209605008515,188.8536685426427,0
466,23.775297284413682,185.23617615374627,0
467,23.953570355333373,183.55640388171116,0
468,23.886900852335202,188.42360786507098,0
469,23.72127388532631,192.07883176422783,0
470,23.825867916403936,186.28489684947994,0
471,23.76528532287154,189.36260036676546,0
472,23.774893094738328,188.77449207314928,0
473,23.81224915471823,183.8544853678062,0
474,23.846727976757634,185.75641469439398,0
475,23.769815079762672,181.83394688785867,0
476,23.881815641511526,185.0717836609726,0
477,23.705094513591074,183.81303006037584,0
478,23.796689044974446,184.48789499432453,0
479,24.003718465190698,183.4517804262733,0
480,23.81346389570464,184.8450486731842,0
481,23.909977931706347,187.30787162331302,0
482,23.802335949582336,185.3574931562015,0
483,23.8411603801067,180.12760544064784,0
484,23.789829750933816,183.4870802764022,0
485,23.780404314819922,181.17192160906836,0
486,23.73133316931355,186.4669387667353,0
487,23.827761038623077,187.24930929760959,0
488,23.72484945706637,186.5135616507549,0
489,23.84584509128223,183.38622421687575,0
490,23.87903741534893,186.4934801966028,0
491,23.82114349730521,184.34701722447917,0
492,23.768517967685938,182.3470857648109,0
493,23.8273223511823,187.99191450499194,0
494,23.765888860713527,188.2245311184666,0
495,23.86499444251332,188.6214178619724,0
496,23.643196525321184,183.95392960068858,0
497,23.762409139836084,189.32126671247892,0
498,23.629531870046485,184.30659775676259,0
499,23.66872145236862,187.75197354589815,0
500,23.89695518079488,184.26281697243436,0
501,23.85897128493313,185.12765412086412,0
502,23.729298757987927,178.5400729444877,0
503,23.666148002836373,184.9018330006891,0
504,23.54866749355562,186.08476886712685,0
505,23.741822106123518,184.585236606149,0
506,23.978397325259145,191.0877962959639,0
507,23.81900768141447,182.33564058483543,0
508,23.738894416795514,184.13606196814604,0
509,23.820300327769374,183.11591475187313,0
510,23.65764141234749,184.14288858539965,0
511,23.758146846413066,188.93210566467621,0
512,23.789296020508594,190.27556880021987,0
513,23.773845357405314,183.74266248906227,0
514,23.84338397317966,183.67954453697772,0
515,23.807067669927076,182.38066797726933,0
516,23.832329203747168,189.7743567311904,0
517,23.723150919989056,189.22192030801753,0
518,23.84939403313568,185.54432804664523,0
519,23.90722237973763,181.67730203766808,0
520,23.698624619448683,181.94889790803407,0
521,23.704540627458947,186.3840197086859,0
522,23.881729275808524,187.52335061907007,0
523,23.758859817449974,179.68006768596462,0
524,23.88576442224889,184.91769731611666,0
525,23.73733780407988,190.73959935109153,0
526,23.888416841679504,185.2352283640626,0
527,23.781795188731724,190.35967420383918,0
528,23.79118835930394,187.84086189123917,0
529,23.89495183655702,182.64380787984993,0
530,23.74006771855512,185.02151556532817,0
531,23.692945180867557,185.5162890580631,0
532,23.73156604298978,183.04763894353493,0
533,23.802844775623555,182.99833098010188,0
534,23.64059487225121,190.43096173328433,0
535,23.81604147698252,182.9812544952696,0
536,23.721120984288454,189.15128445164908,0
537,23.855217275671706,184.60912210796394,0
538,23.57101170984232,185.84421630879132,0
539,23.698778252185377,187.60918572574695,0
540,23.625927760937394,184.1304540248568,0
541,23.693879283910608,187.63227993956227,0
542,23.778914081404313,179.79167422220695,0
543,23.74387659797169,187.25244115771093,0
544,23.737049202576713,178.530043624063,0
545,23.74368007076905,185.25736814082265,0
546,23.77177215543958,188.5028709022548,0
547,23.673895243002633,187.809220776788,0
548,23.81019393350176,182.04925560594282,0
549,23.80571789279422,182.4376052959153,0
550,23.782557131641216,183.88265304727497,0
551,23.795317093627744,186.50934666785187,0
552,23.773539031658206,179.85688863775576,0
553,23.911653492809663,185.91496580839214,0
554,23.74089300743261,186.89083217297687,0
555,23.722297683730993,185.1092991991166,0
556,23.68557683454382,187.53619949776154,0
557,23.662263639043797,186.63319406965957,0
558,23.644263445702517,184.3388029545344,0
559,23.671684876446257,180.15690091502017,0
560,23.736092653121265,186.36737061692213,0
561,23.767440078127812,183.10952675488042,0
562,23.74372819157402,184.23530554518274,0
563,23.67732535149601,187.40924572285687,0
564,23.809505286392397,190.22537193792152,0
565,23.795556896546028,185.86064919512194,0
566,23.722536406810423,187.63844090180223,0
567,23.681970408974006,181.64418423549895,0
568,23.776964417316176,186.71552789848212,0
569,23.74700562127875,185.80053325990204,0
570,23.614986185360877,189.6691867442773,0
571,23.724257672459064,184.36134050721904,0
572,23.749509793610894,185.25897401185964,0
573,23.655413304318635,189.161460179896,0
574,23.741409454253322,185.7100042958297,0
575,23.608660430808698,182.66062939556983,0
576,23.83075652997379,193.64306019044,0
577,23.822504233095394,182.75334786951677,0
578,23.701264634379854,185.7959506550356,0
579,23.74933136414888,187.0309990527801,0
580,23.526241479775347,186.7946297356208,0
581,23.625298882918237,185.42334765336238,0
582,23.693067094579362,185.4390581381929,0
583,23.629552747757344,185.28926305762207,0
584,23.771220373372152,182.64693540481903,0
585,23.872588941810534,192.44603186071254,0
586,23.617403921078694,185.3359976095318,0
587,23.643255235782306,187.78731839065932,0
588,23.727798732849767,184.99308078914956,0
589,23.836554072052035,184.933221192096,0
590,23.60856812928395,184.6316129618444,0
591,23.724965651436552,181.34879721734023,0
592,23.84942276635834,185.51682068048675,0
593,23.570245648488044,184.77796954312268,0
594,23.598559807487423,189.51383332244427,0
595,23.66580723719465,182.4093856126905,0
596,23.656690588787416,184.2682294835285,0
597,23.761979151916442,183.30449354560648,0
598,23.714928721189843,190.32750893552,0
599,23.552215397923774,183.3917541037719,0
600,23.734053155259616,187.68689953417842,0
601,23.645216730574514,188.91046385855384,0
602,23.791966712721106,185.56154901923836,0
603,23.6383866186882,181.86938194304733,0
604,23.636238694896353,181.907209439902,0
605,23.72902436942605,188.5787781598323,0
606,23.745325526715362,182.21747773849037,0
607,23.71868858693516,187.1750723392607,0
608,23.54653376192365,186.34173143031086,0
609,23.72295690958375,187.12973203424107,0
610,23.595693832791188,187.412698373391,0
611,23.69577662182911,183.19649985590874,0
612,23.561563585569687,183.07045482515016,0
613,23.709667689409166,188.14130681449126,0
614,23.607925370451955,184.10793653097875,0
615,23.568325682335498,177.7449287414289,0
616,23.726517061685758,187.94100287424476,0
617,23.687209852344868,182.8852747922796,0
618,23.61721884845665,187.39474688348758,0
619,23.78088188334115,190.1710443133325,0
620,23.627977864318453,186.0420645803133,0
621,23.664233073337325,188.97823207969384,0
622,23.681603874436924,186.45144394129278,0
623,23.608935820097265,190.7514141439504,0
624,23.694610270778956,182.8018390442983,0
625,23.612645447658014,185.96250859818215,0
626,23.620784852890804,188.00559048813804,0
627,23.76111364776711,185.4137815074675,0
628,23.567233724636626,189.44054385330477,0
629,23.4558286287171,184.68659731677297,0
630,23.776088555100912,192.18961745728544,0
631,23.8495144859236,192.34684358575026,0
632,23.611493496648784,186.82517314417893,0
633,23.487306936903277,187.6354258000215,0
634,23.61574637866331,189.55126069933854,0
635,23.61601057205058,182.41323736854588,0
636,23.622030027137576,182.0373717438851,0
637,23.546460653074586,189.7411298105405,0
638,23.68019660608227,186.79229883838636,0
639,23.674084599923436,185.28923711263099,0
640,23.510856153299834,186.00050128085314,0
641,23.684621253075914,178.80734457870642,0
642,23.791169564416343,185.39207878936008,0
643,23.638973204530018,183.70288137710128,0
644,23.596484358979698,188.71445149444764,0
645,23.610356512012974,188.94350307688157,0
646,23.66917613232083,187.68658475396643,0
647,23.479733130357303,187.14101248233524,0
648,23.629561850458817,181.46064796172607,0
649,23.583389702917792,187.72262832076808,0
650,23.760661555531666,187.836863004813,0
651,23.597103004203316,189.68217644550202,0
652,23.74266165491895,192.29911648011924,0
653,23.519117790045346,180.86465283789806,0
654,23.65257677786563,184.7747114694447,0
655,23.629319685281516,183.71110840944507,0
656,23.5324081472874,186.45315556293315,0
657,23.61428054487532,185.97352456712116,0
658,23.695239979345356,185.22871710161166,0
659,23.57047746340336,189.01138008328218,0
660,23.459158848448332,182.62188741002848,0
661,23.591238650911205,182.8002880688534,0
662,23.518570424917307,182.84845848514672,0
663,23.561490394602675,184.83759278078102,0
664,23.58045687002749,182.2302055746875,0
665,23.448630784014092,185.76762188795067,0
666,23.453922234791477,185.41418537303605,0
667,23.61982508361882,183.54838970653748,0
668,23.5375199934564,188.52647240998402,0
669,23.372228635133045,185.723870188837,0
670,23.638259363199573,189.08747153747913,0
671,23.595318066542326,185.3114971287427,0
672,23.514468157783327,185.82113883967807,0
673,23.464274419908136,184.20241271742216,0
674,23.634521220934364,185.866616362347,0
675,23.59363347475407,188.0214056008155,0
676,23.7543155505856,184.64762435091941,0
677,23.595337530294128,187.43373798863206,0
678,23.590746923711656,183.43709598059337,0
679,23.54437784787497,188.14928305409873,0
680,23.62106876574326,184.12916812246706,0
681,23.60372135519618,188.4206392462759,0
682,23.651833635673754,186.0452030739126,0
683,23.507964175152555,190.4217682874418,0
684,23.512805086907434,182.39329739286987,0
685,23.50727043437704,181.42352360311546,0
686,23.60681718110353,183.99991542722063,0
687,23.661370730969868,181.69120747771615,0
688,23.502734670615038,181.69326873395414,0
689,23.503394573234946,187.70251875723372,0
690,23.56043066299667,185.8216831421481,0
691,23.51356505619853,184.3914896517179,0
692,23.607305262372986,184.6659178875415,0
693,23.348907309009398,184.03132584783222,0
694,23.460815164341593,190.7703395951656,0
695,23.46225391647549,183.6088683353114,0
696,23.33710800220119,181.84509727252188,0
697,23.44352829826318,188.1957244963988,0
698,23.44528343158283,185.1563396466118,0
699,23.500277777817654,191.9159216785551,0
700,23.603267359082054,184.216938041352,0
701,23.492482907492708,188.329422120553,0
702,23.42747409417726,189.0339365025447,0
703,23.50322804726473,184.21917227779366,0
704,23.58955733184719,183.55021309705884,0
705,23.425379607550678,187.9988310115146,0
706,23.428437058377853,187.49512361103706,0
707,23.543787594109446,181.53429444373236,0
708,23.47919533496418,182.3764552051475,0
709,23.5465254915428,178.14806997694177,0
710,23.4914374369169,187.53907897114559,0
711,23.546458734769548,184.96295581736666,0
712,23.405309881997763,185.25746572226657,0
713,23.484933899715568,180.66502491234147,0
714,23.466824090740847,182.44045102952202,0
715,23.38418074459331,184.29624292904043,0
716,23.354140642982973,183.7084651706542,0
717,23.531839822794463,186.07423326046688,0
718,23.446658918705523,187.46637326741694,0
719,23.390702111564153,192.52001127237386,0
720,23.462533886880113,185.64628800767815,0
721,23.558207648577717,189.04767350970516,0
722,23.28323934849608,183.2066345349121,0
723,23.34369384268188,180.66676222282695,0
724,23.387314937584215,184.62970551992714,0
725,23.575755458418463,180.8884156233479,0
726,23.47917781278109,185.72053165447258,0
727,23.51566037527938,183.33004224925523,0
728,23.360760729209854,179.80344406116114,0
729,23.360103832260062,190.86914842174968,0
730,23.483179420114414,184.04316380723694,0
731,23.44969843887508,180.73772823554899,0
732,23.486612344903804,188.33979998524723,0
733,23.42537091279372,183.45410130330262,0
734,23.46030207691041,188.90506361364024,0
735,23.44836075480443,183.42896501150074,0
736,23.495587959352985,184.00099886616297,0
737,23.495577290561048,186.65269244264408,0
738,23.299071676431858,187.39232232709153,0
739,23.246519536429314,187.9125437991954,0
740,23.504075043198686,185.3322591427952,0
741,23.516582643858296,187.18168430352233,0
742,23.337538883214997,187.82703318628356,0
743,23.26802087294881,186.18612969362445,0
744,23.42234439317908,185.15068457553662,0
745,23.486497518036085,181.23697247253816,0
746,23.5534418536912,187.3645399937335,0
747,23.448536938368413,185.68766067126418,0
748,23.375089675570074,184.31437595180785,0
749,23.3309655075774,189.38256845977426,0
750,23.40091610333365,181.25977629632777,0
751,23.373637992511224,190.4693559742296,0
752,23.31394806080908,185.4643590736276,0
753,23.556623454961173,186.47762741635484,0
754,23.533101199476757,184.3337966403396,0
755,23.478731590881505,180.5115285233234,0
756,23.311734907456643,185.08769805870656,0
757,23.451355032296267,186.50450522686808,0
758,23.43166948001605,187.52265189924515,0
759,23.413444261831568,184.89354336347498,0
760,23.475550471592214,178.90365322224235,0
761,23.423939003700816,180.849880931142,0
762,23.429837967000235,191.62447853110254,0
763,23.41911233049686,182.18432892348306,0
764,23.392941654287124,189.73656502900002,0
765,23.220503509414502,182.6465988306977,0
766,23.36739171874439,184.8948963565652,0
767,23.313711913563086,187.3112566066781,0
768,23.253320866736743,182.9683789750535,0
769,23.48775001177746,190.19890099949114,0
770,23.489016544702118,185.6426967803044,0
771,23.45692252752151,186.79128324157247,0
772,23.366085672390057,184.59909160435578,0
773,23.45119811639873,187.37121839109983,0
774,23.341587687700205,190.12454367411328,0
775,23.354318391544382,184.9873786363265,0
776,23.248083956319984,190.56340893368417,0
777,23.36478393816823,183.5324804138908,0
778,23.335314418133585,187.65251644802214,0
779,23.223726257726504,186.82049509123027,0
780,23.321293545515314,182.14029292708312,0
781,23.316457871973366,185.98031868051757,0
782,23.464084119377084,185.3538012094808,0
783,23.3892553787889,182.76490415352515,0
784,23.31606916280008,186.39122877796967,0
785,23.332487887575503,185.7487944631038,0
786,23.31354945941002,185.0848329386105,0
787,23.2912031393442,185.089492985726,0
788,23.218262125289158,185.0177899356191,0
789,23.29018847924622,184.17728092600782,0
790,23.23999741420053,185.69240496101676,0
791,23.197069025326336,183.33364678522094,0
792,23.335397387311545,193.22826855467318,0
793,23.323202600264754,181.02225496517096,0
794,23.146363055156225,183.4884251065094,0
795,23.27687958863663,183.71774972870597,0
796,23.363741680798505,191.34876310969474,0
797,23.366211217835467,181.25914991386153,0
798,23.36092458528827,186.48955598058748,0
799,23.279351615750944,185.94917078358506,0
800,23.206012488423003,186.1969593367303,0
801,23.18429443000759,188.89731013095374,0
802,23.295929648180234,188.8278613828819,0
803,23.296071308256174,183.8195599789014,0
804,23.36607980631927,185.74650451050562,0
805,23.348452895593095,179.56413237255228,0
806,23.247234263661916,185.44566845990767,0
807,23.155630977129587,182.75833682969454,0
808,23.226990701796808,184.5730382830815,0
809,23.26724643039463,180.0679152388605,0
810,23.231046935868804,186.3304578462818,0
811,23.198324715324272,180.01790998881037,0
812,23.262126697797946,185.54420997829595,0
813,23.19891601449202,181.41154451082136,0
814,23.186321153337207,182.53380842288516,0
815,23.258813590522465,188.53856323785934,0
816,23.19906603114524,186.82972139075295,0
817,23.248079045042246,188.5051428672376,0
818,23.247729487302472,189.7282460891757,0
819,23.132038564744057,182.72204520197437,0
820,23.182010594744366,189.52893839499515,0
821,23.332846352825776,180.62693403448972,0
822,23.12216949547347,187.25314517184432,0
823,23.043112538071803,183.5261898184125,0
824,23.06080373065329,182.20662701634262,0
825,23.20938403180815,186.8322272757286,0
826,23.20682998859125,187.81492828607986,0
827,23.192246618160482,187.7171007744012,0
828,23.296087096046165,185.60706311233173,0
829,22.982419154054806,185.34950916851503,0
830,23.2252122264342,186.52535688883182,0
831,23.31574182220715,185.84713533467675,0
832,23.097891229290735,186.55096277356017,0
833,23.155013801852135,185.52991201642303,0
834,23.122449342710237,187.43724977806923,0
835,23.108413159788892,180.0182259113188,0
836,23.151137837693728,184.49694634911216,0
837,23.288713415811994,180.73011121546796,0
838,23.318779195772652,185.70260721416548,0
839,23.1421846991611,189.78910875768068,0
840,23.31873416977937,183.43184762040877,0
841,23.166442959632203,185.2266085238001,0
842,23.30115761905286,187.105029838256,0
843,23.150661980331023,178.62308501632094,0
844,23.16587210705967,183.25057340471412,0
845,23.18188515411266,185.9010698539649,0
846,23.404213346017983,176.10712377395072,0
847,23.215263926477757,181.85823466077915,0
848,23.08783415380433,188.08175342828903,0
849,23.219187621877737,187.77865682167723,0
850,23.109971939166797,185.8830747238577,0
851,23.096987584700727,187.39713425766953,0
852,23.20610310616425,185.38624277751853,0
853,23.13314761681499,186.39747103919134,0
854,23.150191023314413,183.77464900524618,0
855,23.126266389781406,185.05933963405073,0
856,23.149315319155665,182.80504958470758,0
857,23.153625546549858,188.48283770708932,0
858,22.961909068233496,189.24726067253658,0
859,23.167428960453172,188.81248352171303,0
860,23.032776927181626,183.43854948370824,0
861,22.99318852710269,181.79165234093813,0
862,23.101132212697003,188.47396224060952,0
863,23.10975495752721,186.264797842574,0
864,23.044786093685662,185.60883248122568,0
865,23.163978023337556,182.71215473760532,0
866,22.987349161335526,185.8799823488021,0
867,23.05939422049249,181.33706510197274,0
868,23.04238521497042,186.48496324004495,0
869,23.082672502937672,188.70928175164104,0
870,23.105931913385902,189.45557242532402,0
871,23.000213601776473,186.67779082628334,0
872,23.13600893400382,180.39590568504718,0
873,23.080326840121586,185.12368126654917,0
874,22.921150363893272,190.94042558598298,0
875,22.913037278966364,181.90520407354703,0
876,23.065956731231505,184.3231216990521,0
877,23.04648175404018,188.7308361990309,0
878,23.053101613415482,186.3312308599331,0
879,23.05635196117969,191.90983331300507,0
880,23.073849966156114,182.26026080317862,0
881,23.128831089107862,181.479075648368,0
882,22.961344023550048,188.11016287737718,0
883,22.953687371428707,180.83956383324602,0
884,22.957191295363543,183.8262785562658,0
885,23.064982098367853,184.20899542203537,0
886,23.138675606128206,187.50322581288202,0
887,23.001783235444243,186.22735350830814,0
888,22.83336453545059,185.74500650705903,0
889,22.894390818261186,183.15575131350343,0
890,22.96127665953832,187.99725828331955,0
891,22.980510296262885,196.41889080331248,0
892,22.989666220798476,186.40440766535892,0
893,23.022632232360596,184.61869100350745,0
894,22.99181422944089,180.41516887360265,0
895,23.097909093993298,182.38536731259646,0
896,22.957088359816808,183.6457053759549,0
897,22.939391990534954,182.67203039274983,0
898,23.043895051320007,184.2165633396574,0
899,22.879941155538088,189.58778157290652,0
900,23.0311753364256,187.984141439227,0
901,23.00541173356592,183.75502080376495,0
902,22.982619592568177,180.59552838286544,0
903,23.118684661278945,188.22129148333238,0
904,22.939053660105106,184.0508172226961,0
905,23.150861928492102,179.00724148224302,0
906,22.965211548155068,186.312767135033,0
907,22.878292941880257,187.24124223450778,0
908,22.98325625550073,176.87513382841843,0
909,22.888771776711998,181.66784351500792,0
910,22.91193993481292,183.7987654202394,0
911,23.001052416731223,186.32225189341315,0
912,23.01094604410865,182.56004288169962,0
913,22.913936193476257,181.59939225487986,0
914,23.03991259576722,186.26583296279438,0
915,23.050731855647335,182.66783735325518,0
916,23.07024693653053,185.68741976974204,0
917,22.99490797370929,180.71513236267788,0
918,23.058841881343405,179.98107602334946,0
919,22.796517005442077,186.29225063071237,0
920,22.918762297114423,184.7723433691048,0
921,22.872049021792023,186.7704638011362,0
922,22.948162846388737,182.39360312516183,0
923,22.890124923001174,181.5943243904993,0
924,22.919765097978168,188.05002785456466,0
925,23.080849396218195,179.387198598617,0
926,22.913916352128147,187.69863360230644,0
927,22.957816734720407,187.8939151479179,0
928,22.90335213379874,186.50079216673885,0
929,22.92521202529019,181.84519680054922,0
930,22.91685856382076,181.44711677980504,0
931,22.949466440713035,183.2545632019218,0
932,23.00404945707871,179.98762709584952,0
933,23.039841799413974,180.9756531921419,0
934,22.930046431907535,185.7829006639421,0
935,22.949668276158732,185.784681354556,0
936,22.807664252413712,180.67581945888725,0
937,22.889933383344697,185.84079345800507,0
938,22.96941804498499,185.1631951529847,0
939,22.96070503312593,188.31777553642758,0
940,22.905590297855554,185.48333167190157,0
941,22.956808369801024,186.93944520135597,0
942,22.922394913869574,185.18268871080485,0
943,22.97639622590578,186.67897145290826,0
944,22.900760063529336,179.86553521196655,0
945,22.846396562722134,183.34933032452625,0
946,22.898962350401174,183.5852669461619,0
947,22.63489168013848,182.95859159045534,0
948,22.897215861537923,185.00910221286802,0
949,22.571959374649992,185.56815697128388,0
950,22.72320438527402,184.82933980526576,0
951,22.894473695819613,183.10926246234797,0
952,22.893787030780896,181.42040444963888,0
953,22.75984461709863,186.90662863167736,0
954,22.793126784981105,184.65171980179682,0
955,22.956996082787896,180.53410602822572,0
956,22.805890108498208,182.9962866248448,0
957,23.021307752688937,178.33482734429015,0
958,22.83898407482912,183.65819091583765,0
959,22.86904605267707,182.9442675948304,0
960,22.963020599225683,181.80331066268883,0
961,22.841422332131163,188.26779200260827,0
962,22.748024219811086,180.03278490951035,0
963,22.81670721074722,185.607657960966,0
964,22.81991234300922,190.0358115168517,0
965,22.71085982434878,186.69467485137346,0
966,22.79685273820421,183.35541516596638,0
967,22.75522630968488,180.0349623198963,0
968,22.885834930092923,179.3380948763532,0
969,22.811942183871956,182.17671601953302,0
970,22.78383882358846,181.33743521980728,0
971,22.79525953684715,181.22683971930843,0
972,22.818897851740612,182.39355990069905,0
973,22.847689649380694,183.05275569464646,0
974,22.715666415357816,184.80210649681402,0
975,22.709617753308283,179.62003273973033,0
976,22.87862299431951,181.27361790706092,0
977,22.754568156234175,182.82823818703278,0
978,22.671516776100034,182.70768132771897,0
979,22.817680819118188,188.7902679250721,0
980,22.816559699829018,183.96457398826175,0
981,22.65434989458808,178.41387978410043,0
982,22.792485371762787,184.49598600762621,0
983,22.83029595347029,184.86520357750507,0
984,22.798725478580923,182.83957668513978,0
985,22.81666115492272,179.56149707226606,0
986,22.651092032117504,188.46255556304888,0
987,22.78725057859483,179.96542226510138,0
988,22.73389450664201,185.14405139222785,0
989,22.716820543331544,183.74852545713068,0
990,22.82243085325362,184.93742303538502,0
991,22.868474026044154,188.24216119227455,0
992,22.89103037481035,184.79307867266186,0
993,22.850017182282016,181.41872270857968,0
994,22.733408709285175,186.3992243377329,0
995,22.767763089476382,181.17446016632994,0
996,22.798252512351873,183.54492252868803,0
997,22.743965330436996,179.16146671501758,0
998,22.74209987923272,179.92732206087985,0
999,22.794909914353862,183.1677532101688,0
1000,22.72164127365739,184.10426012574263,0
1001,22.66541848589128,177.87921437140258,0
1002,22.68798451687568,184.46461411459643,0
1003,22.769239511494938,180.5008104770089,0
1004,22.716153893369487,186.78448656870432,0
1005,22.740522438513228,181.8758341625082,0
1006,22.7643066833105,179.547145473891,0
1007,22.6781112554981,183.13169079024846,0
1008,22.766000210942643,180.1418170413741,0
1009,22.733213139836483,186.6835825858348,0
1010,22.60152967831435,182.86454318415696,0
1011,22.813111753840126,182.39410846994372,0
1012,22.65508411941923,184.61070764600734,0
1013,22.560156114417342,179.806609088744,0
1014,22.606384034071414,178.9401179195779,0
1015,22.605731484354315,184.01874186027555,0
1016,22.689020337819844,179.48076408669274,0
1017,22.660373647048477,179.4658157859644,0
1018,22.65277421654324,185.26216542056855,0
1019,22.726739920156685,184.31312187535468,0
1020,22.701800714434775,178.96245437107854,0
1021,22.697345402578286,180.85252965304738,0
1022,22.702302732726665,179.98471932385644,0
1023,22.71626613963186,188.01082961814848,0
1024,22.495802066700865,185.3858423578214,0
1025,22.632750330426283,181.3911976032982,0
1026,22.484959761588783,184.36821908716595,0
1027,22.659736687421308,178.5569612474016,0
1028,22.653960763180468,180.59344814266547,0
1029,22.735457702485313,182.91182528694813,0
1030,22.74431383398643,183.9397588282875,0
1031,22.663017321626793,182.2765025919876,0
1032,22.604262970460304,183.29871628153313,0
1033,22.680605618732642,182.77546340065078,0
1034,22.597064556462513,182.035482674138,0
1035,22.636696188092895,181.6235216486519,0
1036,22.713212563709906,181.21889013552905,0
1037,22.587218464493763,183.17920648893437,0
1038,22.69381746304351,183.701532919229,0
1039,22.68108279722347,183.04983891932918,0
1040,22.54803940440082,178.9046287084516,0
1041,22.699870918362148,179.4292780197429,0
1042,22.6753859403735,183.60833207777995,0
1043,22.62520058463733,186.81231511928135,0
1044,22.553611184076413,182.84013372848494,0
1045,22.543415822316884,181.13345790087462,0
1046,22.56669926653677,183.0270440659497,0
1047,22.650684554171246,178.92910185918885,0
1048,22.5283964933405,186.251922988322,0
1049,22.637421811067544,182.87038740828953,0
1050,22.50065955768973,180.2877289545589,0
1051,22.581258555940703,181.7811940781206,0
1052,22.60394480906899,180.68593602471995,0
1053,22.78837727900442,186.1875033578022,0
1054,22.480180455661916,181.63120642711368,0
1055,22.70573070539117,182.6894418634058,0
1056,22.59756578562048,183.92992668606195,0
1057,22.616086047968817,179.9718350573567,0
1058,22.590279108294993,182.76063578124334,0
1059,22.614013509058278,182.98817166710847,0
1060,22.563769780264476,177.48797123420994,0
1061,22.690022993660012,182.89362516466778,0
1062,22.534820872478825,181.98356286784613,0
1063,22.659562137768848,182.49604676730212,0
1064,22.515084062156767,182.1983214244026,0
1065,22.559468624275876,182.8542119613152,0
1066,22.47619241702274,186.07398784454216,0
1067,22.596017305559805,178.5086776238767,0
1068,22.67289683715945,181.0059705149705,0
1069,22.548775013214087,184.0174971396693,0
1070,22.53689482132709,183.44561875858636,0
1071,22.46116394067286,183.36624399080168,0
1072,22.529682984975864,190.23393152745152,0
1073,22.418301463179795,183.80076547834665,0
1074,22.470398906914948,185.33631789795396,0
1075,22.559281734607897,181.00742061526145,0
1076,22.644375202883477,178.9350187340966,0
1077,22.761311931024217,180.9559095153886,0
1078,22.487374817068496,184.01983524983464,0
1079,22.64685787254186,183.08951832059205,0
1080,22.54927199659815,183.0638560780463,0
1081,22.51541565416435,181.19612330819618,0
1082,22.55987244685513,180.702790509114,0
1083,22.527973418721906,181.26965602678715,0
1084,22.52961277923651,183.96767110403218,0
1085,22.485881328452226,184.30143173436468,0
1086,22.404471935326193,178.74551700238013,0
1087,22.390609312019603,184.03625003931177,0
1088,22.564143459541484,179.78202708939813,0
1089,22.48753834987076,183.12591227188994,0
1090,22.45978370776698,181.12819484083607,0
1091,22.50595373385181,186.38639078814103,0
1092,22.566676356010603,180.41972274929194,0
1093,22.515325438074605,182.19469218168823,0
1094,22.446232555977154,183.46353478483286,0
1095,22.594647123612045,179.00676614882178,0
1096,22.62071139810665,181.39494775741076,0
1097,22.531780121864013,180.7986294354453,0
1098,22.567953889108573,180.04179784957432,0
1099,22.587269040157143,180.248912654482,0
1100,22.576177857563128,184.88895806502552,0
1101,22.53276178398985,179.74208403451698,0
1102,22.529371842915484,183.22177131552365,0
1103,22.520953472055037,182.4511336669419,0
1104,22.389476502844154,177.3011989756636,0
1105,22.531210629356362,183.03442807345328,0
1106,22.364583314214933,177.22115044144306,0
1107,22.407382551331075,183.33072584949372,0
1108,22.573144235302852,179.90962581607894,0
1109,22.533991636815976,181.44104307642445,0
1110,22.583687378087784,177.5178323342564,0
1111,22.440889577846626,181.75254042037992,0
1112,22.368378182630877,184.1509564745758,0
1113,22.439264248488243,178.93391131714677,0
1114,22.464609460370035,179.51799943763368,0
1115,22.460720409257203,182.6880476808315,0
1116,22.543056753557583,182.74771441932006,0
1117,22.421428357356188,173.99098742062787,0
1118,22.476467122755697,187.32440140899817,0
1119,22.367195288948906,182.84849100957285,0
1120,22.480298685876306,183.33822613226545,0
1121,22.442516601731196,180.80147984087853,0
1122,22.380284260526548,175.65066324648234,0
1123,22.419411208629885,183.2255042078758,0
1124,22.42155857230791,179.49037995758212,0
1125,22.412702164703795,182.80233701464678,0
1126,22.5740507101522,180.49872858836724,0
1127,22.422503483022574,181.85383188641924,0
1128,22.40891016747957,178.7992987432866,0
1129,22.258675437270803,183.7020211482521,0
1130,22.35299157157072,177.52827603457987,0
1131,22.401545943564802,187.81467276757672,0
1132,22.365794296755894,187.77635434687852,0
1133,22.529276870693444,185.94514386636146,0
1134,22.403630076031174,184.85801155899998,0
1135,22.517992578650126,180.76245194839322,0
1136,22.417952479121727,184.50025259753824,0
1137,22.41410055721794,180.69659158458478,0
1138,22.402132011682294,176.30907029988424,0
1139,22.407660023100316,185.46372237023223,0
1140,22.542987739862074,184.3250801790089,0
1141,22.218050342113614,180.82907169627046,0
1142,22.24163786804608,177.2320121494899,0
1143,22.356457477811144,179.13343257364463,0
1144,22.399230303438426,175.41306141671194,0
1145,22.451440689802904,183.69619828980103,0
1146,22.43225093132079,176.03548049103296,0
1147,22.36184328110165,181.69034586741634,0
1148,22.47229284942995,178.28321339126674,0
1149,22.471378809344504,176.5186176961609,0
1150,22.401889072006544,181.49822243315603,0
1151,22.46238578692413,179.76618275187377,0
1152,22.405401026853937,183.26656671766193,0
1153,22.33689449905949,176.93359693465598,0
1154,22.435869756156656,178.44887709658641,0
1155,22.387132280640717,173.54229775927436,0
1156,22.37663681579518,174.13658285597344,0
1157,22.492619907840112,186.06859392450477,0
1158,22.176975463856124,186.90920059884527,0
1159,22.257899751846914,180.9209691415551,0
1160,22.27462576300467,178.1556844818864,0
1161,22.338815138293945,179.7161999583,0
1162,22.345799631734565,183.21664110592093,0
1163,22.243882251749824,179.03711911832858,0
1164,22.28396342299578,181.27755148103614,0
1165,22.292224257680278,180.51074156053664,0
1166,22.556008830607084,178.82692777095008,0
1167,22.50188537566688,178.9391399568119,0
1168,22.323145008700497,181.3820296750504,0
1169,22.325345087060416,177.55574807492653,0
1170,22.26085008472498,181.82594261123762,0
1171,22.19849851175052,179.04035655919864,0
1172,22.340168976249696,180.8215310967105,0
1173,22.26806960475763,184.57564961409267,0
1174,22.339496038798938,179.90351560831064,0
1175,22.21666189664533,183.15183179595684,0
1176,22.282122676028216,175.0006445495244,0
1177,22.353381072796672,178.94997583589398,0
1178,22.369205969200078,180.42845002498564,0
1179,22.37173329727971,186.09969311709406,0
1180,22.231130823223406,174.434159487678,0
1181,22.40358728299138,180.00969865753362,0
1182,22.26964607170377,184.65270525700666,0
1183,22.38275034255786,177.91188601232912,0
1184,22.329737455103373,179.61273749109822,0
1185,22.218952545717425,181.23077584972103,0
1186,22.30225090083696,180.7733879134077,0
1187,22.355267181759384,184.90147552937623,0
1188,22.373574890036355,181.53388598468845,0
1189,22.311766435302395,184.15608240075224,0
1190,22.44410383432294,179.0770366179175,0
1191,22.400686707289434,177.9197823552508,0
1192,22.298086123373583,179.44848494024126,0
1193,22.377169107150692,176.6326403082738,0
1194,22.47041207068665,181.54477899250122,0
1195,22.471104927500953,178.9209032351623,0
1196,22.21459209198967,178.04746400476503,0
1197,22.237283729504274,181.54309863419527,0
1198,22.428782567572902,176.60026844906565,0
1199,22.223917674370025,182.3272145868919,0
1200,22.201376386309114,178.5649878345259,0
1201,22.266892106848932,183.46158138695804,0
1202,22.33802219315379,178.79037148232277,0
1203,22.29483721457496,181.8486055943415,0
1204,22.249617248551704,180.47585641662127,0
1205,22.246367237350523,182.15316804771538,0
1206,22.241967690811894,180.23559677257194,0
1207,22.2272528493649,174.89985817459365,0
1208,22.478811771888793,182.90072609842628,0
1209,22.318758124042848,179.5955926436246,0
1210,22.364582650065238,182.2114865422172,0
1211,22.25320902237842,181.897975716397,0
1212,22.276160602440143,177.49164600249722,0
1213,22.23266337338125,177.05144968146112,0
1214,22.076330234573426,181.7462030521077,0
1215,22.176954038501474,178.85469401721406,0
1216,22.141081850839868,182.5580339160243,0
1217,22.10469390829238,179.1984499432812,0
1218,22.18780187386462,182.787590628087,0
1219,22.38818975861107,180.97158520941534,0
1220,22.277409869544318,180.5499092436848,0
1221,22.38299008386394,178.54826532430448,0
1222,22.31141258502798,180.35189868042715,0
1223,22.33993647176657,183.21749326804238,0
1224,22.20406659840282,179.46061050683414,0
1225,22.316869846706094,181.2011045556707,0
1226,22.33207515589962,179.73098848475763,0
1227,22.22647932938365,179.95005021264927,0
1228,22.316216301004353,184.7308030880491,0
1229,22.31559892774817,183.15009665497251,0
1230,22.225199424195512,179.76745687122008,0
1231,22.17821079113846,180.15694977971927,0
1232,22.172179549798344,177.3923214293532,0
1233,22.272716742806534,178.9633671664176,0
1234,22.29085251809896,180.3948275814472,0
1235,22.200194050801414,182.002831056727,0
1236,22.26463630603529,181.68301281082168,0
1237,22.307074789200694,176.09193665449178,0
1238,22.309818430283375,182.33502969357406,0
1239,22.383453941761804,179.12213222709707,0
1240,22.360411382922415,176.41185515336144,0
1241,22.177108023874748,183.3663636864125,0
1242,22.39086570805244,183.7314311236676,0
1243,22.21267722694552,180.11722425245276,0
1244,22.337730784023947,181.4367579027585,0
1245,22.258574588886326,181.59712324148626,0
1246,22.21916750860663,183.46649542542886,0
1247,22.106536622626827,181.44779283545307,0
1248,22.236449247589178,175.26493576629846,0
1249,22.124454922967907,185.2618423391035,0
1250,22.325629842238694,182.4138135151198,0
1251,22.36863879740776,177.67269935302238,0
1252,22.18260115862643,176.09683134832196,0
1253,22.269579533043462,180.68458703423593,0
1254,22.186467582049378,178.31981249327177,0
1255,22.193306361109606,180.1290303300498,0
1256,22.304640168216675,181.35372235246032,0
1257,22.23870221104486,177.40863973262807,0
1258,22.380071034038885,175.74411110046367,0
1259,22.201443760484043,180.2343663843792,0
1260,22.319101693561837,177.4612296439277,0
1261,22.24608955884291,179.48416922905702,0
1262,22.30110970654518,175.00039776249304,0
1263,22.200835124600584,178.25833074716292,0
1264,22.231812603298,181.14424319282338,0
1265,22.225716284885657,180.80170049984625,0
1266,22.167259832786684,176.60335148570374,0
1267,22.286308463194434,175.4481617820839,0
1268,22.284568740814223,178.9847826273379,0
1269,22.279249427050893,180.60513389949907,0
1270,22.353947895562758,180.12211226762477,0
1271,22.346173189275476,177.35466614670077,0
1272,22.19947437137394,179.76918543994546,0
1273,22.258567862087446,183.36735266475787,0
1274,22.178098749281496,179.46030226277165,0
1275,22.22912776425791,173.93001426044736,0
1276,22.178561333186924,179.42365697202715,0
1277,22.355438288345308,184.93053288951276,0
1278,22.254229323124534,174.92110378851416,0
1279,22.207001389835536,178.85707280462248,0
1280,22.319252904727712,178.07352355599704,0
1281,22.049443343288658,179.0248183188974,0
1282,22.06130299194794,179.30457414181146,0
1283,22.285446389850065,182.12639064233537,0
1284,22.22597435355086,178.94549041082317,0
1285,22.24053965219267,182.50759406150712,0
1286,22.113768828290066,178.30753232757485,0
1287,22.217407893580972,177.5947820768615,0
1288,22.378942930164772,176.62234583022024,0
1289,22.284003254154793,173.16334546307408,0
1290,22.23105844302438,179.4266720526421,0
1291,22.181781776182255,184.74605954876046,0
1292,22.184773972170973,179.94350568638612,0
1293,22.045447229166623,180.6137916974868,0
1294,22.235847109394342,177.29921595424048,0
1295,22.28233690192042,177.79008006800504,0
1296,22.088120653243397,181.46178514201065,0
1297,22.16073836929581,184.518732260021,0
1298,22.120545652770616,182.94129613988162,0
1299,22.135415418039905,180.87799765038608,0
1300,22.216432327735983,178.5525374675564,0
1301,22.044921508814127,179.06107508387024,0
1302,22.26034480541216,176.156239741923,0
1303,22.271050676309116,174.05711334677733,0
1304,22.190202780898655,175.00608600302857,0
1305,22.011392646725128,178.5207574043754,0
1306,22.129703804762567,177.48026790356536,0
1307,22.30762704989061,173.93281822683707,0
1308,21.986342591171322,178.21408322661543,0
1309,22.180377142298287,177.35568388617813,0
1310,22.113385482729363,174.77736136592424,0
1311,22.27176735174963,177.170315651773,0
1312,22.15301845162729,177.30295021618414,0
1313,22.238979391752377,176.40086621920918,0
1314,22.251545072481942,181.015768542934,0
1315,22.352861145865344,172.51204586386663,0
1316,22.18939223802074,172.24835827433054,0
1317,22.235385337089493,178.2006295936803,0
1318,22.086181226341328,178.46418320262399,0
1319,22.299912313885645,179.37348893946935,0
1320,22.14354177585967,176.52897750891304,0
1321,22.15923509980995,175.3771938286185,0
1322,22.202038256426597,178.09409686611073,0
1323,22.078519680690345,176.77640379086648,0
1324,22.22159408342154,182.73945835817867,0
1325,22.280441543360606,177.09868145840545,0
1326,22.22624041848018,177.89694003565987,0
1327,22.075465092100703,185.4678955127973,0
1328,22.192453054672093,177.44251943937644,0
1329,22.26151073045879,179.68044326482186,0
1330,22.05170965851487,179.93608714475644,0
1331,22.115777544260943,180.17656367837384,0
1332,22.271702105583906,178.836034274762,0
1333,22.22301577239677,178.5343225230995,0
1334,22.234205115224555,178.23904470199764,0
1335,22.349855956806206,176.19531595083373,0
1336,22.23843931240735,178.88512412458692,0
1337,22.253454585002082,183.97978962131964,0
1338,22.417561378098377,181.51119666421513,0
1339,22.183485302224266,178.77621836833896,0
1340,22.136656717295242,180.41728169704615,0
1341,22.234618463567184,175.2276073148822,0
1342,22.235431190318828,177.03895615456298,0
1343,22.15810157681936,180.64941466390184,0
1344,22.117583691655735,182.2527542642665,0
1345,22.38490939764209,175.46405685865486,0
1346,22.2262254584236,176.31130837627566,0
1347,22.141461033995427,184.2916339542839,0
1348,22.27329391961805,178.02173902839613,0
1349,22.191273261748858,183.18850544170192,0
1350,22.179769484294575,178.32447135763684,0
1351,22.244986703626925,178.42793587221084,0
1352,22.096668913977147,176.7584338183077,0
1353,22.228254040820964,180.48809929780157,0
1354,22.3531143654111,181.71930995129063,0
1355,22.23741605685067,174.5265301712718,0
1356,22.170078484917447,176.55976099953003,0
1357,22.159670385740796,180.34794035585395,0
1358,22.16748471010011,177.19966742671127,0
1359,22.18007773746359,176.0937820212279,0
1360,22.17026281576406,180.58820660315342,0
1361,22.27389458215747,180.85559819676484,0
1362,22.062045007664192,176.18198757635292,0
1363,22.269783548200397,178.15370562091525,0
1364,22.17058016811545,173.8768908587249,0
1365,22.23125219505197,174.80159884333932,0
1366,22.111088355838348,177.8462808161952,0
1367,22.307698623008942,177.55376634194812,0
1368,22.301229414071134,174.54469597541765,0
1369,22.278526067426366,175.28319825729534,0
1370,22.08076837772866,174.22180030928357,0
1371,22.268478103905718,178.76794408161715,0
1372,22.23474620522932,171.48569581369034,0
1373,22.074155197464396,174.33974850612532,0
1374,22.20086192189873,171.77154033736755,0
1375,22.232207000649264,178.60332967025994,0
1376,22.247778503013073,171.92398827472633,0
1377,22.21773133767344,177.4133158715799,0
1378,22.227116593362325,182.22265805554687,0
1379,22.32198434431722,182.31036416194132,0
1380,22.302465196498236,171.85833429402626,0
1381,21.97531483251953,178.15729925949,0
1382,22.179590580284508,174.28118878395276,0
1383,22.192129705316166,173.65474564565645,0
1384,22.06545970769661,176.87981392611061,0
1385,22.213497723345526,180.89118634884872,0
1386,22.306208860741258,178.99139773709766,0
1387,22.119737641326278,175.03312580820648,0
1388,22.233939642893958,179.27979740301566,0
1389,22.13413584943913,170.41973666513138,0
1390,22.154032583112368,174.87821004314264,0
1391,22.326370506007372,174.65157820436082,0
1392,22.165177508020662,177.3444400306065,0
1393,22.245971894283244,176.48723899264928,0
1394,22.05971984555788,176.6575744365994,0
1395,22.358834732435483,176.54411396069986,0
1396,22.258503183646127,177.1217992012764,0
1397,22.196142283302404,178.66129549407088,0
1398,22.257246891143588,177.47524106771272,0
1399,22.098888126897382,176.16055831071066,0
1400,22.306756256930445,178.20524483941435,0
1401,22.186724731584892,179.46477743209806,0
1402,22.196817262145416,175.304756584942,0
1403,22.174319271483117,176.78107426891705,0
1404,22.1677180871974,180.43147119463754,0
1405,22.270271902172144,173.62395945173563,0
1406,22.235708423728987,182.3328590764188,0
1407,22.267922911614868,172.887819686071,0
1408,22.21563622516168,175.85574411014701,0
1409,22.257962073876826,174.0278425895994,0
1410,22.18397401989895,183.42878960231243,0
1411,22.396445831883888,175.34157604351967,0
1412,22.093227744018225,175.33574175743433,0
1413,22.32014157633404,175.7126797743351,0
1414,22.329313112613224,177.09841694657337,0
1415,22.15233124369456,175.8129875677928,0
1416,22.39947876654595,176.38637881625883,0
1417,22.301418520068108,166.18415773165566,0
1418,22.300122320082995,176.93003758513956,0
1419,22.22533435103436,176.7987706444812,0
1420,22.20638532632171,179.847872182147,0
1421,22.207691013920723,180.64618604200638,0
1422,22.256375918802657,176.14273890783582,0
1423,22.337927565617136,179.14143280952163,0
1424,22.241046426545346,173.37494436320551,0
1425,22.154343849117762,178.96860562997068,0
1426,22.29394096941295,174.93610194871815,0
1427,22.302415736324296,173.08641062230632,0
1428,22.281842708837697,176.0707336982751,0
1429,22.28986551769857,180.8159368954105,0
1430,22.209316392836723,177.14457918864355,0
1431,22.157445918087998,181.07809333862954,0
1432,22.16309334591669,174.329520452446,0
1433,22.102504880551265,179.7063850754777,0
1434,22.253100290898022,174.59348837602948,0
1435,22.228280292571444,177.2131148742442,0
1436,22.20057829393975,177.17436145192215,0
1437,22.000158231239375,178.49599609585354,0
1438,22.137662068190107,177.2509745915973,0
1439,22.32796373791854,174.26845495333689,0
1440,22.185984706958827,179.11420934252286,0
1441,22.268869692992826,181.65556236035002,0
1442,22.12964435628638,174.69651066043633,0
1443,22.35688171058107,170.92957739325269,0
1444,22.23115837910307,177.92060945526768,0
1445,22.26678837123923,175.41651121441961,0
1446,22.43056128716055,176.0041700801788,0
1447,22.366737081689074,178.05346285798436,0
1448,22.2218287880672,175.00322802134895,0
1449,22.19983777004699,175.553349979957,0
1450,22.222202302449713,176.04707287513793,0
1451,22.28999744167048,180.74424380615844,0
1452,22.241756477666417,176.41276649042288,0
1453,22.219532839808544,172.60313782629393,0
1454,22.369513958939912,172.71014930573216,0
1455,22.243998867460014,176.7031260691198,0
1456,22.438108086470578,172.8848293162572,0
1457,22.26241475241015,171.57390541541082,0
1458,22.399004282827377,178.1551520347878,0
1459,22.28579689231212,178.28979316845312,0
1460,22.335289762206525,175.11966805201942,0
1461,22.201334648030585,177.09286110075885,0
1462,22.192062435303157,176.7640796968212,0
1463,22.298208302710812,177.9948305058024,0
1464,22.341593738126424,177.98970577332727,0
1465,22.266816637398087,168.3460002255348,0
1466,22.16178026178912,175.42980533513787,0
1467,22.15697563014967,177.69297737613172,0
1468,22.152738904175308,174.89588410053923,0
1469,22.12662249668499,176.22387739686306,0
1470,22.277922462641687,178.35541165505313,0
1471,22.360307420798826,176.33415634817592,0
1472,22.270379808401074,180.60323462776398,0
1473,22.091777932175315,179.4485577313726,0
1474,22.25851718034691,175.70005606632114,0
1475,22.261929850640072,175.44978659722526,0
1476,22.44381825804522,167.48115649245398,0
1477,22.160760732675794,175.04085311138988,0
1478,22.247279770667973,171.94881119394228,0
1479,22.41621319732181,176.66059202457427,0
1480,22.31696303026839,176.44382849520684,0
1481,22.32725835014185,178.06112411007916,0
1482,22.29259734677038,180.15193633478592,0
1483,22.31107209362109,175.87151238338245,0
1484,22.348140107660583,182.77999311767363,0
1485,22.222435875137883,176.62454986246206,0
1486,22.35871158767962,171.98502560509658,0
1487,22.17990745054004,174.21796641386797,0
1488,22.317306574441552,174.77447726350442,0
1489,22.30663449689084,177.65766229397283,0
1490,22.24433847865749,173.02812284514957,0
1491,22.293142416321952,174.9645649101652,0
1492,22.246477929493462,175.3640201143893,0
1493,22.211877513508675,174.49145539522598,0
1494,22.270665476635816,178.25876936548528,0
1495,22.21198514345875,177.73722140634598,0
1496,22.32748613531161,179.3017213622317,0
1497,22.21102211157166,174.79773590204127,0
1498,22.361362218235108,179.3872144860807,0
1499,22.211269311870552,171.67648978889915,0
1500,22.26187608372597,171.59220640991114,0
1501,22.25861188577982,172.1048615992417,0
1502,22.416000802944183,175.76283823465832,0
1503,22.337829574046175,179.33130323618204,0
1504,22.295893378251918,173.9067376802843,0
1505,22.35416371472389,174.27210812455877,0
1506,22.14713320408522,175.04318834749287,0
1507,22.313708675008463,177.39880998929604,0
1508,22.478419586909943,174.2365627213461,0
1509,22.330673566122723,174.05833045111982,0
1510,22.326994576608406,171.6115679838532,0
1511,22.366895737469324,173.9217927192602,0
1512,22.396186079063536,179.15857349427753,0
1513,22.16624074696309,175.88822842120302,0
1514,22.19296059866017,173.38517907653198,0
1515,22.34588684893055,179.30249686157268,0
1516,22.273398424281027,173.82777697110103,0
1517,22.437083730366865,179.83266702038676,0
1518,22.308449056241102,179.77303436382863,0
1519,22.180449965723486,175.71969187353355,0
1520,22.23532882860845,171.04548246502057,0
1521,22.118361459009904,182.39913750648753,0
1522,22.32117915839473,176.6819990750813,0
1523,22.326420174991295,174.53807578221026,0
1524,22.309123615910487,178.36771732654242,0
1525,22.430988687691187,177.59586951619016,0
1526,22.442165668253235,179.4114346958495,0
1527,22.334266689548667,173.4812657602492,0
1528,22.178743897764228,176.41344990441263,0
1529,22.40053147124792,171.89017064531131,0
1530,22.397215222780726,177.43656739362353,0
1531,22.379183075897515,175.35854223829602,0
1532,22.43460334205992,176.2602515946526,0
1533,22.264559772130227,174.96805154752005,0
1534,22.520115334135824,174.6440426273431,0
1535,22.284337371710816,172.78225548551512,0
1536,22.42271389975671,177.74821118739794,0
1537,22.2294804880186,179.83603587542453,0
1538,22.291747110334242,173.6869536649107,0
1539,22.489185481837477,177.0076470558799,0
1540,22.348719411274555,176.6336751052389,0
1541,22.438508293870303,175.35154831442475,0
1542,22.39200166523687,170.73763035587587,0
1543,22.366386969584934,171.40282027212584,0
1544,22.485637654049437,172.95489340259024,0
1545,22.359350524862272,168.87108424399975,0
1546,22.23758536043158,179.50248205794884,0
1547,22.317553933845982,176.37182337067472,0
1548,22.427684744075503,175.16918678054847,0
1549,22.417013909634182,168.67875120435653,0
1550,22.261799785485984,169.7682673931914,0
1551,22.33101577553963,175.22330971511406,0
1552,22.34423164603443,181.13229038830676,0
1553,22.36334538660296,173.11540727237667,0
1554,22.28433086839047,177.79328609231476,0
1555,22.345962647172225,173.75276990082875,0
1556,22.33977923406266,175.34881292671992,0
1557,22.461633805076588,178.81779773505826,0
1558,22.466491232480394,174.12657541600927,0
1559,22.391954363606605,173.08483284293516,0
1560,22.374120955948428,179.40010969612462,0
1561,22.41855026793373,175.27335523322122,0
1562,22.343909718902847,178.40111411040766,0
1563,22.319375763730818,173.0626026228412,0
1564,22.337798411683643,179.3292558525116,0
1565,22.364131985586944,175.92103249263374,0
1566,22.323747194079488,176.39546457409384,0
1567,22.43170502794825,175.47697430119663,0
1568,22.479039764752724,173.55667979920827,0
1569,22.29562395345745,175.05910846038992,0
1570,22.42653845662636,173.7274721542998,0
1571,22.408876650258303,177.92500092340703,0
1572,22.4557425511367,174.42834505314664,0
1573,22.429344061758915,170.53918270215675,0
1574,22.316055468376252,169.98165508445993,0
1575,22.33332343114219,169.83102786922345,0
1576,22.43864651807592,176.85638482840125,0
1577,22.52058003118351,171.53928410366726,0
1578,22.263134337905868,175.88541315930607,0
1579,22.469926044100472,175.38627254944782,0
1580,22.539443064055813,174.77385080759814,0
1581,22.434043390807176,176.27465428675345,0
1582,22.49232056469358,175.42584591959974,0
1583,22.39408446488464,166.8132773174312,0
1584,22.442813019314897,173.96315672444246,0
1585,22.32472823048535,176.20094247196644,0
1586,22.268899491917278,179.83811690397218,0
1587,22.533920488351892,179.96831155985848,0
1588,22.381758495715065,170.81119230132305,0
1589,22.426181300941334,173.84320802652448,0
1590,22.353780134651295,170.18581457275147,0
1591,22.353976447553727,179.43562439201966,0
1592,22.45495201387064,177.9063830634826,0
1593,22.412584332210226,175.91145854739923,0
1594,22.503286111744632,175.34989514943874,0
1595,22.511355850325963,178.9854548320397,0
1596,22.502931488513884,178.46952342225677,0
1597,22.498468689461593,178.30170363150663,0
1598,22.607725535544045,176.18966627570614,0
1599,22.39822634829725,173.7640344583366,0
1600,22.48137512295453,177.10522207334603,0
1601,22.578527426053604,177.2441371273199,0
1602,22.59122399294809,174.21629850459496,0
1603,22.37847449749062,173.72669937970326,0
1604,22.469388122535648,178.17265694195348,0
1605,22.60519337482951,179.75737228387203,0
1606,22.539363279324355,172.50917931904291,0
1607,22.516517365150875,173.95961527208917,0
1608,22.485667000302577,175.79495914910092,0
1609,22.47456920965734,176.19440757093358,0
1610,22.5305283447867,173.15999824630433,0
1611,22.48948442707886,180.37018210128534,0
1612,22.50847757919543,175.97846508424556,0
1613,22.52038722471057,176.2989248325096,0
1614,22.462074985830622,179.9740584640031,0
1615,22.561118331388876,173.34288929948798,0
1616,22.753920693060767,174.41748289528587,0
1617,22.380861168881424,170.9155526305794,0
1618,22.55118589265224,174.1512451873096,0
1619,22.466700258814548,170.19432786158833,0
1620,22.57596400436756,176.8975089174493,0
1621,22.535758457876454,175.90683816770886,0
1622,22.595250005797563,173.80856374891735,0
1623,22.63061558824656,174.3314610375183,0
1624,22.55424783648562,176.91012868413048,0
1625,22.6317030339923,171.21137529013416,0
1626,22.355885314349358,175.22433814779387,0
1627,22.6729611877908,176.7034718893277,0
1628,22.578031369411438,169.25126513936513,0
1629,22.63656076617791,176.6460833144326,0
1630,22.45505561763608,169.56230090411614,0
1631,22.48850191707133,174.22496095623143,0
1632,22.568961824136906,171.0808643729182,0
1633,22.558252376785006,178.85810790999165,0
1634,22.584594908246757,171.0863727517942,0
1635,22.651049984862375,169.60057128115335,0
1636,22.42541580654958,174.94463977050654,0
1637,22.646888897731895,173.2969541851381,0
1638,22.572001116813436,170.01776465419553,0
1639,22.55739643025345,176.1025806325747,0
1640,22.458375369862647,168.54423006679536,0
1641,22.618679257072806,171.40363412345897,0
1642,22.387682647141453,172.78036962870027,0
1643,22.635063815426637,176.9063966702757,0
1644,22.466209925663655,178.37987734693556,0
1645,22.592246173081353,177.79559948108934,0
1646,22.58083220111731,174.02124964468285,0
1647,22.686329919183216,167.1930023847684,0
1648,22.580880575181958,175.64138015412468,0
1649,22.542052957804156,178.87447418953892,0
1650,22.559471784322305,178.15809402837297,0
1651,22.704251452678328,175.83957766023187,0
1652,22.647750264267085,170.87626819812468,0
1653,22.576426598586036,172.862939415274,0
1654,22.590796559091853,180.23442567284349,0
1655,22.486778136556094,170.17695407877605,0
1656,22.64567499678675,170.97781740021935,0
1657,22.47626125703188,177.24323237557195,0
1658,22.679644350010616,173.11637490007013,0
1659,22.632249115504056,170.85890049452757,0
1660,22.8153788937372,178.98243097718583,0
1661,22.53887984343014,175.77607534726184,0
1662,22.62115020462086,173.24193232188927,0
1663,22.775703188246762,170.9444781780885,0
1664,22.729632829576357,180.51852775462845,0
1665,22.581110636081974,174.29749652822528,0
1666,22.657215361718333,178.55741867484022,0
1667,22.64195267824219,177.04095624290784,0
1668,22.66684832604359,172.79201070128494,0
1669,22.590900882887816,172.8105905106491,0
1670,22.64215745035268,178.68309574724867,0
1671,22.52397093048,178.72647901369078,0
1672,22.665141277107864,168.7029938502129,0
1673,22.69285354715123,175.97793616016537,0
1674,22.64118301373643,173.95984343286386,0
1675,22.53270131936066,171.21844973421383,0
1676,22.743520883071177,175.09862782409408,0
1677,22.696137369231103,170.2596084592878,0
1678,22.61143524832429,172.90408107021028,0
1679,22.649613537179697,171.9031132812758,0
1680,22.554557133316813,172.7942871097611,0
1681,22.595130952695854,174.07439095449575,0
1682,22.636695866245912,171.23733112676203,0
1683,22.780555352474586,178.9988120527059,0
1684,22.63368620105624,175.7544077290847,0
1685,22.73863218995488,179.65356941840304,0
1686,22.64692223460939,173.78500200397596,0
1687,22.712399546740308,172.61427290766164,0
1688,22.68383205874828,179.53132985828668,0
1689,22.767571898552646,172.51738338360414,0
1690,22.657529818209785,173.71220552482347,0
1691,22.577103471559617,176.40278223970614,0
1692,22.59494443534317,170.5250604610465,0
1693,22.665548373014484,176.36775930851582,0
1694,22.610775546280085,175.97959334119855,0
1695,22.746122601618126,178.03324453539162,0
1696,22.678652976884845,176.89115810824447,0
1697,22.908495205278353,178.11675528423302,0
1698,22.582125194531578,173.88138978772798,0
1699,22.74005209509796,171.62051946259618,0
1700,22.63614764345901,180.5344012845157,0
1701,22.68953755657315,169.62031254133265,0
1702,22.74295230206704,169.91685424672332,0
1703,22.548241384503093,175.88781147758667,0
1704,22.755852771952178,179.06345917776028,0
1705,22.891778073416205,174.753267079502,0
1706,22.705912379946103,177.17867900739816,0
1707,22.765617181105984,168.1895529767729,0
1708,22.82947450589235,172.67455943399878,0
1709,22.737015785188056,168.54762399673953,0
1710,22.706309589417526,176.5070133522999,0
1711,22.573384843731773,169.52043954437886,0
1712,22.809383344951243,170.32507004466308,0
1713,22.75171389341682,175.6970352930651,0
1714,22.68241885185371,177.33690589090585,0
1715,22.776230373044026,173.6710417522613,0
1716,22.72208013389993,175.85501694069305,0
1717,22.72917521558678,175.75445741335065,0
1718,22.822630127014396,173.491445975061,0
1719,22.66973652226271,170.85028392475252,0
1720,22.863275338232302,175.8257886162511,0
1721,22.670360909318067,175.9671557147931,0
1722,22.731848030839366,176.8067363455402,0
1723,22.94139080153588,175.05769717120864,0
1724,22.8804370380187,170.6128732118317,0
1725,22.80075308331762,176.18630880168817,0
1726,22.72040097641127,174.10810077536152,0
1727,22.756002728869518,172.66102773556267,0
1728,22.80691011543497,173.22236898404674,0
1729,22.806755949884128,172.03258178247287,0
1730,22.799192809150192,176.76700189117955,0
1731,22.8067066328104,169.84328402556272,0
1732,22.79473630074152,171.1143685477653,0
1733,22.699243378353472,173.1057462974502,0
1734,22.775998444538608,178.93059658778836,0
1735,22.893209080843853,177.24950529293008,0
1736,22.71329445810034,169.16150136783529,0
1737,22.810320965959622,178.13546572319848,0
1738,22.762631423964685,178.1271263525102,0
1739,22.839848197187536,170.55432255090085,0
1740,22.802579992860444,166.50949514463986,0
1741,22.95459465172454,173.85476813387962,0
1742,22.87966431541845,177.43630990704736,0
1743,22.736929874434523,178.84046691693356,0
1744,22.898310759953116,171.4518842091383,0
1745,22.7853806551978,179.3180289930709,0
1746,22.803935238621218,167.37606086625055,0
1747,22.877944441118395,172.95351329989924,0
1748,22.816244890221142,172.8038809495241,0
1749,22.92976067305017,177.51041259057706,0
1750,22.799120652945383,177.94623822957647,0
1751,22.814316676459864,176.91197188552272,0
1752,22.81407533114327,169.99566164587546,0
1753,22.8240881303383,176.63322055945895,0
1754,22.96003037429036,175.5705818542038,0
1755,22.92515613145664,169.02788610243167,0
1756,23.014406847293735,167.83872191999254,0
1757,23.061783261556975,177.1519462753814,0
1758,22.80067621459548,173.4959363643312,0
1759,22.891530383221774,170.17898472683675,0
1760,22.794565493900475,173.40835284166405,0
1761,22.829219067832696,175.12337039276926,0
1762,22.84378828697385,173.78111320022998,0
1763,22.812391132806887,169.37216847165413,0
1764,22.815582431316685,179.68329892307386,0
1765,22.890961774994263,177.0378243415157,0
1766,22.80793935188389,173.01762125251497,0
1767,22.975420436336716,173.1370937733355,0
1768,22.83740457124154,175.0995050286425,0
1769,23.138366033042892,170.63088473984547,0
1770,22.880266473308726,174.98652530721213,0
1771,22.924916373607008,170.02508675411238,0
1772,22.8183063854354,173.80451048611775,0
1773,23.061200689995403,170.5092687219318,0
1774,23.01705399030601,170.6596423800062,0
1775,22.954028675460762,178.950014301423,0
1776,22.825313521431784,174.18951731228404,0
1777,22.952694210754885,174.63309329667655,0
1778,22.848910293817166,167.97580951707187,0
1779,23.058397863375767,172.2180601397336,0
1780,23.008930399552955,175.3918591475856,0
1781,22.954616002759018,174.58983003246092,0
1782,22.754857531316762,167.54457128616707,0
1783,22.873881622846508,174.62735509348533,0
1784,23.010363686533456,175.1049394300559,0
1785,23.0551619303435,177.85591177715176,0
1786,23.04965376908288,172.03833628051305,0
1787,22.83634856931728,167.27726842740296,0
1788,22.990623661561674,171.01264838239015,0
1789,23.05053097004862,170.71129267423188,0
1790,22.83941355739142,176.21218268348656,0
1791,22.97423903150764,165.85145565350604,0
1792,22.99957008088582,172.65624651893307,0
1793,22.95639309069014,178.2783939146508,0
1794,22.83507311566122,174.02237759361094,0
1795,22.959982226044275,176.68946448308523,0
1796,22.962645821308282,169.07493398315367,0
1797,22.97977678034318,169.1942165145123,0
1798,22.949337277727626,178.31180962005112,0
1799,22.961766506608505,174.30366665893584,0
1800,22.99682349741224,174.30982308662743,0
1801,23.038188889529756,170.6455620773431,0
1802,22.981230867209838,174.30242743336612,0
1803,22.975605513023556,170.56237234911097,0
1804,23.018558067331675,177.56094033052386,0
1805,22.86028865107821,182.18400616416045,0
1806,23.054916746084803,175.45256336610603,0
1807,23.019500694752285,172.09616833753438,0
1808,23.02551279310666,166.40034090766696,0
1809,23.101987351870058,168.94827307506498,0
1810,22.87169435495814,178.66664154322805,0
1811,22.8728035376813,170.91491226102434,0
1812,23.05540483060924,172.89045599274607,0
1813,23.035721042093122,175.9694525115475,0
1814,23.052693971291845,178.45089903541344,0
1815,23.00489859898056,173.40586501906412,0
1816,23.097805497933727,172.79126241040873,0
1817,23.12205620630006,174.22080442904613,0
1818,23.088950999139573,172.12374730031053,0
1819,23.03215284364763,172.28596362473957,0
1820,22.887190027986147,175.24386314407417,0
1821,23.120129454345076,174.56493996880022,0
1822,23.15911351579886,180.40476501999157,0
1823,23.115723812421805,175.32742029037934,0
1824,22.99657088047645,177.46527627371185,0
1825,23.123628145691548,170.798990930399,0
1826,23.14134844079514,175.58936619707717,0
1827,23.199991950478736,171.8460391816992,0
1828,23.007977525869084,175.20247292654292,0
1829,23.062728670982825,176.0828278590392,0
1830,23.1434045347056,174.16810252960565,0
1831,23.09099229027987,181.24172609149085,0
1832,22.99978893760096,178.30498215182834,0
1833,23.12511902319643,177.55411373952964,0
1834,23.141016105350413,176.31661218464544,0
1835,23.104532506430598,179.31525288774216,0
1836,23.11783338102584,169.71572031997388,0
1837,23.082340005127193,178.13897628500413,0
1838,23.22406742706298,171.05593364423407,0
1839,23.036517083250427,172.33822979222947,0
1840,23.064352819746947,175.71704595997537,0
1841,23.114981988046612,177.73419150073354,0
1842,23.187182745066,170.57550437222304,0
1843,22.999838421147402,172.50034377228587,0
1844,23.017564929045996,174.33235962390154,0
1845,22.962129291413405,173.4824912441833,0
1846,23.13052056817373,176.60555213212888,0
1847,23.041196304416776,184.35314631201572,0
1848,23.102650988571447,175.30527391769078,0
1849,23.18907785452416,171.84371160473557,0
1850,23.08759512447092,170.16180583984013,0
1851,23.160170354075138,173.07763977504734,0
1852,23.12046828358031,171.234763299085,0
1853,23.20093022569789,175.46031451731338,0
1854,23.18791529705642,175.41592296105333,0
1855,23.097292500607267,172.67258706550712,0
1856,23.141895340703943,180.01923104357343,0
1857,23.24162534412094,171.8603390498133,0
1858,23.1923324865371,173.71074347545337,0
1859,23.05183987685334,175.98892099859077,0
1860,23.218778797547916,176.75003463773865,0
1861,23.08229098736941,177.90907709359837,0
1862,23.28478930733053,175.36435513853888,0
1863,23.256442500304516,177.23416255930502,0
1864,23.200429636169044,172.08869926149313,0
1865,23.192539470949985,176.84090952670266,0
1866,23.16595811560633,176.80353149354056,0
1867,23.23968023890733,178.6307249757259,0
1868,23.15845143692511,169.08951837549893,0
1869,23.20967235571406,171.37607887949957,0
1870,23.26329226580129,176.56989346271817,0
1871,23.151301385220993,166.1492598779998,0
1872,23.14965649053263,175.58229501699293,0
1873,23.106106248136534,177.2886533433268,0
1874,23.11919878665854,172.3831182733952,0
1875,23.060783611166695,172.82471831724487,0
1876,23.268137646033935,170.89596091054997,0
1877,23.357158057356067,172.55685653977773,0
1878,23.329162171969834,172.64695763038415,0
1879,23.087737438542337,172.0793448190713,0
1880,23.278498258378093,171.91807986224367,0
1881,23.33696139282527,173.3213860187461,0
1882,23.189328367015207,173.28841360642005,0
1883,23.23666648837598,179.76348861231455,0
1884,23.0705939934912,172.96194399901648,0
1885,23.25523625721632,175.1803967255245,0
1886,23.15148166168046,172.42078393542377,0
1887,23.25520343523779,172.38617235065655,0
1888,23.116999678825245,169.04541496956315,0
1889,23.287984901928695,169.44803478071262,0
1890,23.329174609534093,170.54478563865493,0
1891,23.18721354587257,174.72055792244953,0
1892,23.161565423044845,177.40171528639596,0
1893,23.08268560403446,168.8169675785022,0
1894,23.236499473458395,172.5335375042451,0
1895,23.213927008823198,170.08394241370843,0
1896,23.13901176440302,173.39566975082758,0
1897,23.301970406011936,177.4197358371816,0
1898,23.232363625251033,172.8557462785208,0
1899,23.18493145950461,174.05784847129948,0
1900,23.2292503222093,178.57013023144253,0
1901,23.361942922313197,175.5822332102411,0
1902,23.32709259335787,171.9323799218028,0
1903,23.271071233803884,174.6935660831075,0
1904,23.3336139714037,171.73837756500717,0
1905,23.193821403125302,175.4867146194861,0
1906,23.291889264123835,175.775572604923,0
1907,23.30368721390901,170.1323961526395,0
1908,23.25691272146784,174.76368613809566,0
1909,23.33193093531678,173.88992023422645,0
1910,23.237250598361175,175.88111378230715,0
1911,23.34305828607686,176.7456037562835,0
1912,23.34900500280272,175.6884318271814,0
1913,23.07406346767208,173.35106273441372,0
1914,23.40523692544249,177.065231973802,0
1915,23.0687742975632,171.65069200432612,0
1916,23.265869605628268,170.31299204879383,0
1917,23.399746155248444,164.6934149124036,0
1918,23.294896288025324,174.073608257267,0
1919,23.20554135848435,171.82418711700143,0
1920,23.23789034952331,175.48692433045514,0
1921,23.410090886778907,168.38485229745257,0
1922,23.17676318141574,172.36191148145008,0
1923,23.423343921885284,175.71920854984043,0
1924,23.331153498033558,171.22388110089554,0
1925,23.242702982957166,175.54618946886796,0
1926,23.293974227467842,172.6524200618306,0
1927,23.261770159434384,174.2301704478788,0
1928,23.41496661511027,176.11921579782566,0
1929,23.40677910427889,177.1973180851768,0
1930,23.213164026721177,174.62162828740875,0
1931,23.32091731275185,171.90738297098218,0
1932,23.2866532903604,172.9805987991357,0
1933,23.461688067747765,176.2709216983404,0
1934,23.25269410310143,171.30167373698393,0
1935,23.49153072816644,173.83665219454448,0
1936,23.3630147624856,173.2186557679642,0
1937,23.275205075316673,174.07171733583016,0
1938,23.31645489337515,171.35948822727266,0
1939,23.308979805010438,168.83707435619007,0
1940,23.273607778067472,175.96074528889574,0
1941,23.385626760673674,177.29656013160738,0
1942,23.282266123200873,169.03332776199224,0
1943,23.208524189653428,175.52235620485473,0
1944,23.35502882161352,177.67088982920603,0
1945,23.24361920048364,176.21487582305542,0
1946,23.330114857865585,173.18297194057826,0
1947,23.31999477180384,171.60837131690698,0
1948,23.32545620750532,174.68771072919,0
1949,23.55765621694926,175.19408580754134,0
1950,23.404512925373563,174.74414533839996,0
1951,23.422045638023818,173.92234908151238,0
1952,23.262715147589546,171.2208659181007,0
1953,23.354916081909344,175.7429919930804,0
1954,23.426858502291775,175.89363449931014,0
1955,23.330068146895,175.08971911549165,0
1956,23.487066634979943,174.82645318110988,0
1957,23.32059197860038,179.53747795704862,0
1958,23.396279433906848,172.63288808624245,0
1959,23.374680505199297,178.35666233357827,0
1960,23.437081064137114,172.31665384647886,0
1961,23.37506181510815,177.85198675397942,0
1962,23.40698994581752,178.23168299042896,0
1963,23.412126220663254,173.65890951499495,0
1964,23.374615547634885,179.5274725079001,0
1965,23.474518737491792,175.95824861728778,0
1966,23.457121648781033,171.92591859082953,0
1967,23.433295476447743,173.44189838895397,0
1968,23.408276572717718,177.96932460352383,0
1969,23.508760014841844,177.34693851341595,0
1970,23.428487583271462,171.41036708976299,0
1971,23.42513091925563,174.17349736075505,0
1972,23.460348805131,175.20865631991637,0
1973,23.59000193068015,173.08212870272462,0
1974,23.34934235750585,181.68523371556046,0
1975,23.520449700525266,175.31975478101984,0
1976,23.30969216003679,174.4402928658544,0
1977,23.480806790532434,178.2052852937461,0
1978,23.591705002334532,173.54413106551647,0
1979,23.507059621947157,177.66913074935087,0
1980,23.48387820811716,169.65076366812082,0
1981,23.427648576591693,173.3001482946577,0
1982,23.477218885322046,177.81550785920203,0
1983,23.45681487474022,179.38611247941333,0
1984,23.41634075017796,172.3628913855947,0
1985,23.458261969283647,172.0206092665658,0
1986,23.499549784740015,176.3997455105792,0
1987,23.42452330629618,172.83567292234483,0
1988,23.42361358546624,173.90644553434385,0
1989,23.38150616791501,177.34883528446468,0
1990,23.523787182347636,173.09479077918616,0
1991,23.53835257724341,168.8383333230807,0
1992,23.515451059761567,170.83890661291917,0
1993,23.5763173167858,174.77961205559393,0
1994,23.508312460058026,169.16709721636857,0
1995,23.53481718782913,173.87354270567124,0
1996,23.529930436182887,170.5964275845469,0
1997,23.500461209008357,179.7002631568028,0
1998,23.46747344554858,181.28363869766787,0
1999,23.689219968851315,171.62142010452834,0
2000,23.47807400936095,175.5741236174071,0
2001,23.463095933289523,171.93050816088854,0
2002,23.553216706726513,173.89167989019583,0
2003,23.54076772703628,180.23797752540568,0
2004,23.41035315938326,173.4354821947969,0
2005,23.614661483557505,173.98544914427993,0
2006,23.519416002066876,172.02402276397504,0
2007,23.440175004641663,178.2982630198043,0
2008,23.626243699270102,165.07801433146486,0
2009,23.58328002192725,173.54757720209454,0
2010,23.43414112573125,174.7465007314691,0
2011,23.67955109867901,172.90915193491006,0
2012,23.592145699536275,177.4912803652723,0
2013,23.540685086496126,178.5150205620224,0
2014,23.670770547858954,170.68114993306864,0
2015,23.558342510756372,181.20609303108856,0
2016,23.54539103873463,170.66425597392737,0
2017,23.496845999361778,178.80835859080156,0
2018,23.598243670133105,175.40041840393525,0
2019,23.591842776482245,173.4483353852649,0
2020,23.556901107558375,173.73987580329995,0
2021,23.49453317397424,174.87601062499263,0
2022,23.570125060743976,175.6104094173817,0
2023,23.55613853953516,172.23333398367302,0
2024,23.45702942247214,174.30065268270425,0
2025,23.447940436843304,172.69916385740194,0
2026,23.612868859533997,171.37477770820618,0
2027,23.361469771588663,172.57676927816476,0
2028,23.588010985863143,171.5875926562663,0
2029,23.53528184150008,173.78589799722113,0
2030,23.680131568821313,176.35266758467316,0
2031,23.537930725746378,175.4262879544087,0
2032,23.632096226290127,180.99613907517974,0
2033,23.549506629477754,168.45072732574937,0
2034,23.592274754216017,176.49912459409242,0
2035,23.64402988376894,175.11941138460298,0
2036,23.549979434296336,177.5562442527446,0
2037,23.668602060455658,177.2677449159265,0
2038,23.511268442332188,174.63252358824363,0
2039,23.616211104434072,175.6546356244507,0
2040,23.668327038204943,172.91369039499486,0
2041,23.649183799089517,176.99618750515495,0
2042,23.751554062537657,169.52780215014081,0
2043,23.539013710319516,177.50422550432742,0
2044,23.49159998700869,175.113574816145,0
2045,23.52422085549861,173.73129101036037,0
2046,23.65843144984528,174.50429245073727,0
2047,23.647250880609455,174.73375115623077,0
2048,23.61741117880118,179.11273177329633,0
2049,23.521200258979142,184.93081486942046,0
2050,23.674184937961506,178.89949243070376,0
2051,23.516650436662776,173.55348130449073,0
2052,23.709126560810784,177.14841539860168,0
2053,23.84678193264907,177.28870118130803,0
2054,23.64927168268907,172.50290770089032,0
2055,23.668365420018198,171.5057005230535,0
2056,23.584041590433532,175.1079964692946,0
2057,23.48039931224811,177.73073513356192,0
2058,23.578737216818254,170.48199275316574,0
2059,23.54125389525242,173.16456127741495,0
2060,23.514648236772178,177.0550793582294,0
2061,23.7699128052602,175.47219638077834,0
2062,23.655660716126214,179.60577960343795,0
2063,23.665906702877454,171.1328214029712,0
2064,23.612502145203656,182.4334153436936,0
2065,23.62507872144236,170.77297167685052,0
2066,23.717749151338133,169.3095179326234,0
2067,23.639667010657273,175.23036238054954,0
2068,23.68637055292671,172.01384704345412,0
2069,23.62988790588744,175.31111135504295,0
2070,23.619841364241395,175.2163835695358,0
2071,23.536297921943312,174.86045869972384,0
2072,23.49226068384825,172.9307965694991,0
2073,23.631177284497532,176.76627758402796,0
2074,23.65823565402756,174.52660830188867,0
2075,23.552431232494488,178.79995576739043,0
2076,23.65416137810419,174.95821682463233,0
2077,23.662809299866794,172.61579458777226,0
2078,23.487610158137887,170.4570392507575,0
2079,23.58845448666129,175.01430736610516,0
2080,23.69581116954287,171.73351733304776,0
2081,23.695752273771124,171.5017714323952,0
2082,23.5740429992561,177.1445853575693,0
2083,23.680554134650706,170.2397900984492,0
2084,23.75120402879601,179.81999761228033,0
2085,23.73310229107561,176.0732140965725,0
2086,23.664830419835432,175.47321471420085,0
2087,23.63652381253977,172.51115257411584,0
2088,23.62511478165485,177.91930512450034,0
2089,23.714380115534823,175.62824125199938,0
2090,23.694046794776572,173.58946384570388,0
2091,23.730266474877666,176.25805541482404,0
2092,23.69193145236413,170.6210822650917,0
2093,23.74834175384806,170.77434422448565,0
2094,23.691858810765023,172.33068395751764,0
2095,23.748508937852222,176.75077014228123,0
2096,23.756833739173864,175.7033889567848,0
2097,23.624231491185167,178.871106683116,0
2098,23.545359411616147,172.97523360025633,0
2099,23.81489927004413,177.47027017895937,0
2100,23.713353021484533,175.41574765569487,0
2101,23.557053491055452,172.9393454626075,0
2102,23.638490383826678,176.93555479527572,0
2103,23.75872099228574,175.59277587063917,0
2104,23.67596351532522,173.9146623744836,0
2105,23.658730852165988,175.9392545023822,0
2106,23.81311589286013,175.43593206263392,0
2107,23.61860340863168,175.37475361264012,0
2108,23.639866589672906,174.60936150704518,0
2109,23.721953679655858,171.94364694191248,0
2110,23.73759446885145,176.09416879352207,0
2111,23.747372222919324,173.47313771934844,0
2112,23.78186190695049,172.8317307614957,0
2113,23.72613859776364,175.1820825068905,0
2114,23.75068381374811,178.117754418763,0
2115,23.69206847860549,176.48403604987527,0
2116,23.719084519020637,174.34531755683128,0
2117,23.723926123875785,174.2362824987948,0
2118,23.733777259057053,177.86936470550765,0
2119,23.779609880346083,168.78334953365712,0
2120,23.763446891594917,178.3773113294453,0
2121,23.72379237735377,170.37485607378136,0
2122,23.656735942328808,171.7623941471049,0
2123,23.72808193493566,174.4775622082718,0
2124,23.721620219181155,182.5425012368506,0
2125,23.740500756014377,181.0761831894424,0
2126,23.90274400739756,178.17521179262684,0
2127,23.685487064954355,177.1372261094156,0
2128,23.76233005017497,170.49264547202196,0
2129,23.815173058317363,176.56165513706154,0
2130,23.73867651924203,174.45564715433898,0
2131,23.91899534381363,173.66526147821543,0
2132,23.702847040311276,176.59166314358026,0
2133,23.76013083833279,174.72593478325723,0
2134,23.67140381181275,178.7592008484916,0
2135,23.70828190395049,170.35550168527848,0
2136,23.75740523410253,176.40049032854583,0
2137,23.806272498675003,173.55028067735302,0
2138,23.765164413611735,174.9708072774876,0
2139,23.841425655794776,177.12576248574146,0
2140,23.734149858806017,172.87215406587077,0
2141,23.716215179117608,176.72899437778457,0
2142,23.960139997292952,175.61152944635796,0
2143,23.776383664645387,174.27905528065264,0
2144,23.688300517294124,174.86139586029736,0
2145,23.691323240217915,175.82178063058024,0
2146,23.672446147954304,173.99427521146586,0
2147,23.82377317705972,176.33144199471565,0
2148,23.720675408162055,175.48802781308393,0
2149,23.760983416260164,174.5011343810025,0
2150,23.746673402673665,181.1169581276566,0
2151,23.811224007798657,177.6056256616729,0
2152,23.685906434799115,175.22426861295688,0
2153,23.668532343466637,176.82251088326547,0
2154,23.77344488076451,173.31701823772417,0
2155,23.804491603255443,175.0997375762403,0
2156,23.783921993140368,175.46241839889157,0
2157,23.693458429679882,172.69489189285812,0
2158,23.81329959668291,177.60998307118794,0
2159,23.700468767052072,174.94375446953535,0
2160,23.719122121453214,175.40688848390295,0
2161,23.686187232215953,174.77984898943225,0
2162,23.86664520212652,185.3760245037926,0
2163,23.81406598609521,174.52367544355897,0
2164,23.812622159752184,170.31828210428642,0
2165,23.864820718461825,171.7373329469001,0
2166,23.99086753788475,178.82787635582665,0
2167,23.62991997125929,180.57218983688313,0
2168,23.70838105316188,174.53032701977486,0
2169,23.718940941807592,180.4254779045008,0
2170,23.70094378696004,178.82633257797863,0
2171,23.68356773501513,176.04607916085888,0
2172,23.746557808313696,175.8461608815756,0
2173,23.673948026164133,177.18311370594344,0
2174,23.79881658498084,179.28589681258276,0
2175,23.776876526745543,177.85846229866743,0
2176,23.81194100406466,174.64922579914386,0
2177,23.814785612516637,176.17012442342084,0
2178,23.82310707717704,182.649653456177,0
2179,23.7456835649702,177.47264458905673,0
2180,23.94592805323149,179.34014207055768,0
2181,23.795661913246278,178.36500574176898,0
2182,23.628570020252855,177.5786313091272,0
2183,23.698030642906218,177.09788429077207,0
2184,23.6396228831763,179.47721110610095,0
2185,23.780882822160294,178.95423961043838,0
2186,23.770375065520184,177.60328895692615,0
2187,23.74325935371904,174.7436384175112,0
2188,23.942211911659378,177.99494164366536,0
2189,23.82585134535503,176.65060232065687,0
2190,23.840605949502752,175.94024087766908,0
2191,23.70860803197398,184.91474050512562,0
2192,23.703728608372995,172.27468402063775,0
2193,23.787161379625132,179.78082318746218,0
2194,23.79860469545153,174.3307396548895,0
2195,23.636796821388973,177.32582795156787,0
2196,23.77140523875499,184.65151406276834,0
2197,23.787474045949523,174.07217547646286,0
2198,23.769645243389018,174.8012162926281,0
2199,23.72228525338766,176.93386558968496,0
2200,23.744683387856075,174.45834912710592,0
2201,23.774177583300972,179.66578281334523,0
2202,23.79606083154521,175.42365968121567,0
2203,23.837641055889623,179.0029315136442,0
2204,23.87617750845446,173.06701008290892,0
2205,23.76660285459393,171.64777804455557,0
2206,23.754090209468014,176.39503278059993,0
2207,23.82601755872035,172.3901993695165,0
2208,23.84028545968326,181.66428469368606,0
2209,23.757084950065522,172.53384236697957,0
2210,23.855445933150552,174.02398737543027,0
2211,23.870965099669633,178.39172131720025,0
2212,23.896307349453927,175.40560356059964,0
2213,23.93560260244406,172.6233846840523,0
2214,23.72437846995883,183.31231359465244,0
2215,23.79514877805966,174.2014114685706,0
2216,23.795274622214723,176.63145036679117,0
2217,23.786852326997717,176.60657619246913,0
2218,23.74307330175967,179.37903012899383,0
2219,23.676475810919367,178.64912783661032,0
2220,23.80303187197694,174.7956538883697,0
2221,23.734436114299196,176.3125805657987,0
2222,23.803061398445273,176.62331870767918,0
2223,23.732926088346556,179.56500677056894,0
2224,23.70873485122523,173.82722318031463,0
2225,23.815699627303548,183.40059952895334,0
2226,23.809268009544123,175.08281481848618,0
2227,23.843765660470673,177.34823200453613,0
2228,23.972511303094944,173.90864508468633,0
2229,23.820034744276438,173.50828747595565,0
2230,23.836857781572988,174.79364819191736,0
2231,23.71203626832425,174.5195503784793,0
2232,23.695468787499706,176.20255317814508,0
2233,23.92521821808088,174.52265089291737,0
2234,23.72487422895092,179.5604423836777,0
2235,23.71538810208617,175.1390898888203,0
2236,23.795916996175823,174.82086876608184,0
2237,23.791961062762383,176.3376994445996,0
2238,23.727097743563625,180.50943048445822,0
2239,23.77501247563145,178.1898671034585,0
2240,23.897862719027287,177.2605115518828,0
2241,23.735125759586044,173.2748041169215,0
2242,23.68819429328299,174.1601879604731,0
2243,23.87516868149693,173.7674749626124,0
2244,23.83920829973492,181.53766632720837,0
2245,23.75023666647322,179.22322623108934,0
2246,23.67334865791729,175.06111577360605,0
2247,23.740386266977325,175.9673189417939,0
2248,23.795604149616377,175.1990359525754,0
2249,23.89324889331694,175.03181137609238,0
2250,23.717073442010427,179.08480249945802,0
2251,23.793233535605317,176.85581086124785,0
2252,23.853992077355908,183.97645851198158,0
2253,23.609454748282655,181.49858604619928,0
2254,23.882624912642555,181.69051432594532,0
2255,23.705282110348598,179.79072629978538,0
2256,23.826384186256433,176.5232754723704,0
2257,23.819495843793806,179.59923778493842,0
2258,23.88645500334939,176.77399453357614,0
2259,23.843679198764068,182.72596319325925,0
2260,23.60932942227688,179.06263045187796,0
2261,23.736627993356016,178.6515453774741,0
2262,23.81035467442735,178.26036892461298,0
2263,23.78357806494299,183.11465139112843,0
2264,23.83725376825369,173.60731671455875,0
2265,23.862052952257237,183.4381611405412,0
2266,23.847428750259958,177.37958041012388,0
2267,23.781449866934654,173.734353212421,0
2268,23.650714421852978,175.71094328359908,0
2269,23.761802674725253,173.02993695904846,0
2270,23.831360692058976,179.9581290813543,0
2271,23.71061580157553,174.89709381818503,0
2272,23.848144180191262,178.53280311818258,0
2273,23.87009456654638,181.44429218450102,0
2274,23.80734364550327,176.0404447051127,0
2275,23.551853369168402,177.26705212910784,0
2276,23.694460449875834,174.17614431446353,0
2277,23.94734470436695,176.9360668700569,0
2278,23.752458896543196,185.8381161400157,0
2279,23.63717310921271,180.4647647362268,0
2280,23.894437307359443,177.3517067770695,0
2281,23.796389218501346,176.3257794228673,0
2282,23.883409574445096,178.04790144747776,0
2283,23.816854906497866,178.58092449691392,0
2284,23.831057137382203,176.94854612502618,0
2285,23.82307766113022,179.81092813745994,0
2286,23.849490826005262,175.37541557842496,0
2287,23.97553136579096,175.37561461402976,0
2288,23.870652939077967,179.3763955894838,0
2289,23.666171126949514,174.77492742294,0
2290,23.82794737621557,180.48295969036408,0
2291,23.88313944617449,178.26813302238514,0
2292,23.887633930893283,172.84232570761299,0
2293,23.756876706192877,178.66964071767893,0
2294,23.883778260772292,173.30080481407845,0
2295,23.864370064440205,180.45144332977654,0
2296,23.99551040701597,177.6403380885566,0
2297,23.729257590385696,183.95486856020577,0
2298,23.74820478354437,181.63070023332557,0
2299,23.76383679491,175.2498408223728,0
2300,23.748628430406665,172.38486613786063,0
2301,23.716154826394305,176.1969599908279,0
2302,23.56584313619681,174.81367652400004,0
2303,23.751572321421794,183.96986559978282,0
2304,23.815378445358945,178.4769166991704,0
2305,23.745843999117657,181.32333665437554,0
2306,23.93959461896168,177.6832171916321,0
2307,23.785287004714647,178.01454717015983,0
2308,23.886942524094206,178.4709181870018,0
2309,23.804007544027748,181.90367663912227,0
2310,23.848630665378508,179.53420208388835,0
2311,23.804272039743562,175.44260502000452,0
2312,23.89084059321962,183.49743719359532,0
2313,23.78520855756159,177.76674590182645,0
2314,23.819809140091554,177.29393893230434,0
2315,23.808802686520192,170.1872994831239,0
2316,23.75580028564834,180.59433932510476,0
2317,23.81061928808149,179.00951260313224,0
2318,23.95631970015865,179.02159465215587,0
2319,23.755275668560074,177.52869542773973,0
2320,23.809793772449055,177.0268763346951,0
2321,23.876178595985664,177.6591575386441,0
2322,23.866086791378446,180.17275884124274,0
2323,23.775104649803126,180.71601529497497,0
2324,23.58278761464698,178.12096119260144,0
2325,23.814076886523132,181.6762705508535,0
2326,23.594455254888004,178.60794565779213,0
2327,23.888871301862586,177.34760699655894,0
2328,23.784087963133587,179.47095883720775,0
2329,23.849748316413187,174.81298642430312,0
2330,23.69684046569617,179.60474177428486,0
2331,23.64403435067755,174.29548919186172,0
2332,23.78831153036334,175.8543106781312,0
2333,23.763969784375615,172.89688066988816,0
2334,23.72653233193308,178.44307454030906,0
2335,23.77181670722905,183.81280408383313,0
2336,23.985617561060455,178.64815753645908,0
2337,23.830154306602545,180.9456350588862,0
2338,23.846512422703423,186.087318765317,0
2339,23.829218465517982,180.2580494162201,0
2340,23.879202184544297,176.76575707599454,0
2341,23.744771907387666,177.19420517255577,0
2342,23.594719904701574,179.0944097031857,0
2343,23.743127837367187,177.20928146083568,0
2344,23.822258264892277,177.44924082918524,0
2345,23.678830828870247,182.0948059958314,0
2346,23.741391820150838,182.23306145069114,0
2347,23.699236546917895,174.22946929687768,0
2348,23.873808302377288,176.7311980116935,0
2349,23.812661176395906,177.8092588081005,0
2350,23.80387734628024,181.01410968517544,0
2351,23.80052252325732,182.6616458577071,0
2352,23.746845651389343,187.3539044014358,0
2353,23.76465213119338,177.86656737030992,0
2354,23.653045774674226,178.03199282396602,0
2355,23.571948982897716,181.06048566216612,0
2356,23.75786553140001,177.2637269401782,0
2357,23.770763873191797,178.90309772095924,0
2358,23.84056235418463,178.0964798071031,0
2359,23.86849552679132,171.49224770840422,0
2360,23.867346962453347,179.7425289108487,0
2361,23.660854580384488,178.84137038732132,0
2362,23.71145562409387,183.21777465230886,0
2363,23.776994917360895,179.43618504481435,0
2364,23.940042895490173,175.6711076851464,0
2365,23.854811819059066,178.67669366908103,0
2366,23.824860044364055,173.19338568939145,0
2367,23.70318066410324,175.84952829961352,0
2368,23.662434213157383,181.4044508444651,0
2369,23.79508036495052,178.77156619605017,0
2370,23.64278346497533,182.29677014412712,0
2371,23.710621184859395,173.6442298092197,0
2372,23.71936469272479,178.83318662526295,0
2373,23.85482185436748,178.14970058924965,0
2374,23.697846198589552,182.45945400384812,0
2375,23.529906258543512,181.625869529119,0
2376,23.764217213785816,181.550013333089,0
2377,23.666746486042328,184.26316523743654,0
2378,23.72487650307911,178.5503545103829,0
2379,23.713318641054386,183.67554142642746,0
2380,23.69713891737391,176.5533658099031,0
2381,23.78103394228224,176.45903850749096,0
2382,23.593940217923315,181.97560101023714,0
2383,23.673962251475146,175.21883055664387,0
2384,23.768791687811092,181.46704296288166,0
2385,23.663678437323146,180.06838068660957,0
2386,23.58282856189144,182.99569593372527,0
2387,23.76373673556966,179.61750400212233,0
2388,23.798810433820297,179.9796822844178,0
2389,23.704065163560625,181.35503126456513,0
2390,23.54949042640958,177.85498965997343,0
2391,23.7615203413879,177.74002248852767,0
2392,23.570927827779716,181.29763380023013,0
2393,23.727090322490238,179.80218698423147,0
2394,23.630048238055718,178.68381434421622,0
2395,23.60690862285016,179.67311012747894,0
2396,23.662984860449473,184.72084781881753,0
2397,23.68230724438197,178.62382137444803,0
2398,23.64405928357326,178.55252537716544,0
2399,23.741308624952357,174.861959380688,0
2400,23.657134772750844,179.87294118552865,0
2401,23.76983511129671,181.98635847904566,0
2402,23.712504788617284,182.54001013003113,0
2403,23.632789045075448,180.37177621022386,0
2404,23.617892726837947,182.93033142394012,0
2405,23.553934136637892,182.2722287790688,0
2406,23.70755006235775,183.43309459294773,0
2407,23.654473634040155,183.0628575548093,0
2408,23.491605905069356,184.83558910762187,0
2409,23.637056964567936,179.63227908930293,0
2410,23.606355754584744,176.1758875627627,0
2411,23.803008740275704,182.16391994526583,0
2412,23.539240051450147,182.5301241224371,0
2413,23.558653853626996,184.91415028315643,0
2414,23.761250854245002,184.06373332074847,0
2415,23.77947750695346,186.0719762621481,0
2416,23.60981281566912,182.1108158633548,0
2417,23.617311424786013,180.95337900394563,0
2418,23.715635824292345,176.12768934028063,0
2419,23.47861959166384,181.2226178467542,0
2420,23.514334563283587,178.65650566684369,0
2421,23.639205787351592,180.96423111977208,0
2422,23.784082043912967,180.50892372068637,0
2423,23.623650687774216,181.77626564336617,0
2424,23.664994310645774,180.08475098856033,0
2425,23.746024777236315,183.19747934757862,0
2426,23.822266697330353,172.23862880536632,0
2427,23.60595435873098,180.99374264106052,0
2428,23.649133670938948,184.04689852022346,0
2429,23.794615472898887,186.06523896351482,0
2430,23.525437653484644,182.66663858952228,0
2431,23.727774735359347,185.54106155183646,0
2432,23.56244979529583,181.00887504727012,0
2433,23.650451769521144,180.52630592256872,0
2434,23.621175572966965,182.12161271088192,0
2435,23.562267479981738,180.5394268633072,0
2436,23.558575780206695,178.217577475859,0
2437,23.657644845568633,179.034565445399,0
2438,23.71347486093717,177.25945978023336,0
2439,23.62174511364547,182.19667801936603,0
2440,23.636017655584034,180.66134621710736,0
2441,23.674379439843605,179.56193217560894,0
2442,23.549225264019633,178.9583545960344,0
2443,23.684391778608088,182.1891857331681,0
2444,23.689017819709957,183.03096744478742,0
2445,23.83000687306561,177.31368239523147,0
2446,23.589867255718577,176.85776702368102,0
2447,23.58154031466443,183.59994260770515,0
2448,23.677927863946532,176.62659968592004,0
2449,23.68015515238779,182.4100414092773,0
2450,23.57002858222505,185.63388474958234,0
2451,23.57878380875331,185.65643244133872,0
2452,23.65252111308683,183.0279112065021,0
2453,23.54121030660913,182.95628180294267,0
2454,23.572753325480203,187.60112974221485,0
2455,23.610935085567693,173.85776874326578,0
2456,23.681607021902362,179.48349114313257,0
2457,23.551720966410006,183.43751015061136,0
2458,23.45084771543637,179.89570389795745,0
2459,23.443053002344833,184.64242394505783,0
2460,23.493762815045425,180.82054460931082,0
2461,23.487590259573405,181.34934970915296,0
2462,23.578395411811115,180.14559893388235,0
2463,23.493767257407978,179.41758820298898,0
2464,23.530763494816604,179.35928259085367,0
2465,23.52315609049677,181.82959591360446,0
2466,23.54793427306929,178.70787970420784,0
2467,23.68706008329863,183.90665976043582,0
2468,23.632293296304415,183.02218621572595,0
2469,23.57869853570077,184.37621381446868,0
2470,23.538589737824456,177.70664008497388,0
2471,23.538869873590546,176.01042467985596,0
2472,23.5977978613024,181.11173062061906,0
2473,23.61635436266098,189.83611558974866,0
2474,23.495047188741168,184.95375813343915,0
2475,23.568603885398375,179.50720300657662,0
2476,23.401177802477832,182.4594804455688,0
2477,23.578659545129774,183.38409874645612,0
2478,23.620702611767385,177.11155904994047,0
2479,23.535326592133185,185.3409787879684,0
2480,23.701048856058406,180.74519776444373,0
2481,23.48321546330144,180.99078802510425,0
2482,23.569090868212797,181.34953629595142,0
2483,23.546804028910262,184.7271457337771,0
2484,23.53961387134748,179.04331297377502,0
2485,23.53645291460962,176.20327459577564,0
2486,23.55212144580997,182.30836657476584,0
2487,23.609337475223224,175.22383334269523,0
2488,23.64966080896896,180.4667944352573,0
2489,23.537196451898062,184.94601631914193,0
2490,23.60052977086082,183.13795389366166,0
2491,23.47708462049822,184.5430095138309,0
2492,23.59241740633989,183.29225484107997,0
2493,23.46809017035276,188.67745383134846,0
2494,23.614204362981994,179.6969711877457,0
2495,23.701698493383866,182.67131478919893,0
2496,23.51296977215437,180.17777790935116,0
2497,23.34521589454809,184.37775247059307,0
2498,23.47465008619092,181.33782303935735,0
2499,23.614916160922302,186.69427087713012,0
2500,23.55847623071125,179.9604664044092,0
2501,23.53200084748197,185.78946123608267,0
2502,23.59063266027534,183.36265689142417,0
2503,23.54654068570169,181.50100088205375,0
2504,23.603041457127972,183.2408459372714,0
2505,23.57701020697163,182.41243586177802,0
2506,23.623019085310524,182.71161935291005,0
2507,23.52780736408001,181.0382434397207,0
2508,23.569338976342163,179.5691811135704,0
2509,23.470156550439178,180.68381178053647,0
2510,23.444412315335807,176.65465713437885,0
2511,23.626867054155902,184.24499231396467,0
2512,23.50541250522683,178.0286988651404,0
2513,23.55029111704762,181.09628119531033,0
2514,23.49357849304281,183.70837707583692,0
2515,23.43453076644804,184.29743960115314,0
2516,23.48009751021906,176.4702889430248,0
2517,23.59185942139391,181.53368353399173,0
2518,23.519154315225315,183.20343246389942,0
2519,23.335566681317502,181.99520479637454,0
2520,23.453008645307886,185.8863268392703,0
2521,23.61054964340615,179.4036140563607,0
2522,23.448594627177837,175.73683134523384,0
2523,23.31938664253541,184.32983985339507,0
2524,23.61258976376964,180.30249749693297,0
2525,23.51345254986586,176.65301499906099,0
2526,23.450969825442524,181.46796733748948,0
2527,23.424561577155917,185.65003283379164,0
2528,23.53856175712329,178.18344202699342,0
2529,23.40630803026361,188.99601519261722,0
2530,23.539214836737877,179.48919637179264,0
2531,23.488412115258186,182.27867381515804,0
2532,23.462287793433667,178.3750302679289,0
2533,23.452025776494843,182.17203090622007,0
2534,23.424053135856905,181.66071470223767,0
2535,23.51936243762876,177.6082206354717,0
2536,23.364139141658043,190.5689131907836,0
2537,23.301262617859074,180.62013638389806,0
2538,23.477816645814595,180.63746139075747,0
2539,23.476800087101957,185.0426433363959,0
2540,23.462354703587508,187.59297234731721,0
2541,23.454182905966785,185.54417556293876,0
2542,23.39354549450906,178.57596701375812,0
2543,23.479806321823304,182.83586189713432,0
2544,23.41077695735814,176.56462986895306,0
2545,23.37306137506283,184.92845986902609,0
2546,23.384682986916026,177.33236227986347,0
2547,23.568884308502362,179.842889456524,0
2548,23.266028924733295,182.25744020881686,0
2549,23.442399005647854,183.61660015982227,0
2550,23.265671165790103,181.5132967240046,0
2551,23.388920501756207,186.8678560049641,0
2552,23.36046329445505,184.49481226528945,0
2553,23.225920739157722,184.27374038892174,0
2554,23.421410734545688,178.66581999366738,0
2555,23.357444651221694,187.46656683094182,0
2556,23.217466431876474,179.97369191097314,0
2557,23.450118933614426,187.60992251623,0
2558,23.495299861495337,188.47827183071246,0
2559,23.49725055927897,183.96403117026378,0
2560,23.40429376548083,185.53645915149306,0
2561,23.376793963358082,173.20600212820207,0
2562,23.476889357767554,181.88407890515953,0
2563,23.50275051465429,185.7898908828072,0
2564,23.456363837877007,185.27121555850465,0
2565,23.287869391613256,178.85278841092494,0
2566,23.376809620808736,181.64504876060133,0
2567,23.39336856181433,174.93135750518798,0
2568,23.210938785834564,183.7936542699087,0
2569,23.390753535003057,176.91889476484747,0
2570,23.532536263509613,185.97450010921247,0
2571,23.399379772761925,186.1454100712747,0
2572,23.463541645556926,181.18828615301447,0
2573,23.357781285132813,184.18934759655636,0
2574,23.334765967333354,181.98833884695395,0
2575,23.36859632059904,183.37945732635862,0
2576,23.270295534118187,179.22603280538013,0
2577,23.25592261882957,184.54934959374646,0
2578,23.431787908433183,177.7723583010221,0
2579,23.43772581450258,177.22014729488325,0
2580,23.24610080921365,182.3581580484363,0
2581,23.40027614144622,182.10419970656903,0
2582,23.313322427997033,183.56880251856114,0
2583,23.34490299846706,180.8173237765038,0
2584,23.351971018827566,188.43685120807595,0
2585,23.392132940241364,183.275502090089,0
2586,23.31662992531074,183.50622422111212,0
2587,23.420249217751998,183.41315303856604,0
2588,23.329609328261014,185.84403419605857,0
2589,23.352207371252337,184.57719058267696,0
2590,23.23302426740975,184.18900626068248,0
2591,23.469786989296573,185.08469947613222,0
2592,23.332085636004138,177.4166781334687,0
2593,23.348941221497704,177.54373416461337,0
2594,23.16064479116875,182.68983604663663,0
2595,23.22087819778991,182.338705800936,0
2596,23.38311626496001,184.68485205383544,0
2597,23.30442460818717,183.0191481133543,0
2598,23.125755259071138,184.71834681395706,0
2599,23.35930175351753,179.24960043079182,0
2600,23.230113490312316,182.9677662887739,0
2601,23.38389569506637,178.99042298498688,0
2602,23.26133440151191,184.1877395460043,0
2603,23.28210544038861,177.40586241197497,0
2604,23.3574096836782,184.09917879012485,0
2605,23.188655085897352,178.66076037377096,0
2606,23.17838481155769,181.93066413268363,0
2607,23.239447573806608,185.779498464058,0
2608,23.318693053527383,183.790302022034,0
2609,23.143397754600706,178.18460674859966,0
2610,23.11377082750883,181.11780985421362,0
2611,23.31045391813399,178.64423829350847,0
2612,23.193657647594996,178.0774592741645,0
2613,23.20785455277125,183.52806353424708,0
2614,23.088021607880027,184.86928650778881,0
2615,23.179579018630033,184.52350485764075,0
2616,23.230620053825085,185.02284121451325,0
2617,23.30298092253381,183.19247985661568,0
2618,23.164174752175533,182.42127126661603,0
2619,23.355782974449983,180.03544123879178,0
2620,23.165745402719214,181.94759519483867,0
2621,23.163176853505647,179.3169516468533,0
2622,23.338124460644035,180.75864032660803,0
2623,23.229361706178558,183.57403504681434,0
2624,23.165589364591767,182.9669310328373,0
2625,23.194644585587568,192.52760551180194,0
2626,23.312602492551996,179.3090838613631,0
2627,23.318951712164544,182.98420081080818,0
2628,23.133608455390263,179.10130393350158,0
2629,23.192851203896712,182.222122818273,0
2630,23.200750062693142,182.35715787520346,0
2631,23.111927557221538,185.946011183105,0
2632,23.183658886270074,182.07528178845283,0
2633,23.18582415163146,182.8632094379978,0
2634,23.273897454403464,182.159077624843,0
2635,23.27655484573999,179.25971590805176,0
2636,23.150902046226854,181.51937991867675,0
2637,23.15739834160837,182.3426689606675,0
2638,23.2249316458981,183.72272491835585,0
2639,23.12224476125015,185.19083329487216,0
2640,23.2134205647932,182.82292198462176,0
2641,23.1565643224839,182.78287863068212,0
2642,23.08331045069768,178.38963959733417,0
2643,23.08157893527293,185.1839299291813,0
2644,23.271152176658468,181.48965558834357,0
2645,23.14013347796977,185.83131731811326,0
2646,23.281133379180446,187.55184119551788,0
2647,23.106070179632987,183.05132532912967,0
2648,23.167711732290968,180.5576608468766,0
2649,23.333081930097126,183.5899982667531,0
2650,23.054327602560484,184.69867456810823,0
2651,22.984342439340846,182.71845800405646,0
2652,23.23634220787586,181.9853270937799,0
2653,23.064516041361852,185.38043806335344,0
2654,23.12624844102497,185.19495007492708,0
2655,23.078274115196056,182.6756947748775,0
2656,23.143841691503656,178.7646881858878,0
2657,23.04358537818011,185.10831867995506,0
2658,23.102471215819268,181.4494743576901,0
2659,23.150088373088934,184.40672526626372,0
2660,23.03067376986611,184.22939404133612,0
2661,23.052565735575772,178.12127449156827,0
2662,23.078014485517816,184.04353028900002,0
2663,22.98873124252395,185.35602522822822,0
2664,23.066461708227543,185.7360011844236,0
2665,23.10699919791635,184.18873126517246,0
2666,23.062759259318124,177.9171396575662,0
2667,23.070239600959756,187.6919783749626,0
2668,23.087583012092534,185.10581412897142,0
2669,23.033940007570234,180.27477253280497,0
2670,23.138907775883474,181.53339916950625,0
2671,23.195723287730498,184.60229197946413,0
2672,23.040915888431684,185.9598762038354,0
2673,23.11410250917303,182.46851245642767,0
2674,23.053336691723455,186.4208276969018,0
2675,23.098963581801208,178.57777440329988,0
2676,23.192204637162114,180.84049415866056,0
2677,23.104851902904535,177.7865482684123,0
2678,22.91950205939668,181.29916669931708,0
2679,23.094910208217865,188.52732815505988,0
2680,23.15443427846002,190.18819034190935,0
2681,23.03529142672015,184.7302145626925,0
2682,23.12988320011288,182.12278745925298,0
2683,22.992235855568616,183.38475962504882,0
2684,22.92581407123275,185.48127549059504,0
2685,23.053162286500967,179.3838619182804,0
2686,22.898561678176787,182.3668276858099,0
2687,23.017108709471916,188.4004971841524,0
2688,23.136447903995,180.97015242758704,0
2689,22.87792921481031,181.8716444617027,0
2690,22.92555985368889,184.16970842210685,0
2691,22.942566027649576,184.99093421992075,0
2692,23.01727172220198,182.27784690462403,0
2693,22.990288399670426,184.39507533156325,0
2694,23.128684846442372,185.9992953807722,0
2695,23.090309791477164,190.07109823034102,0
2696,23.050791579956805,183.81924690477584,0
2697,23.020027852440506,184.08529660860344,0
2698,23.037043390397155,188.80272525480154,0
2699,22.93383393270711,182.58402137827542,0
2700,23.068576828284527,180.26958158883275,0
2701,22.908243938519085,185.00448026946154,0
2702,23.06124515127381,187.4933219185017,0
2703,23.08651397287651,185.35897251915029,0
2704,23.00569942389573,183.99578910515507,0
2705,22.971941030133216,179.9526315411434,0
2706,23.01527085675809,184.133650050774,0
2707,22.751532787869824,188.01913915981595,0
2708,23.00184334649998,180.6282101239725,0
2709,22.96580307291031,183.60717715372087,0
2710,22.96803015359344,183.18979202959864,0
2711,23.02581235376181,182.2699302352952,0
2712,22.960517963291462,185.11758077808548,0
2713,22.872493060964505,185.71446532800041,0
2714,22.94960797049748,185.69373810710456,0
2715,22.96353567373211,181.47550576576873,0
2716,22.964537508931947,179.47863143971736,0
2717,22.965508450522034,185.21436502765278,0
2718,23.032917107970032,182.9200294454237,0
2719,22.86009811543727,189.9632801446508,0
2720,22.958250857497887,190.11239804090923,0
2721,23.04460381818735,190.44143372273786,0
2722,22.79985585774357,181.6594963906082,0
2723,22.950212594999318,186.19837040385426,0
2724,22.886227445176306,187.1135239695372,0
2725,22.900618575044025,186.78610154550708,0
2726,22.855109335584622,183.45818652122824,0
2727,22.91114929208915,188.3691855826071,0
2728,23.06923412934683,184.54339529301012,0
2729,22.818000533359466,184.9365370387602,0
2730,22.82280842918757,179.94893543826873,0
2731,22.8094457498221,186.50691656154137,0
2732,23.049018317165185,183.80154103109064,0
2733,22.871063103164005,185.9872358672601,0
2734,22.903225700526985,185.30833201030566,0
2735,22.870281889987385,185.15586072243207,0
2736,22.824179582876308,184.4859387392547,0
2737,22.878151471008792,186.99287543878114,0
2738,23.090854376253226,184.04636364770383,0
2739,23.0027932157305,180.28738220067444,0
2740,22.82042649380857,186.36974258786364,0
2741,22.937702781280525,182.2457285448869,0
2742,22.816611755336762,180.70979691598356,0
2743,22.738262314137334,181.62565767211458,0
2744,22.95917220438594,185.5521578820258,0
2745,22.9676598556993,184.4223451759999,0
2746,22.955779229930364,178.32356104274947,0
2747,22.831750010269136,183.5803184877064,0
2748,22.85324294390696,188.24862374917845,0
2749,22.923813644959825,183.39665432503986,0
2750,22.892401140854304,184.2636903814646,0
2751,22.82684121004057,187.89864043230654,0
2752,22.7260589381901,187.16564728275878,0
2753,22.861948935041188,187.8539134029592,0
2754,22.93641571947031,176.48044712076143,0
2755,22.751545740576034,190.00809199147272,0
2756,22.895713269558104,186.72610615743048,0
2757,22.868397463307392,192.21068305369297,0
2758,22.899149524141816,182.48859160116825,0
2759,22.90616119850409,179.55450061596173,0
2760,22.778113427991762,184.8757573364252,0
2761,22.701583410822497,184.03720124084808,0
2762,22.785530176211722,186.8334931121953,0
2763,22.896615592284927,188.1064357307638,0
2764,22.779400889622348,184.62888433973282,0
2765,22.7645156906163,184.1777251935319,0
2766,22.671611276557503,186.47705776309854,0
2767,22.95481348156875,184.14892763601338,0
2768,22.877943400831953,183.90694895211186,0
2769,22.870764912439117,188.04724792415104,0
2770,22.883880514462625,188.72409070244282,0
2771,22.849890760220433,188.2055359961166,0
2772,22.781501781853756,184.45779430747078,0
2773,22.785243385075734,178.551928651202,0
2774,22.761438244483998,184.53545545139366,0
2775,23.003724024271182,182.71487763578412,0
2776,22.834721619591264,184.60835238722882,0
2777,22.750451070702436,182.99293028405958,0
2778,22.82210388544109,184.9526246018128,0
2779,22.701306288939033,181.90562411533173,0
2780,22.89985065283354,181.1898710975174,0
2781,22.723921587504044,188.70863577110634,0
2782,22.814213669135498,182.14009185156888,0
2783,22.85672751645547,185.05852832999503,0
2784,22.79955604598082,187.9295120928206,0
2785,22.773660235567384,187.81727930891256,0
2786,22.764297726753245,187.46727614303887,0
2787,22.75625207844416,185.99966083339362,0
2788,22.711968208285445,187.27136608353175,0
2789,22.719485081647942,189.22688047335566,0
2790,22.87115363439212,186.39090876811065,0
2791,22.7414491345754,179.61242379286804,0
2792,22.684617068891697,183.54658594251276,0
2793,22.703528744812623,187.22941532835657,0
2794,22.83021709827137,183.26710163321363,0
2795,22.793594007087435,190.01675688738464,0
2796,22.781733016867715,184.97491267752434,0
2797,22.713669398580254,185.42817677254007,0
2798,22.777507741813633,188.55460590034585,0
2799,22.677524773807715,184.63973095119303,0
2800,22.705614762831804,185.72498352989118,0
2801,22.80134579979251,187.90135904044277,0
2802,22.791084576456072,180.7949772391281,0
2803,22.639973893600175,184.36365937663135,0
2804,22.647472313840805,187.7147427528585,0
2805,22.722001812588832,185.43177648746456,0
2806,22.84879093390789,189.64463477444522,0
2807,22.554853359372387,180.52248462700615,0
2808,22.727766993017898,180.18783477642478,0
2809,22.592822265033963,187.57444897218042,0
2810,22.649568245785225,187.87032432077012,0
2811,22.668573097100086,184.7006297692513,0
2812,22.66150303144483,186.48900391252712,0
2813,22.64986006669942,187.53084632579626,0
2814,22.690564095668428,182.8610041629769,0
2815,22.644594651878137,183.18938069963036,0
2816,22.56784988153891,185.8864000129832,0
2817,22.744671256493998,188.03674756203685,0
2818,22.739950547326398,181.83383261685572,0
2819,22.7446177077199,184.74504667080052,0
2820,22.551351925838233,184.6133292500169,0
2821,22.69597502513347,186.6070293976294,0
2822,22.723594764604922,185.33413321994053,0
2823,22.584479200716512,183.72961708761957,0
2824,22.66517219389763,189.1199679037087,0
2825,22.65260405898261,183.76346400433368,0
2826,22.806748619433403,184.51187636549935,0
2827,22.81081157623849,180.62056462228966,0
2828,22.521182889492,183.26103499787547,0
2829,22.85132928096038,186.95695893169062,0
2830,22.576085024876473,186.37731757516374,0
2831,22.725249181312797,187.22080656241127,0
2832,22.721931695121157,187.08190917263312,0
2833,22.56213751158164,191.69877393676387,0
2834,22.678759390955584,183.19868760340805,0
2835,22.62820490066708,180.59058781264613,0
2836,22.678668058723638,182.30375766606784,0
2837,22.650293956363367,183.35098136730466,0
2838,22.72507033073373,182.54543884996193,0
2839,22.632922651179772,185.75584750782443,0
2840,22.61099282421718,189.23923746252666,0
2841,22.70964452674933,190.10662017770142,0
2842,22.66593230993247,187.00690106557718,0
2843,22.675591585193185,191.92408715255175,0
2844,22.561430126937942,184.43740858440464,0
2845,22.528531281291055,180.6151901348861,0
2846,22.564294501228797,188.67846318759496,0
2847,22.55761128625344,180.00928970559897,0
2848,22.66774244822485,183.2661698414316,0
2849,22.68049955520148,187.0975837254033,0
2850,22.58758957683741,185.23613275492139,0
2851,22.712057564201764,184.97641108038476,0
2852,22.70465054020428,182.01285341039994,0
2853,22.612238780711746,185.52873240554072,0
2854,22.5246143663801,188.5780049896069,0
2855,22.7139996720268,185.6327610668396,0
2856,22.580697004419225,183.0879812764063,0
2857,22.593285510242016,181.8418068961319,0
2858,22.553642873175413,183.16136361664655,0
2859,22.50725213749888,186.77283539610164,0
2860,22.45857343418821,186.63228934606235,0
2861,22.624328445028,183.20557128538658,0
2862,22.508666479705074,178.980385919033,0
2863,22.813745870314253,186.87823560522943,0
2864,22.479747545164813,182.93056974002562,0
2865,22.46369817398947,187.69633545258074,0
2866,22.602760518455035,183.366236586185,0
2867,22.681960486249388,182.67624302991106,0
2868,22.562453933160782,186.1048003355041,0
2869,22.600742901214737,192.72368383446067,0
2870,22.405161883826707,187.9029389199028,0
2871,22.496132374062956,186.0697308817867,0
2872,22.462137138929045,186.7428128305678,0
2873,22.39412133596169,180.4180570383244,0
2874,22.552787564574366,182.3094910407076,0
2875,22.361712641190326,178.1487941818292,0
2876,22.43307846977717,190.87623214378738,0
2877,22.493599558604785,190.27375925522026,0
2878,22.467798756998086,186.87500844449616,0
2879,22.56374654018679,186.10681082966693,0
2880,22.55421821351822,181.05156909027818,0
2881,22.599019365578897,185.0532736837662,0
2882,22.585455589334053,191.09314452273318,0
2883,22.61428512317642,186.11497302850114,0
2884,22.520627649186807,184.031502572462,0
2885,22.542825333543693,180.45590768673227,0
2886,22.557241804263636,189.8756752719824,0
2887,22.525431864012653,185.52910580236406,0
2888,22.48010832408562,180.47371542510393,0
2889,22.483078954330438,182.97564035055927,0
2890,22.442066147873078,181.92030435713474,0
2891,22.539002630106744,185.36212941464984,0
2892,22.49556056185054,186.38377902290011,0
2893,22.44784242258155,184.25647355302956,0
2894,22.445737365362465,188.10158764675592,0
2895,22.39971178893751,186.0111381401392,0
2896,22.572683865167093,188.96591255660235,0
2897,22.498505003000727,184.71159754015753,0
2898,22.421036806635186,194.9233212867802,0
2899,22.5525960603802,184.09800341086074,0
2900,22.44093400746722,183.0855649824668,0
2901,22.371113799659863,182.72069896181418,0
2902,22.563201862287027,185.17078433699234,0
2903,22.436412867022028,180.6489643713425,0
2904,22.444551589591214,186.69518749825522,0
2905,22.478447178435527,180.0994741495461,0
2906,22.564455569728267,186.30424486388017,0
2907,22.472553491010384,181.7692836085222,0
2908,22.37292965978659,184.68292545731754,0
2909,22.51028418412941,187.64415377922776,0
2910,22.425896336971977,192.74633257401513,0
2911,22.613657446263968,182.60386491351062,0
2912,22.46046851217319,185.3905210689598,0
2913,22.279696384421978,183.67376429749245,0
2914,22.485036154363243,183.23895619746494,0
2915,22.609969135330818,183.70713393314244,0
2916,22.57843593834068,188.3276999985433,0
2917,22.596806334456986,184.3947394945775,0
2918,22.366723550180946,192.61021154142415,0
2919,22.519257652581818,187.11353739427292,0
2920,22.386513740453864,182.8388536208806,0
2921,22.460211069669704,184.77201581109688,0
2922,22.33843313329013,183.4697958936106,0
2923,22.386721096413254,188.2787080598682,0
2924,22.38219289624003,180.96528807803458,0
2925,22.50619899746217,181.86185754111196,0
2926,22.496400940504355,184.11311762770603,0
2927,22.452524741553667,187.93960031088227,0
2928,22.320388142849325,189.59290432884046,0
2929,22.401540359163636,190.03827325467452,0
2930,22.36483884109366,187.48893400522633,0
2931,22.492165878056866,185.65370316462315,0
2932,22.5149172990754,188.28905108475743,0
2933,22.50325111010569,182.47443319623957,0
2934,22.35640754450951,180.37668429087998,0
2935,22.195754388921507,187.22324908740794,0
2936,22.271659156547294,182.8989409709765,0
2937,22.52485248855079,185.72265534656253,0
2938,22.377135332353706,186.2800153460593,0
2939,22.34729835350939,186.6680111485661,0
2940,22.536896963092985,188.73950465914598,0
2941,22.50483199589278,188.42479256395387,0
2942,22.403717425354756,186.51596352235518,0
2943,22.376438897010516,184.60727315105882,0
2944,22.38749997585837,186.25892026380689,0
2945,22.41440535969278,184.14927707089325,0
2946,22.522407737984164,185.35085518028083,0
2947,22.426380348071074,193.79685512935413,0
2948,22.448851676613742,186.49105614547926,0
2949,22.4825047858179,187.2973335353085,0
2950,22.293590365422865,183.83222722115178,0
2951,22.445762132523104,189.01091933006708,0
2952,22.36002390540644,188.23350547587714,0
2953,22.180525525540297,188.25669419990308,0
2954,22.20979084567779,186.6012177918371,0
2955,22.29683382191293,189.06098102902988,0
2956,22.41902748634223,189.7752921835066,0
2957,22.38388758729217,186.81131835272885,0
2958,22.387794570713382,185.61992865573012,0
2959,22.52738996407461,188.64918196614292,0
2960,22.268064227925837,183.25475545253042,0
2961,22.36568132176475,183.81487200872436,0
2962,22.390523127140952,185.81043239111267,0
2963,22.3055664542486,180.74780186365317,0
2964,22.36504220518728,188.45615760830876,0
2965,22.233095645235416,183.0860879030505,0
2966,22.472207400623017,184.56177332795934,0
2967,22.303216855644674,185.33778347191833,0
2968,22.518596975297548,186.09681762020867,0
2969,22.351833804371562,184.9492912436644,0
2970,22.435030689731974,185.7793908607077,0
2971,22.346884715289246,185.8038330381341,0
2972,22.347059884581537,184.64279399046538,0
2973,22.3011754167594,183.66543340558133,0
2974,22.3558139956812,189.23052744608046,0
2975,22.37011826012193,179.67393643263154,0
2976,22.280339951979823,185.37101489354117,0
2977,22.331487351903654,184.58242774387432,0
2978,22.291101292092794,187.24642535986365,0
2979,22.522308666149538,181.6280561951462,0
2980,22.32959148036304,184.49242118479663,0
2981,22.458830996716262,185.68549956341232,0
2982,22.318013220967305,189.2035600808832,0
2983,22.35286472071207,186.99061355687218,0
2984,22.22487942350121,182.44427234798658,0
2985,22.293297738294232,184.53294406128236,0
2986,22.344389490866593,188.654124420654,0
2987,22.452918388871073,182.39420081442083,0
2988,22.34229628181249,185.76110655707728,0
2989,22.43374309599339,185.9701508515836,0
2990,22.372819851891094,184.84059477009106,0
2991,22.450277952767685,194.08558992970475,0
2992,22.313895075301158,184.7604897225064,0
2993,22.508377179031882,187.34828798418437,0
2994,22.276876895638466,183.7003564342321,0
2995,22.252949212702497,187.58272994144227,0
2996,22.216027854480345,188.61203380674888,0
2997,22.497888352121493,184.23592283563045,0
2998,22.375544870443626,185.83581230782897,0
2999,22.28185049976661,183.3141401286633,0
3000,22.40710149272233,182.56678856385034,0
3001,22.36080301211428,189.11036573583652,0
3002,22.461694254105872,184.33791491583364,0
3003,22.179202324484656,178.75897796034454,0
3004,22.280433529519012,191.29573948567395,0
3005,22.263302523573056,183.59319999625623,0
3006,22.14106004185222,185.26014066364587,0
3007,22.38243979603999,190.92171202256392,0
3008,22.27464941724244,185.57345781828613,0
3009,22.354127734746932,185.5083247747024,0
3010,22.482423680459227,182.31342481620175,0
3011,22.264075724481724,181.09301111027975,0
3012,22.257344898002454,185.497880568406,0
3013,22.299240825468797,187.08495473441474,0
3014,22.367446689605636,186.91254658730423,0
3015,22.241857738624493,184.5515909760367,0
3016,22.23545441746773,186.05551037863398,0
3017,22.369251752147818,180.48242867050203,0
3018,22.31372173771551,187.37384031185826,0
3019,22.118615043220153,186.47679629969173,0
3020,22.182933419003138,191.91275989107604,0
3021,22.39984385198442,186.0133735239904,0
3022,22.310688241522215,183.16204284324593,0
3023,22.21635609122638,185.8369567572605,0
3024,22.262505585448384,185.0047609705221,0
3025,22.276012704194812,187.2912771457428,0
3026,22.332636685996086,186.0667818581892,0
3027,22.163950041173642,182.2051766753397,0
3028,22.20417714026142,181.0766569987647,0
3029,22.292140367451253,186.77144054320436,0
3030,22.261176867446284,190.1308476256065,0
3031,22.313781000331076,186.2182947250887,0
3032,22.16854922456144,188.41884921725764,0
3033,22.29436659355452,189.01604972156844,0
3034,22.352018418146013,186.77662192984863,0
3035,22.30254160100999,183.53135510186374,0
3036,22.273638417910128,186.55929604275516,0
3037,22.253761138104338,189.59309173176905,0
3038,22.19357508088843,187.5600050685671,0
3039,22.25354364475682,188.2134888790563,0
3040,22.359029384577003,184.57949264713417,0
3041,22.247689057967257,185.3584077165622,0
3042,22.184994492141527,185.60758380002997,0
3043,22.215775580208746,185.80800758707056,0
3044,22.270208982809667,189.46411154163945,0
3045,22.22325453902777,178.91688955671506,0
3046,22.29096372152824,186.0481589653222,0
3047,22.292979872268745,185.71614740885326,0
3048,22.32129306283886,181.83818478355442,0
3049,22.36309033957356,187.96600073053986,0
3050,22.327914601321062,183.7751685924081,0
3051,22.17255625970478,184.87550053613637,0
3052,22.17407128204406,191.4908327660908,0
3053,22.239360155525134,188.97225580723006,0
3054,22.208404875230862,187.6636027637347,0
3055,22.15251900136367,187.08023912485123,0
3056,22.207345248373603,185.4415939304419,0
3057,22.203824237302808,191.93145078857734,0
3058,22.187151371503507,188.3374662151728,0
3059,22.21475919988788,183.67991725718292,0
3060,22.33343085498934,181.72582320891786,0
3061,22.25423552910623,187.62416647699905,0
3062,22.43519219185008,185.75352690880553,0
3063,22.250248392068553,181.6317610422205,0
3064,22.212572048387145,187.20173471955778,0
3065,22.23528682584196,185.10625487341392,0
3066,22.25466376024983,187.50265073351105,0
3067,22.26816225700158,187.23315569227742,0
3068,22.398685726436675,184.08038158318394,0
3069,22.16413941426024,187.80090606696982,0
3070,22.299714327903565,184.40581419747903,0
3071,22.2468456529857,184.59800106281307,0
3072,22.103782127156226,184.296909284508,0
3073,22.290379579180293,189.2836832148861,0
3074,22.329396689286465,185.0460388197904,0
3075,22.158685226666552,190.00204122411213,0
3076,22.225826579685076,191.2320816582909,0
3077,22.087804322653806,183.66234469046472,0
3078,22.124428954322347,177.11235091963977,0
3079,22.308286086293272,189.00565998734595,0
3080,22.186450098498607,184.84296991232242,0
3081,22.134388338077247,183.26704038719276,0
3082,22.240788028693835,184.09611912815268,0
3083,22.179986302918003,184.61446562317053,0
3084,22.18347114507943,189.74707984371372,0
3085,22.279650030225802,186.33178764100361,0
3086,22.1269418478408,189.69936305547174,0
3087,22.146837373434455,187.32770067965458,0
3088,22.230988576704572,184.91378124538753,0
3089,22.29562006783098,184.66679486622633,0
3090,22.31653474353214,187.51904577463486,0
3091,22.16370115136172,188.29180946982882,0
3092,22.291329957674098,188.81718373656042,0
3093,22.15305167682499,185.03842330668402,0
3094,22.361332623473192,186.34484966092188,0
3095,22.12399657120829,187.5675066860065,0
3096,22.320448504280385,184.6596038889612,0
3097,22.161132832134857,182.40275254253154,0
3098,22.37420253973286,183.3847933165489,0
3099,22.259949171932803,185.07649428445748,0
3100,22.130872475237574,187.7821763753953,0
3101,22.169894602849805,189.56840206799893,0
3102,22.273697666761493,181.7192028845429,0
3103,22.294953824123667,183.99114473260974,0
3104,22.20463374060365,184.7053879095962,0
3105,22.213421990000967,188.15888251564184,0
3106,22.270085537454282,184.18611625112976,0
3107,22.21953876932326,184.47692774102273,0
3108,22.10510174488254,181.525784382611,0
3109,22.143141093302553,187.20758193970556,0
3110,22.226595140458876,185.2687211854195,0
3111,22.30464032094266,183.7863022918351,0
3112,22.33630616173173,184.96537731174612,0
3113,22.26902542375524,189.12034371124082,0
3114,22.229291499831326,182.72009736383046,0
3115,22.26586818956554,183.20514077343233,0
3116,22.15228752549822,189.48219931349453,0
3117,22.193043310699025,185.9480495179706,0
3118,22.139055206964365,187.72523117765726,0
3119,22.10477981996553,186.91642929453533,0
3120,22.231066404636277,185.60033544088907,0
3121,22.21893649746375,184.65656816296863,0
3122,22.258830278775257,188.1912269333029,0
3123,22.24723937478893,189.1786108711865,0
3124,22.222704022813133,188.9391755011058,0
3125,22.24757357478081,182.12516587602758,0
3126,22.1993910649022,189.59124520649826,0
3127,22.235608208852792,184.59759886018827,0
3128,22.144266246003557,183.40116960879038,0
3129,22.23172489227156,185.15308989386372,0
3130,22.255422174615024,188.14923425229927,0
3131,22.148184311120584,187.27197869646577,0
3132,22.20572518517681,184.87912537816254,0
3133,22.15151993689064,188.1529419915544,0
3134,22.159126852933127,186.05414725484655,0
3135,22.111102023788167,183.91023361891678,0
3136,22.302217084140178,183.4995860880759,0
3137,22.28607835814503,186.8489018474778,0
3138,22.2436964442591,185.3651109775324,0
3139,22.35836534302701,181.48057712693267,0
3140,22.185347682659252,188.14296703819173,0
3141,22.442935744916266,184.15500905298532,0
3142,22.18210955473866,190.3665063094797,0
3143,22.220654276315535,181.37545232245975,0
3144,22.168353220104905,185.03653312615947,0
3145,22.229907888679712,183.47292426391388,0
3146,22.266927175023458,182.6407499622615,0
3147,22.190930553063346,184.1007674235656,0
3148,22.34215708320509,190.8669263359709,0
3149,22.219136816644443,185.9793798792378,0
3150,22.221638830888814,183.16815307867543,0
3151,22.12728505831267,180.0513617971227,0
3152,22.233499421399713,180.36709127048795,0
3153,22.189321686842842,183.91568344848994,0
3154,22.151418802445573,183.61786503151447,0
3155,22.13800389122302,184.84059514218993,0
3156,22.41391652360066,178.68997635279635,0
3157,22.17916062816073,185.2252257210501,0
3158,22.083753074305214,188.57716488547868,0
3159,22.14453703492881,190.35616670088427,0
3160,22.196361911226624,179.79793430210418,0
3161,22.244323029480825,183.07068668717238,0
3162,22.245085457658938,182.90571807688906,0
3163,22.25495270830955,185.89910115737638,0
3164,22.149366265595866,181.79609925065304,0
3165,22.228331607676463,190.49564878913054,0
3166,22.13116263152557,185.57283150080602,0
3167,22.151836699019867,185.06619295998078,0
3168,22.12816189929736,190.20710351614443,0
3169,22.106687716998497,185.37411271996393,0
3170,22.28708551890078,186.6164219255952,0
3171,22.25723735429874,183.15633588279732,0
3172,22.280491027816716,181.29040643325,0
3173,22.205721942516945,183.56397263553586,0
3174,22.26495032850961,191.9490929713982,0
3175,22.0621410891552,187.28029929405702,0
3176,22.27233948255085,186.19787507276962,0
3177,22.217720014717937,182.43814766847257,0
3178,22.253986848026468,188.09398073291854,0
3179,22.23449729686086,181.28007225955974,0
3180,22.12541807134243,180.64486979608307,0
3181,22.084836046790866,183.66222819796064,0
3182,22.148021331376885,191.19517613181404,0
3183,22.250495170021516,191.01816337953352,0
3184,22.2608349067288,183.96351069063567,0
3185,22.09652769649639,183.2873287701843,0
3186,22.12782028955096,180.38150765885283,0
3187,22.14880421521826,185.52931756946228,0
3188,22.178443162977423,185.77385896835432,0
3189,22.098437661154634,187.64904855233755,0
3190,22.094021403715534,188.00502521594726,0
3191,22.142432191561163,184.67312366931836,0
3192,22.21548244052761,186.92592370454193,0
3193,22.114547347982114,183.1483380980273,0
3194,22.200153014045018,186.85376093829484,0
3195,22.294533552815235,183.7132798078831,0
3196,22.106148608948526,186.60565841462196,0
3197,22.19422661004158,186.35505783965013,0
3198,22.293183709043657,185.41819996371436,0
3199,22.1782122099841,187.5876077429235,0
3200,22.166260222321558,180.48495520862457,0
3201,22.305723178769124,181.9935319884581,0
3202,22.188646657031565,184.37019428298154,0
3203,22.302011322696803,180.84264029544178,0
3204,22.248487430707222,183.94385861835954,0
3205,22.187270681009082,184.03254758377608,0
3206,22.25361111816845,189.07744079434195,0
3207,22.241419021410305,185.56790622006469,0
3208,22.298010426000722,188.22047428915468,0
3209,22.17303844596145,186.02905498973976,0
3210,22.220778404755485,183.50883917242837,0
3211,22.213146030202754,185.50876649877674,0
3212,22.274994028663848,187.28763515971772,0
3213,22.13725225489347,188.67126526921675,0
3214,22.301238680414578,184.68580133948953,0
3215,22.257810249945443,180.131834998665,0
3216,22.115782871810836,179.9125607807464,0
3217,22.318440323470924,184.0782956238753,0
3218,22.40115864600098,178.0353601882279,0
3219,22.303239293636242,190.42587472060416,0
3220,22.337922200357323,186.82282310187173,0
3221,22.2312734306121,183.1164499745347,0
3222,22.092213077518014,181.68590138618322,0
3223,22.07830302752102,188.09056025014073,0
3224,22.246947852625855,181.65661597730758,0
3225,22.179901034350348,181.93413738301211,0
3226,22.154820702155963,182.68223589049214,0
3227,22.22370394189522,185.31355785818454,0
3228,22.278716769590776,186.82487576308955,0
3229,22.1140050014356,188.5316539647743,0
3230,22.195080433626917,188.07967102857222,0
3231,22.35255470610807,184.9381642358294,0
3232,22.146525749950243,187.9884611760712,0
3233,22.302922835401088,182.9049147911618,0
3234,22.19536594105043,179.44630026116425,0
3235,22.278619696017568,182.88645611583857,0
3236,22.323563510878355,182.47198523154248,0
3237,22.29591027854578,182.98568948160718,0
3238,22.310180233942752,181.99437697362518,0
3239,22.14616900313365,183.47998949738044,0
3240,22.32824756350318,186.7141536085304,0
3241,22.17180690960949,189.99062374089618,0
3242,22.261662531930124,179.65953027071401,0
3243,22.26244496695211,180.9630499309183,0
3244,22.28149039661701,182.44256607496217,0
3245,22.27054167360536,187.10474850845617,0
3246,22.17699410552804,184.1832656220034,0
3247,22.137432480658262,182.6163324706932,0
3248,22.316141932167106,186.92937853126145,0
3249,22.262162151038133,187.63883691935098,0
3250,22.3401960506479,184.7038401634765,0
3251,22.24562694705733,182.30188365797835,0
3252,22.13776125955233,185.55176877596034,0
3253,22.32844274588915,184.0314816915067,0
3254,22.2225098101103,183.99857040041164,0
3255,22.280495935395923,183.17470092947894,0
3256,22.20234420474923,187.4771104859213,0
3257,22.386699484128673,185.44202835352274,0
3258,22.18605362535474,187.78968508969888,0
3259,22.230216958166775,188.6817235560562,0
3260,22.266848812562355,186.03981807534174,0
3261,22.171928945985048,183.13354311437794,0
3262,22.28680473539716,187.7640199550184,0
3263,22.390384664507014,186.03007034163483,0
3264,22.2232725058737,192.43318278707767,0
3265,22.295207542760586,185.5433596579248,0
3266,22.04473689771273,186.69605502793405,0
3267,22.26268196341403,185.46417095484662,0
3268,22.241866433476112,184.2854803962035,0
3269,22.20255245752731,183.79624700405972,0
3270,22.355679671456205,185.44516732757586,0
3271,22.244204412532277,186.11574591939544,0
3272,22.25725487238757,188.0051340328438,0
3273,22.24243568277922,185.4582425486224,0
3274,22.120432747432467,183.13271282753414,0
3275,22.184394855164523,183.53047685507693,0
3276,22.3530258369168,180.53185558907322,0
3277,22.10853571395896,189.4739046743449,0
3278,22.217228750906653,182.8563082531498,0
3279,22.247767378375066,187.37168571996347,0
3280,22.42045451234399,185.28852152519198,0
3281,22.343681605500247,185.3595384981087,0
3282,22.23885694964422,184.08544294405465,0
3283,22.389037706297753,182.0638030521806,0
3284,22.22669007959821,181.51097632124248,0
3285,22.367922764948027,189.59133122302893,0
3286,22.17975672169312,184.737140629236,0
3287,22.37560831843401,187.76035284279536,0
3288,22.25854644497735,188.5285325774642,0
3289,22.210054880552633,183.1305031569108,0
3290,22.276270436666753,185.62276352385726,0
3291,22.317144772725623,184.47645100160474,0
3292,22.25670126726465,180.8589199595395,0
3293,22.34192990013724,183.76323445315415,0
3294,22.252315145271783,186.0712775572968,0
3295,22.34993402580299,182.80072389551535,0
3296,22.33704010314708,183.31230649168126,0
3297,22.29815510672721,183.75573054739428,0
3298,22.26909347140655,190.59938483716826,0
3299,22.317910900966076,178.75158653117134,0
3300,22.351199976415145,185.74757058420107,0
3301,22.473524090655562,183.4715017214132,0
3302,22.38514269837805,182.2984034913557,0
3303,22.389485574382114,183.37556143315635,0
3304,22.55991305804429,186.20010877458046,0
3305,22.35554283757974,186.36031354111176,0
3306,22.354480072776532,184.73352814685816,0
3307,22.37348056812547,187.44240613117725,0
3308,22.237901174478502,187.95935802852415,0
3309,22.284573714697007,186.59063526725845,0
3310,22.281067981739472,182.49155010072087,0
3311,22.374854585275514,185.60204380712594,0
3312,22.310603694620692,185.60488461298786,0
3313,22.337095956432226,181.64892365986202,0
3314,22.414543086815332,179.37600853159074,0
3315,22.398115604739992,178.004477609074,0
3316,22.31765086898953,184.2708222884324,0
3317,22.278522101639016,184.9437984722024,0
3318,22.424484985964174,180.49273034810142,0
3319,22.397123719053326,187.16454015565526,0
3320,22.208269396492337,184.47143808604238,0
3321,22.313283225467686,188.05145444617364,0
3322,22.353150438338705,185.10298973787692,0
3323,22.40379728254213,180.7806395823011,0
3324,22.415888752288218,185.34271483181237,0
3325,22.367390844662847,185.9664069752167,0
3326,22.393103883840606,182.30138071710354,0
3327,22.35302870760741,179.60612203354114,0
3328,22.295611256107932,184.22141181686044,0
3329,22.33024779352524,180.90608544563202,0
3330,22.35430569943125,187.25935127916452,0
3331,22.351657410283472,182.66320047963663,0
3332,22.20523912975979,189.04654944582362,0
3333,22.325947353052754,177.48825918584618,0
3334,22.363911355488145,184.2530846018504,0
3335,22.338581992609708,188.12481193218747,0
3336,22.343030161939716,181.15363099083024,0
3337,22.403507613236034,183.33482484522375,0
3338,22.279851710351956,182.59117809267318,0
3339,22.23763261298335,181.73681384623941,0
3340,22.341737813847686,184.50979026964188,0
3341,22.43244363789982,179.8774372371555,0
3342,22.50804947729826,183.41854959402355,0
3343,22.437353881192525,185.28716683687043,0
3344,22.259068527265313,183.08160554750995,0
3345,22.35969385168428,180.71395109590168,0
3346,22.40057515952318,186.792771446649,0
3347,22.396020430556007,185.88061231611172,0
3348,22.4267337700148,180.55388080800662,0
3349,22.31200926540832,179.782695312729,0
3350,22.39235989250888,180.79679532607085,0
3351,22.422589003474375,185.27591360247365,0
3352,22.456823030234904,184.4543133860619,0
3353,22.328125500803072,185.9853185465458,0
3354,22.366791406099164,182.62407069780343,0
3355,22.179926921415916,180.81574489092364,0
3356,22.348351115477197,186.3338887150372,0
3357,22.357957952857948,181.90438083705874,0
3358,22.32019476694778,184.11172324035726,0
3359,22.416868172272324,178.88963290528005,0
3360,22.401008505054463,181.81728024078643,0
3361,22.22661921276439,186.54218039602222,0
3362,22.426476365043435,181.3524235681271,0
3363,22.33685639984109,185.93199057027348,0
3364,22.45187122513294,176.4826279454915,0
3365,22.312368938886372,181.78469616129385,0
3366,22.419225621145348,182.93596757462527,0
3367,22.396087196912298,188.66478914819348,0
3368,22.444910661646052,179.91709276606323,0
3369,22.43256759973342,185.42435099074686,0
3370,22.40411502572736,186.5692327652954,0
3371,22.303569728756074,181.22101150445002,0
3372,22.310245219216878,182.2519284207947,0
3373,22.383668208079825,183.78438329473923,0
3374,22.431681020056416,178.90201575230057,0
3375,22.385654739274834,181.96811176253354,0
3376,22.486309586475482,187.14868541829932,0
3377,22.415939884066937,184.8752188680935,0
3378,22.363068309606945,182.82388303953906,0
3379,22.420020214277315,183.6202138883413,0
3380,22.462342090538126,185.01055030667948,0
3381,22.47227623840964,185.57187966370907,0
3382,22.598574695570914,181.5721994807286,0
3383,22.39681724415619,187.83237523911214,0
3384,22.446484022329816,187.16400537348795,0
3385,22.488491227695555,185.2334599865533,0
3386,22.45457311985472,180.65951187957083,0
3387,22.418449772574778,180.11440228553337,0
3388,22.336617515825484,182.18192338319028,0
3389,22.421756763817363,183.33066916287208,0
3390,22.37879932189549,177.82951579161855,0
3391,22.328645489310535,184.60566682040835,0
3392,22.40520472254456,186.9705488477842,0
3393,22.387183170079762,184.8241378092029,0
3394,22.51975135552849,181.05308910393632,0
3395,22.523240123800736,180.68454832426087,0
3396,22.404953173641445,183.95380552702449,0
3397,22.45856233574227,182.5808063930504,0
3398,22.332844666180492,184.35628926565784,0
3399,22.444086653806224,184.81875731667714,0
3400,22.517688464306953,186.27567158668398,0
3401,22.55390727158116,179.5900159526871,0
3402,22.433017041665742,183.63760885414237,0
3403,22.576363978280387,181.8686723949198,0
3404,22.37312120414704,182.64951738988478,0
3405,22.396733463228628,185.52495400698794,0
3406,22.55548990015946,185.83738990169468,0
3407,22.63458602091755,187.09960806752167,0
3408,22.54255633483205,184.1672927957151,0
3409,22.502045892791237,182.54669678926805,0
3410,22.331856120017697,182.1043171532065,0
3411,22.34787859259414,177.64487333203957,0
3412,22.522236631830655,186.85450972391016,0
3413,22.485454314655676,181.8557561649879,0
3414,22.427853893537932,184.32527006557217,0
3415,22.523790587944767,184.83067669917796,0
3416,22.529991630588157,179.04382968356876,0
3417,22.598573369510728,179.9958070698339,0
3418,22.536193073358056,187.39295704807236,0
3419,22.62578701537081,183.6092360924535,0
3420,22.530411320529925,180.98218600554173,0
3421,22.52280706042564,182.33089674848875,0
3422,22.61944659877394,185.9546247061939,0
3423,22.458299791722542,185.48481516322965,0
3424,22.76400994332546,178.26956578839065,0
3425,22.571159449172505,187.55658367232968,0
3426,22.57389548607947,185.53807911213153,0
3427,22.587732681875327,182.16809405716936,0
3428,22.69819731528658,179.0362192669738,0
3429,22.613733890652107,185.75926140930525,0
3430,22.42424119890309,184.01234908173365,0
3431,22.667241138381154,178.19548483429463,0
3432,22.530015034249725,181.85844152331532,0
3433,22.56818781375915,191.91897284916888,0
3434,22.459609103431937,182.5757201524482,0
3435,22.60638493343789,180.2860466422176,0
3436,22.514523488568404,179.47219487764247,0
3437,22.576996943033986,187.79969091333686,0
3438,22.54861064358794,185.0123646203637,0
3439,22.727700003282283,186.67707875912436,0
3440,22.73464541262508,183.1849757107313,0
3441,22.58215641721984,186.18811927917082,0
3442,22.585929492133445,179.86672549129202,0
3443,22.553316857219578,182.8850681600139,0
3444,22.67405889582172,183.24404788872693,0
3445,22.561655950445285,186.51580393393127,0
3446,22.556658726131886,183.31055182004275,0
3447,22.6710542964929,180.46303090152048,0
3448,22.552109061077736,182.51731503547373,0
3449,22.594563639939928,177.28136536738472,0
3450,22.47349513747912,175.33319439437975,0
3451,22.65875605878781,184.77560458672409,0
3452,22.760115861867163,181.14281306199177,0
3453,22.66497502693187,181.4682415304109,0
3454,22.7266562060928,184.7307667335547,0
3455,22.544464132908743,186.4143757801928,0
3456,22.633503003280882,183.81221118059082,0
3457,22.54159371969796,187.97835335930378,0
3458,22.60127938909727,183.6875747850097,0
3459,22.683736306292957,183.07150534966584,0
3460,22.63256839881955,182.87137416478558,0
3461,22.513879405919987,178.27904901193412,0
3462,22.52416084346109,184.98884487959592,0
3463,22.521347057653657,174.76974983090827,0
3464,22.673637865548212,180.33267371210354,0
3465,22.801919163060898,182.1454933941678,0
3466,22.74829462696847,179.6926711972736,0
3467,22.4901139137973,180.69193209091355,0
3468,22.75797793169764,187.55055422015346,0
3469,22.721707351127776,185.32971291012583,0
3470,22.525679086926438,179.9453581129824,0
3471,22.627558991165298,180.5793277978583,0
3472,22.741973193878078,178.14218803477598,0
3473,22.700886574152268,184.07334026401494,0
3474,22.554648962556904,181.19427715795746,0
3475,22.710764763071136,176.02923737913534,0
3476,22.49343828635661,182.2161066312186,0
3477,22.649149592131103,183.215798453895,0
3478,22.76055299769237,184.77337765532957,0
3479,22.673533110172446,181.6489703723742,0
3480,22.634695681542404,180.73608847789055,0
3481,22.748311463219874,187.79795051005615,0
3482,22.75770091916141,181.8439568338516,0
3483,22.78708486292153,183.9679132544608,0
3484,22.75479386660295,180.17562582340776,0
3485,22.773925080723554,183.84897840476094,0
3486,22.74862021543332,177.39735497418152,0
3487,22.713806033801475,180.36301972386156,0
3488,22.702304418900884,178.10936806338867,0
3489,22.678746593017436,179.9042273507584,0
3490,22.60332526182249,185.45550218891674,0
3491,22.62648081085423,179.85204747251294,0
3492,22.682939199297444,183.82871501265763,0
3493,22.7274147452981,186.210652205175,0
3494,22.82596535177467,181.56102337134465,0
3495,22.70996186213372,184.6099440143593,0
3496,22.796192533343703,183.20677679810763,0
3497,22.804871933790807,181.94769488106533,0
3498,22.702626618327443,183.83418506774302,0
3499,22.771336657710783,187.0878959289073,0
3500,22.706901642001473,179.64110753308947,0
3501,22.834780535330044,178.66013353826975,0
3502,22.78250621126107,178.4688040305428,0
3503,22.639032394117965,184.49063257005812,0
3504,22.749828654781442,184.88024219237417,0
3505,22.871394449380183,179.86580895817218,0
3506,22.727688961051857,175.0536494223981,0
3507,22.78064975496915,179.422180145229,0
3508,22.79115107746145,183.07476327889245,0
3509,22.667202233257047,181.21577189970657,0
3510,22.79364304043712,181.94171542340155,0
3511,22.643936943866745,179.81536019473867,0
3512,22.70805415888753,184.41237259479323,0
3513,22.846825203594666,182.38438300647852,0
3514,22.791974063189432,183.0988911131571,0
3515,22.741744411602088,181.80138165920906,0
3516,22.804491444144034,182.88196393921177,0
3517,22.766641926255613,182.66924038039627,0
3518,22.775133114713846,178.49395843324254,0
3519,22.829352597306226,182.38201984505324,0
3520,22.72130069609367,183.6219946607461,0
3521,22.785402714811916,184.69752557944912,0
3522,22.759882687939253,182.4650452169902,0
3523,22.66070683604253,178.30558646793048,0
3524,22.716612196587363,178.75199205355275,0
3525,22.91840127968309,179.86509768833798,0
3526,22.826421258818186,181.723523523565,0
3527,22.6924574492934,180.7730054451473,0
3528,22.677819740200242,177.7530916906216,0
3529,22.79478097928811,177.71969421727016,0
3530,22.931357406174385,174.79784782823282,0
3531,22.794232583152787,171.71953971995512,0
3532,22.91644627379025,180.66716297305274,0
3533,22.84275613887017,188.00773623539052,0
3534,22.855019340539148,186.42191317305074,0
3535,22.71318151578054,178.08140278672522,0
3536,22.89776303564441,181.45032237246843,0
3537,22.79869084390088,176.59138254926268,0
3538,22.89725913455522,177.0332943340458,0
3539,22.765806564276797,177.36170033524905,0
3540,22.847834595146583,180.26211073691587,0
3541,22.86456339484158,180.37571018860083,0
3542,22.826814997757157,181.6656708339039,0
3543,22.874237743143592,182.8816837724944,0
3544,22.82330075300862,179.86585540118898,0
3545,22.79542802345546,180.96956164393498,0
3546,22.978533618954938,177.56396987155486,0
3547,22.93675514881874,176.79636218420478,0
3548,22.794715504195697,176.31737639646087,0
3549,22.903807752191902,182.74647143454402,0
3550,22.801667149490363,179.76943360905557,0
3551,22.76905762917419,175.15422011933666,0
3552,22.949289757939038,180.562732543335,0
3553,22.73301126015491,176.98994874548382,0
3554,22.946243522932654,185.7019574899268,0
3555,22.85463464296197,178.96875921998654,0
3556,22.860687602726326,182.73414086041458,0
3557,22.913151822814896,183.94090577672418,0
3558,22.929629482109608,177.79362050887516,0
3559,22.81978939888928,180.87093187854737,0
3560,22.94607956793195,182.28757448377038,0
3561,22.900497185094572,180.95818525200065,0
3562,22.79371050436486,181.67922077639128,0
3563,22.88337356405157,176.59139799711724,0
3564,23.01023573439327,182.22675853905466,0
3565,23.036632109135535,179.0905171294623,0
3566,22.962664701963494,181.58171945105107,0
3567,22.812822800552237,183.27768473144192,0
3568,22.95007340643141,182.5084925825487,0
3569,22.981669387743917,181.53257166055727,0
3570,22.974433868051374,182.39713946292062,0
3571,22.981951305348677,182.52032659981253,0
3572,22.950994726532482,184.92593266691756,0
3573,22.918920362238747,180.3216098171987,0
3574,22.878824536169454,180.89996272431867,0
3575,22.778440564321752,183.18861920230918,0
3576,22.960229066671218,178.90558028788536,0
3577,22.95072508802909,176.3552624587818,0
3578,22.983230844924528,181.8250746855057,0
3579,22.834405946834465,179.71163002562682,0
3580,22.995796156149904,176.69143350225457,0
3581,23.111344487249664,181.79995403135146,0
3582,22.956043594838782,184.5760377493456,0
3583,22.947621675602708,175.37771958926248,0
3584,22.980062984492324,183.31822890802462,0
3585,23.120718196982473,172.62435634731736,0
3586,22.87902836322752,179.0190023616948,0
3587,22.979966164168108,185.72571183974074,0
3588,22.902526883232827,179.20349240893017,0
3589,22.925529375062386,180.44257890167256,0
3590,22.968113178007446,182.4456602921679,0
3591,23.082657252066582,174.9919380468197,0
3592,23.121741937076244,180.3419389218194,0
3593,23.016305629048013,180.30258880426055,0
3594,22.953118486251437,185.68120682361715,0
3595,23.185457184181253,176.37131508043458,0
3596,22.95462589722232,178.9182127553471,0
3597,22.945931699558226,177.2620560328614,0
3598,22.852419548195332,176.92818037191438,0
3599,23.108894804407402,183.39791612651825,0
3600,23.077459647389702,180.07995450600245,0
3601,23.196216964021495,178.3175904653959,0
3602,22.89442314006092,178.4150465135839,0
3603,23.125031091891326,178.26319536383156,0
3604,23.016780585740605,178.51575976307944,0
3605,23.078449942493837,176.12812639370415,0
3606,22.884931764618326,179.12956746843346,0
3607,23.136992288335346,178.81243033666695,0
3608,23.0852586510854,177.6009553614898,0
3609,23.022015804479604,180.32378017991326,0
3610,23.07952861237489,180.56260675050723,0
3611,22.969470623186634,178.1572946429153,0
3612,22.987145316136825,179.37913299323247,0
3613,22.99921482141337,186.27170707768957,0
3614,22.89086158690127,186.14143752356705,0
3615,23.110809444530624,176.6021705350564,0
3616,23.139984693129136,177.00540337785915,0
3617,22.99133756687966,176.55484294089428,0
3618,23.078088656899038,182.88852311565884,0
3619,23.031775882349663,178.50608385806098,0
3620,23.082067095961783,180.40500699333126,0
3621,23.00838437840522,185.661200920368,0
3622,22.990701210014443,179.6232214553112,0
3623,23.148325130344986,181.7576812884562,0
3624,23.061832627855892,181.1845191307253,0
3625,23.231493310266405,177.8429291695313,0
3626,23.076210861341753,182.7693934512341,0
3627,23.001200407426772,177.02713565711244,0
3628,23.176221589922196,183.58021017656674,0
3629,23.131309050878038,177.78255366622648,0
3630,23.14177259970984,178.09534226402465,0
3631,23.18164753887425,176.2481240450308,0
3632,23.036951442257397,176.72515470755616,0
3633,23.08176945567547,178.20198883822687,0
3634,23.081007188126176,172.17258854506952,0
3635,22.99423575177087,178.75099326449282,0
3636,23.079179374838784,177.91142740836437,0
3637,23.209946833892193,181.7897471180408,0
3638,23.124792160509205,180.67302371660864,0
3639,23.000887551719842,177.2655409719318,0
3640,22.986871327834855,177.99717694211634,0
3641,23.24728523166427,178.65335535855405,0
3642,23.10964090202952,183.7994637968813,0
3643,23.067835458298838,176.85906926406145,0
3644,23.10046932783547,177.15109510219082,0
3645,23.0069629516868,175.90902316040152,0
3646,23.241752562114396,174.83306052868357,0
3647,23.099216534786414,180.18459813003437,0
3648,23.242807119591955,179.8567105918338,0
3649,23.14029973648861,183.0807046506962,0
3650,23.25328110009902,182.3410698698605,0
3651,23.162203352179112,186.39262211243613,0
3652,23.212673929229975,178.9640882627709,0
3653,23.204688524177243,178.38855805163504,0
3654,23.199768336968738,175.25391357297443,0
3655,23.18048195447585,181.2287787704819,0
3656,23.13675942368673,179.47910455296454,0
3657,23.31136064762913,181.0617643116505,0
3658,23.0883073781091,175.67506242080148,0
3659,23.163941452860882,180.13172354784336,0
3660,23.167520222670813,179.67699206362045,0
3661,23.20125509743179,179.46298699154087,0
3662,23.13743045006209,176.98057934880828,0
3663,23.199694297564402,182.582852866247,0
3664,23.163731391279335,185.15031025663743,0
3665,23.053404642080057,175.65287089801302,0
3666,23.18344487898907,181.12975733710243,0
3667,23.097353096152915,170.3194044360169,0
3668,23.04936282948616,180.9433214065299,0
3669,23.201776631718015,173.31157165881558,0
3670,23.2325681838413,177.33168480334936,0
3671,23.238381752071408,174.95207169452195,0
3672,23.244325566293462,178.22887762763744,0
3673,23.04704836491924,181.3766673460334,0
3674,23.095475252116035,173.27292840966348,0
3675,23.36493695102711,177.75101899935632,0
3676,23.12597464210653,177.2739496512771,0
3677,23.26131217648038,183.54180802749056,0
3678,23.160180846758948,180.0785592514118,0
3679,23.224198016773865,175.23624747931515,0
3680,23.16984954847171,177.33864671800222,0
3681,23.26811617720095,183.40548215622874,0
3682,23.236815094859637,180.86491363267223,0
3683,23.19268751203244,175.95177429693032,0
3684,23.147211667981118,177.88992893647148,0
3685,23.255319299577593,177.97048794464655,0
3686,23.13954893611183,177.0465535224669,0
3687,23.273431117174535,173.51455592982032,0
3688,23.452014705323307,176.59702963316616,0
3689,23.352569848071447,182.78220446803064,0
3690,23.30468142645149,177.45589435568104,0
3691,23.243019350990494,178.27429779196217,0
3692,23.0974190193974,178.99037619508925,0
3693,23.14938453576644,185.20797381913815,0
3694,23.360435984672627,178.56493424353474,0
3695,23.197274037155744,181.80491630257657,0
3696,23.207153149537742,176.71332016085728,0
3697,23.252476867452238,177.71445355764408,0
3698,23.18339755509248,178.51511050182202,0
3699,23.1728488374321,176.13986493565386,0
3700,23.26957818883802,177.83593238757598,0
3701,23.204916202825064,181.0960711485081,0
3702,23.21957615147514,176.0156680169321,0
3703,23.218978036632,178.40188300357622,0
3704,23.325874387033263,180.5126817312762,0
3705,23.26812430439661,175.89795915437134,0
3706,23.275013898634164,181.6424860656903,0
3707,23.339657099254804,178.55979378013006,0
3708,23.283136473489105,177.83068567374676,0
3709,23.274833966963612,172.28653144217532,0
3710,23.337321303178342,177.17507060573604,0
3711,23.355728456939385,179.3956299320691,0
3712,23.29309042111953,183.5018442747406,0
3713,23.313884880177486,179.95444510131742,0
3714,23.247469250783013,181.61440674394123,0
3715,23.243730259338257,174.59343682928076,0
3716,23.376685327830103,177.82528775950462,0
3717,23.353313677511395,181.8530115673196,0
3718,23.356703101118843,175.5126009832473,0
3719,23.345304584979953,181.05651141833175,0
3720,23.329085576525838,180.34585162755133,0
3721,23.383651378339078,178.95513618924494,0
3722,23.405292244741453,177.12993738878765,0
3723,23.405922874223574,175.14225273319317,0
3724,23.32749943268126,183.41238202652153,0
3725,23.449054027785266,179.9669507613531,0
3726,23.35890028779064,179.07834386483745,0
3727,23.393738202127782,176.8030918493967,0
3728,23.368235630308376,178.14041500833844,0
3729,23.367945416096596,178.50612447913468,0
3730,23.291836758211236,179.1967858987981,0
3731,23.409312749300984,180.185379612635,0
3732,23.58333169494055,175.620157900963,0
3733,23.32822366428781,173.55300924340696,0
3734,23.366381609785538,178.1908843863068,0
3735,23.327495978643856,172.68164564556076,0
3736,23.326636749522,176.9375847310882,0
3737,23.491715786076576,176.36628261871058,0
3738,23.316799146677692,179.35439551392946,0
3739,23.3351828744026,183.81225540812397,0
3740,23.24857782433021,172.0160204310175,0
3741,23.317431673931864,184.65769013202936,0
3742,23.243827375819954,177.12126713980504,0
3743,23.43349786228944,178.8492911778674,0
3744,23.60937871702836,173.54675621102078,0
3745,23.358513392705028,180.76727008561994,0
3746,23.25694709267177,177.8864909136003,0
3747,23.46472297604649,177.56310433908342,0
3748,23.33699949655297,171.92079993438034,0
3749,23.50152692326633,177.93980996514304,0
3750,23.377437676176807,180.24138437725918,0
3751,23.351870702177568,176.98055911878495,0
3752,23.390590406837276,181.19750451821986,0
3753,23.46785527347519,181.05911938894496,0
3754,23.391440641436002,175.7226911521561,0
3755,23.37229248370455,182.41687843808657,0
3756,23.398515079260193,177.75299754916657,0
3757,23.31505929071239,177.75194053509477,0
3758,23.45095125295958,177.88525700787244,0
3759,23.27862650888975,177.7818856796509,0
3760,23.388405695037324,169.66918007156968,0
3761,23.487051837563044,176.98871938805814,0
3762,23.452905298617814,173.439074433382,0
3763,23.478242273844398,182.39561314359844,0
3764,23.428162914408688,182.26056422160121,0
3765,23.529290922490862,180.04385657214218,0
3766,23.512026514535624,176.7583828077784,0
3767,23.47607587240781,174.4355011693975,0
3768,23.51691690157976,175.47258124678274,0
3769,23.505070376752528,183.25904575075015,0
3770,23.412197241708846,175.34034125959036,0
3771,23.342154789346395,170.33597844771933,0
3772,23.485602572807363,180.47910992922223,0
3773,23.497962134508995,181.87598953565958,0
3774,23.543808613438628,182.33801204236408,0
3775,23.383955447077213,180.46131187143396,0
3776,23.38863136819366,180.9367479565948,0
3777,23.500216959178765,177.4769304981339,0
3778,23.460005017017586,171.07519913782963,0
3779,23.31710521114408,177.37370534262865,0
3780,23.500236854934315,179.14077531882097,0
3781,23.324290700896825,176.85626028489838,0
3782,23.39911458513309,176.70559431687528,0
3783,23.5851144098013,174.34179963573226,0
3784,23.625209200237038,174.21500755946474,0
3785,23.38419950904388,182.72075842234756,0
3786,23.457327968896884,182.815460224077,0
3787,23.489310473624926,177.1706071999168,0
3788,23.63061428532754,178.00926622606445,0
3789,23.45089612709643,174.20828748966537,0
3790,23.454378458417864,179.0647719882607,0
3791,23.618624760963073,182.40220035330717,0
3792,23.466935092005187,172.52178561555561,0
3793,23.556879814084823,178.4873727827365,0
3794,23.383111611882576,178.69905444539415,0
3795,23.489757693312484,178.65109209568604,0
3796,23.372855695065766,181.98303048185457,0
3797,23.423349708085357,183.14895722970968,0
3798,23.577075300211135,176.3267969557876,0
3799,23.508095328301028,179.0331347769934,0
3800,23.488701628504995,177.2527011171782,0
3801,23.456466180260687,175.09006092232067,0
3802,23.500843434991204,177.78527672775294,0
3803,23.544708427180737,178.97378104643582,0
3804,23.601369779709024,177.59653756174873,0
3805,23.314835488464663,174.28869785507933,0
3806,23.46041067415392,175.52807056808393,0
3807,23.54177719163404,175.53756234976575,0
3808,23.52323192084481,174.36450607896913,0
3809,23.565496075601697,177.81903132504445,0
3810,23.55670770797721,178.11934490058354,0
3811,23.512987042418917,179.7901789327227,0
3812,23.497293654388006,174.26539818253804,0
3813,23.521860656567288,175.09248993546848,0
3814,23.63545243139503,181.47531687868522,0
3815,23.487038053417542,176.30482531228756,0
3816,23.542613146891437,176.87543231788092,0
3817,23.564337385763412,176.2464764265399,0
3818,23.67652370937849,180.157650533299,0
3819,23.52968987843742,180.26077682216638,0
3820,23.632431228848077,180.07179009167638,0
3821,23.65629043454485,176.7987060312408,0
3822,23.55463033121144,174.0885551595442,0
3823,23.54486492406999,182.46838479777753,0
3824,23.537383074207018,179.2485776354065,0
3825,23.54521957420983,175.2966016577052,0
3826,23.635995778075362,180.9249858869551,0
3827,23.58810163497324,175.03367628091922,0
3828,23.590401320439835,180.8596099424532,0
3829,23.483510605289997,181.04937332197062,0
3830,23.498072634080902,173.83711426340784,0
3831,23.748883928460845,178.3339038046573,0
3832,23.56511143112688,178.9222907057774,0
3833,23.51927797713051,184.40755936059273,0
3834,23.697662835184275,174.32306513483877,0
3835,23.607627645190018,180.8347586907581,0
3836,23.63323628495146,176.57635102004457,0
3837,23.577833903673262,172.78742834333931,0
3838,23.565270425254564,176.13879122236045,0
3839,23.579076767229616,176.49340285010146,0
3840,23.483896806758025,173.29661790689931,0
3841,23.589346606992695,177.3971134339284,0
3842,23.621921118562234,179.32134869370043,0
3843,23.74812591441187,177.1498755847738,0
3844,23.608811852316997,174.79711848206665,0
3845,23.417033500801395,175.96463619135514,0
3846,23.598077209898637,176.38384857766437,0
3847,23.826577376516568,177.03689447323447,0
3848,23.67853994482819,179.70189759754584,0
3849,23.546165707403027,177.17572515414628,0
3850,23.66012407564963,172.13934154005855,0
3851,23.555265744883638,174.6480187762373,0
3852,23.508105992656883,176.82062083077207,0
3853,23.590317309739156,179.68253202360117,0
3854,23.62727770610245,180.19132407376517,0
3855,23.471944328970906,181.60949232890337,0
3856,23.53153762870209,176.66495651106806,0
3857,23.626043222989644,178.55074340269078,0
3858,23.594300911781556,171.88515945877685,0
3859,23.66027041623201,177.52594267933165,0
3860,23.533235136700693,172.9982853493184,0
3861,23.689253109784815,176.0242656400395,0
3862,23.539130986919336,185.28922993085112,0
3863,23.766950440583344,177.09823505646645,0
3864,23.499963271669092,173.5840164039669,0
3865,23.551504066407162,177.3867330059902,0
3866,23.67397476100153,174.600076650817,0
3867,23.775392640272702,173.25703247212465,0
3868,23.669118480774024,182.43667247382783,0
3869,23.690596883329633,179.31570555788386,0
3870,23.648616547633804,177.1399215850061,0
3871,23.566739178862246,174.9159107776768,0
3872,23.611269540978473,175.14710792714277,0
3873,23.555149458984342,180.69504457506167,0
3874,23.551419121245953,176.97548113822913,0
3875,23.687461548976774,166.79550968055315,0
3876,23.567065128739927,183.2949443550346,0
3877,23.68407341536542,176.5695467729783,0
3878,23.55594497844495,177.03872488927828,0
3879,23.685375101028992,179.2569878388768,0
3880,23.624135452526996,177.38142484378162,0
3881,23.777316818111515,178.21428269514925,0
3882,23.692234504214404,174.69075451684657,0
3883,23.766740922050257,172.2609347004992,0
3884,23.608959713453153,176.77944252632363,0
3885,23.67542792157587,180.22203948362613,0
3886,23.593966310147245,173.97226711109712,0
3887,23.640873498186163,173.720110054739,0
3888,23.65449400258204,179.55577514556768,0
3889,23.61888587524708,174.50954522508943,0
3890,23.581198248217486,174.6381928043343,0
3891,23.566832768497278,174.73905973975465,0
3892,23.494201698057847,175.65219801380613,0
3893,23.598332920739985,171.11490353048652,0
3894,23.734490919862154,174.20650288282124,0
3895,23.557853958000624,176.50436129836908,0
3896,23.577718089844268,176.4717337654443,0
3897,23.83186550730179,179.26479060311362,0
3898,23.639091251377945,181.2978084497214,0
3899,23.717103522296153,180.3059313868235,0
3900,23.744205694747592,178.50131646510252,0
3901,23.747214453077646,175.30006288521372,0
3902,23.57381080515553,173.86599594689142,0
3903,23.678486274504195,175.77780418397398,0
3904,23.568879480254378,177.46990023152188,0
3905,23.895401194424345,178.1680017341891,0
3906,23.573455322913844,177.56049941396842,0
3907,23.618559162832796,175.31679920500494,0
3908,23.620470789905973,178.03002535093663,0
3909,23.585309923514163,179.44119884011982,0
3910,23.814565587067666,178.2882349261289,0
3911,23.901460612258745,175.54091688730136,0
3912,23.67090293383996,173.12464215795353,0
3913,23.604618456361568,173.04274810760327,0
3914,23.532579058734957,173.56108973649918,0
3915,23.693276521868928,176.36529053941067,0
3916,23.688759420908784,177.1428287379485,0
3917,23.66321969936268,171.3292033281073,0
3918,23.734279428509627,174.0502281050377,0
3919,23.7494205471647,176.28151339032573,0
3920,23.744881897674365,172.84209131684284,0
3921,23.694965027364276,176.83234811962907,0
3922,23.63333627475815,174.59788603353797,0
3923,23.775934882115177,173.33947604136426,0
3924,23.724862742726536,175.65894987956395,0
3925,23.796114831616094,176.66580214386343,0
3926,23.789428026784105,172.9330329033804,0
3927,23.613647921713888,174.74047198684676,0
3928,23.613809152048333,176.86106479801077,0
3929,23.669252835438577,173.16151078609585,0
3930,23.646335133450826,170.46429368512813,0
3931,23.792387876357946,170.8176568101083,0
3932,23.761194957728826,174.16307123602124,0
3933,23.82213842005001,171.45184589012604,0
3934,23.76702721679706,174.35384340357945,0
3935,23.753095849311823,180.38177756107729,0
3936,23.833468903698332,171.24112538027924,0
3937,23.776146360869188,174.51910921076714,0
3938,23.745084903964866,181.7538724044551,0
3939,23.859132710562452,176.57141578989373,0
3940,23.750961554305654,174.23395436883138,0
3941,23.718441413111297,174.85660697682047,0
3942,23.67679532800839,176.60550508114986,0
3943,23.801086689413655,180.39492811733996,0
3944,23.844823084319806,173.70527843361324,0
3945,23.742817349083086,173.01526756605068,0
3946,23.8524937910192,171.1419636698913,0
3947,23.591246426033454,175.578001780665,0
3948,23.74538932160888,171.0420078162921,0
3949,23.74758682523929,173.8581107876946,0
3950,23.693594546836138,172.51382963492154,0
3951,23.94341349820193,178.45270441037727,0
3952,23.748350551614735,173.6956313297544,0
3953,23.721959664629725,176.4021308440128,0
3954,23.757578065264664,170.38961604401177,0
3955,23.596189761397387,175.5869979872122,0
3956,23.696529974064962,171.57361423127105,0
3957,23.836873925563303,173.8968006885899,0
3958,23.708785180920977,181.79803802927756,0
3959,23.6936676281957,177.95167069881418,0
3960,23.865607263957276,174.7606602852564,0
3961,23.86892386626986,184.73350749923003,0
3962,23.803911772007247,172.38197476752921,0
3963,23.726982876089927,178.61399844922136,0
3964,23.74506500448857,170.51120985508734,0
3965,23.70071180784443,174.36838239608608,0
3966,23.68627374850336,171.04773244490818,0
3967,23.68310474050743,175.85391411218174,0
3968,23.71800682708923,175.24101550593406,0
3969,23.685457269286776,174.1411624943241,0
3970,23.643912947267204,178.33141394364682,0
3971,23.787326608403742,173.3450658164643,0
3972,23.7892976999096,176.0180717977746,0
3973,23.907339744061552,177.49036920635248,0
3974,23.718546126109473,170.57026266273922,0
3975,23.796428708201116,172.76593930116158,0
3976,23.79847571722555,175.16405545768689,0
3977,23.753860331495535,176.88425729607255,0
3978,23.83441321600288,179.248869129555,0
3979,23.837574614864167,174.3289096007898,0
3980,23.8024294686366,174.01856346437782,0
3981,23.756456247523886,172.34165058596534,0
3982,23.748966391778474,175.94088758485927,0
3983,23.66880039066375,174.05111382467976,0
3984,23.714389700009114,174.11193565851076,0
3985,23.729735449916056,174.64396755211064,0
3986,23.690201742450096,176.5721526579782,0
3987,23.815927326886012,173.2177470505732,0
3988,23.877068052186296,172.5841695753521,0
3989,23.709287720842543,176.1875564828651,0
3990,23.80519339544662,165.80698430822767,0
3991,23.700365019846974,173.06493464570434,0
3992,23.75926642600434,171.41388594081485,0
3993,23.728990573363156,178.46946955586006,0
3994,23.832915776167866,173.52881227802942,0
3995,23.730998692850754,173.1614131851896,0
3996,23.866762633679485,174.68968038221652,0
3997,23.76669061742667,173.04145225614351,0
3998,23.734888879883123,173.61168222189875,0
3999,23.68709206538778,175.10305058814856,0
4000,23.808102563233394,173.53772627377455,0
4001,23.859943790964884,173.50835905473843,0
4002,23.810662530179357,171.75773789223692,0
4003,23.96836426259873,171.31909491464438,0
4004,23.904092008256026,174.9546278260497,0
4005,23.76554845129875,175.6848254869207,0
4006,23.765140510452675,170.47289673043537,0
4007,23.828580842396434,177.02956954457562,0
4008,23.724376331936337,177.03430283921105,0
4009,23.88512404924883,177.6586779925236,0
4010,23.821142496740745,175.62676457824998,0
4011,23.81311498524584,176.6308665111202,0
4012,23.847928725622896,181.267256821345,0
4013,23.931163320575997,173.8002098044661,0
4014,23.807368189226583,171.56033171679917,0
4015,23.784993691643347,170.08789452555737,0
4016,23.915069976351038,179.94980031530966,0
4017,23.872102245759606,179.98188109374027,0
4018,23.76933594809778,171.89449737826763,0
4019,23.795735687070575,172.47914799535874,0
4020,23.811247989569722,173.68198774227628,0
4021,23.824849602631428,178.31961853393685,0
4022,23.687653931910337,170.77786507459206,0
4023,23.67305080305834,168.7328735863052,0
4024,23.72571631713258,181.12827286825,0
4025,23.71977668303249,175.55588341156408,0
4026,23.7456883662818,175.975074463192,0
4027,23.8481999541322,173.98962445435149,0
4028,23.784127869275554,175.99544214274093,0
4029,23.813563150180382,170.0486516473036,0
4030,23.700106967404476,172.06172659332015,0
4031,23.761309798399964,174.89321806135382,0
4032,23.845401995682206,167.75836500650317,0
4033,23.846188058993157,173.6568153306789,0
4034,23.740786705090553,173.46524280324797,0
4035,23.811836618714025,173.64307026119843,0
4036,23.974952738151732,172.89133792225465,0
4037,23.79776862149212,171.5503873475771,0
4038,23.743843308387692,169.06548478937458,0
4039,23.785509341979523,174.95937617661238,0
4040,23.806886830217426,173.61835529375568,0
4041,23.78751177783734,170.3865124015023,0
4042,23.797179715978164,174.69362467846395,0
4043,23.68428544807,173.61487890859217,0
4044,23.722814108773,173.11040039090977,0
4045,23.787931337159396,168.01656807868426,0
4046,23.786700581605647,176.52937355299323,0
4047,23.75466099350361,170.77577399882645,0
4048,23.7858194176782,174.6586318549927,0
4049,23.80487631455937,172.037947641567,0
4050,23.871153076521963,173.2905432522883,0
4051,23.79205818730815,177.90760810625045,0
4052,23.831908760988178,176.03963109355016,0
4053,23.756628111377694,177.82898026502767,0
4054,23.845689677095322,175.4241389604712,0
4055,23.829936579934103,175.6155734357908,0
4056,23.86908990703426,169.07792408399197,0
4057,23.856838028820505,173.46300274047644,0
4058,23.846786941862774,173.73512583894086,0
4059,23.791731855599963,178.07516032219735,0
4060,23.819107799778834,172.879829457296,0
4061,23.884491047404616,175.1874859399948,0
4062,23.747132298526864,175.06460784427506,0
4063,23.748903833536822,177.85482816662923,0
4064,23.813559421709176,173.97507581613024,0
4065,23.832126003024896,176.85421283054455,0
4066,23.732824091404463,169.25083908501918,0
4067,23.79261085726595,169.5179973102477,0
4068,23.790901480804315,167.50468235240106,0
4069,23.621018765385365,176.70736878101843,0
4070,23.780483721067156,176.36515186681314,0
4071,23.785266155151692,177.02940973752868,0
4072,23.784818766355695,172.30165627145652,0
4073,23.91069624473118,172.6379524046148,0
4074,23.699930423518893,173.9603449190478,0
4075,23.730985952777026,178.64951713187233,0
4076,23.58773185502723,179.39487392280864,0
4077,23.757976238388533,176.68982430177107,0
4078,23.764530435655384,175.29650630855906,0
4079,23.75510639295629,178.30468257268606,0
4080,23.88423170345332,173.5261335307804,0
4081,23.86417017296481,173.11600184403483,0
4082,23.801242873269864,173.89696475063707,0
4083,23.765049168197127,171.34313185782727,0
4084,23.87646757993378,173.7495299357875,0
4085,23.79245629252619,170.91765620190506,0
4086,23.728230157938107,177.34026536790876,0
4087,23.65603703570771,175.89170496765203,0
4088,23.757667272689577,178.54477020745105,0
4089,23.852969761750963,169.36371419448352,0
4090,23.974337550156704,179.95217243155707,0
4091,23.79674981242139,169.5252137668339,0
4092,23.730189425160766,170.6433136606887,0
4093,23.696207888174868,172.37141061354558,0
4094,23.83473909686169,178.15271421861434,0
4095,23.648981388285367,174.90198907296386,0
4096,23.833736620170782,173.48953684764933,0
4097,23.85467465778661,171.83893792166484,0
4098,23.823699185915036,170.0848500372711,0
4099,23.77075338503171,177.60641238979642,0
4100,23.83304145469351,176.60036282541154,0
4101,23.80103155606566,178.2577505191756,0
4102,23.724607269301863,175.38684786428811,0
4103,23.934381265109646,166.26611998039357,0
4104,23.75769545021411,170.45475223518386,0
4105,23.847361930794126,175.5792284592996,0
4106,23.591274981663695,173.07161683258346,0
4107,23.88633461031985,172.50043525840437,0
4108,23.90116129925184,170.8635140258736,0
4109,23.78548061397948,177.01223612041295,0
4110,23.827219763366067,175.53435838985686,0
4111,23.82661392995748,175.66570719287026,0
4112,23.72991513709608,172.25771983640587,0
4113,23.824503193986143,174.68382295488036,0
4114,23.71542904585465,170.13813805626322,0
4115,23.730795497936562,173.75846213441034,0
4116,23.86901857375551,166.56071069258817,0
4117,23.856193317823532,169.43674449532773,0
4118,23.721058760293573,173.1707910206324,0
4119,23.71822131644763,181.25975481223605,0
4120,23.724588852824184,168.72888517532257,0
4121,23.834167445233348,170.3971268648483,0
4122,23.694867746438074,174.77498752634784,0
4123,23.802704347508453,179.42976661701576,0
4124,23.83320645573431,174.7248904432339,0
4125,23.765681025007805,176.22171387449308,0
4126,23.852818291327043,173.0994327640171,0
4127,23.746931509828105,172.57737530171457,0
4128,23.753421605358614,174.35282955183115,0
4129,23.69159469633288,172.1284851457657,0
4130,23.85038354456027,176.2732785707695,0
4131,23.706913312783243,169.27881252946602,0
4132,23.79543292504925,176.76478744988506,0
4133,23.760952774202035,174.21000398837356,0
4134,23.68163295297672,173.44518143726876,0
4135,23.71631555326456,169.15770996509227,0
4136,23.874852468821132,171.14465776158335,0
4137,23.779524866223777,177.67737887634055,0
4138,23.68182050692501,173.45306870745907,0
4139,23.786129777181607,174.91154292658723,0
4140,23.74915609050856,171.43527391648314,0
4141,24.036301353399256,173.98426909224497,0
4142,23.78191071662298,169.95258053478796,0
4143,23.72776474024236,174.36632777039662,0
4144,23.870921641515526,175.17628869403268,0
4145,23.609131967096026,175.02393586063704,0
4146,23.76304670870047,171.34910356223017,0
4147,23.914132405932566,173.0315121890856,0
4148,23.744350019481054,175.66709539511623,0
4149,23.614040531591534,173.41908872996987,0
4150,23.72008065947588,173.1894146847368,0
4151,23.867155861484367,179.7597037450992,0
4152,23.779911159299175,171.19434443551475,0
4153,23.681739139830178,177.28661886832913,0
4154,23.69304111654249,170.5794139579085,0
4155,23.702088319505776,176.0059325155847,0
4156,23.77475487169673,176.16422108076952,0
4157,23.851900343325116,172.5068829401479,0
4158,23.828015029734534,170.3838037086826,0
4159,23.779269636073458,168.12323139279113,0
4160,23.63521550284883,172.18752810101435,0
4161,23.634461866728522,175.60990309328662,0
4162,23.78229698858695,170.79678210893388,0
4163,23.630930485855753,174.3189726738036,0
4164,23.719445159585312,169.59733881864898,0
4165,23.760735918456845,173.32350585824014,0
4166,23.64430075177517,170.5826218949392,0
4167,23.652262713798475,173.7884362353591,0
4168,23.725560498484366,172.51780443568038,0
4169,23.772259757281784,170.44865051835367,0
4170,23.81575786774718,172.0418755639344,0
4171,23.77826036771946,171.2148134779687,0
4172,23.734439456244317,170.074339035941,0
4173,23.66769330695309,177.26322069737063,0
4174,23.640549423158767,172.93336973363358,0
4175,23.68417606256299,167.40617011334737,0
4176,23.756656488771263,172.14199720664632,0
4177,23.74959813082083,176.75500898192783,0
4178,23.55347386226608,171.7258732005437,0
4179,23.657400854860356,178.50229704969766,0
4180,23.815395841167827,171.43823662658778,0
4181,23.724143899563792,175.51764540206779,0
4182,23.603208695143294,177.11657650400122,0
4183,23.90378908399935,175.35652326044837,0
4184,23.71175331617652,169.88178109548375,0
4185,23.743551936095766,171.17722005179095,0
4186,23.74349507911665,177.51424260848782,0
4187,23.68084467081631,171.58964021881403,0
4188,23.65075696883926,176.92999017951223,0
4189,23.87739877897734,172.71163362539272,0
4190,23.78661454385656,174.42636800780411,0
4191,23.770797737740686,169.84334358762914,0
4192,23.74982199363075,172.17651317501344,0
4193,23.62212098911345,171.37508835259985,0
4194,23.80324775937431,174.67753915678458,0
4195,23.632245153070578,174.2801067737036,0
4196,23.7210006056679,175.38827867254383,0
4197,23.565819856458987,172.52861754485323,0
4198,23.532327235552373,171.2093920326317,0
4199,23.71967565890739,174.54820781829702,0
4200,23.628092381651957,170.91123329097888,0
4201,23.532286435859184,177.23528814093186,0
4202,23.73325969560157,173.6565150867481,0
4203,23.858200083287215,173.0217797250164,0
4204,23.798332738230936,175.38685585205755,0
4205,23.665148409740436,173.7714205362608,0
4206,23.684999032664162,169.02658505460445,0
4207,23.753857138362974,170.81671779575072,0
4208,23.77115178890123,177.17444201074477,0
4209,23.65243129688344,174.25331846222574,0
4210,23.681172694183108,168.9573526430563,0
4211,23.701003717443214,175.05882399098306,0
4212,23.719772446023917,172.32518417819637,0
4213,23.663315802244817,171.3799747302836,0
4214,23.66284646319105,170.56941146042652,0
4215,23.78132304073669,177.0044141965117,0
4216,23.7661731069626,168.1087679033908,0
4217,23.706071136485615,171.4933451201956,0
4218,23.803865718169916,174.36704104796192,0
4219,23.63387191444135,178.7425104413289,0
4220,23.793067933934385,175.6697973805235,0
4221,23.705065694902494,171.47099156869837,0
4222,23.921772888399804,178.59800946263627,0
4223,23.563110540684956,169.94550364135813,0
4224,23.601771747129575,174.80784812549584,0
4225,23.688825461687237,175.476200397825,0
4226,23.685494642906423,171.37054757738503,0
4227,23.808113355316845,176.10776237716715,0
4228,23.59701063417366,172.47444274983036,0
4229,23.72124453668697,176.10271134724857,0
4230,23.74021063587452,168.4997095198426,0
4231,23.701940076292694,175.0246771977531,0
4232,23.567035330530786,172.78472282642215,0
4233,23.754874684573227,177.47148908994583,0
4234,23.73893109126422,173.89181141822255,0
4235,23.686875169621064,177.77285903571237,0
4236,23.65357174939607,175.54946650748067,0
4237,23.653620337231885,173.64560155388793,0
4238,23.627532851305002,176.3926745090755,0
4239,23.683386820640767,176.41342254301102,0
4240,23.632899391120976,175.448598641264,0
4241,23.56080351651211,167.1576268803258,0
4242,23.543067434274466,171.08855279497573,0
4243,23.565053477642874,178.19029594483683,0
4244,23.641240951349133,170.27192584009182,0
4245,23.61956030225076,176.68897270846787,0
4246,23.637183094426444,176.1628139187623,0
4247,23.65825190948157,171.8681063793161,0
4248,23.56622492014728,168.06161691076295,0
4249,23.731879632342444,172.34256312537875,0
4250,23.591418688331387,180.28537596265616,0
4251,23.57636266412519,171.4635696391761,0
4252,23.647821545015983,171.67274092337354,0
4253,23.4604962296779,171.06491791045764,0
4254,23.542353288543573,177.7042114833492,0
4255,23.682253488073563,173.33334454420668,0
4256,23.462938172791613,172.18664731537464,0
4257,23.68949479145902,178.30710305911902,0
4258,23.719129397707558,175.80751894295452,0
4259,23.566824372720394,171.31356227579056,0
4260,23.61786088177602,170.40311822324384,0
4261,23.682170643817482,177.55085742360868,0
4262,23.553421137457224,174.1292301927843,0
4263,23.658299711337882,169.43423239737268,0
4264,23.53329198799185,168.7346767168963,0
4265,23.546874777828684,170.73854750005225,0
4266,23.519227984791133,170.37089027876226,0
4267,23.608671512712363,167.953834038761,0
4268,23.67197501335522,170.79630539223908,0
4269,23.562679147909314,171.34038654137123,0
4270,23.47377190747793,172.71242668946255,0
4271,23.486911940337443,179.18208345302713,0
4272,23.603146097415888,173.30574667933305,0
4273,23.717150149864338,173.60651555530006,0
4274,23.59915458917437,175.64001010744335,0
4275,23.53473370089714,173.40333410438095,0
4276,23.6250020853189,175.31883184392981,0
4277,23.542562551549192,174.96334252982714,0
4278,23.529467855021558,174.49242883306715,0
4279,23.481055353828033,182.42726689572473,0
4280,23.668402603906905,176.86449192773023,0
4281,23.350577905696674,170.88923441929109,0
4282,23.615524371010878,175.2483931119559,0
4283,23.512570413619734,171.7658824927522,0
4284,23.514810426226823,175.48325172054706,0
4285,23.680983900539424,170.0223838256241,0
4286,23.48642255603321,170.82809449060073,0
4287,23.487095243423855,175.18668236565128,0
4288,23.52901037095342,177.1515339235551,0
4289,23.570484262323372,175.67006657040494,0
4290,23.499956022503657,176.7281324812196,0
4291,23.40731726175669,175.29092309446085,0
4292,23.461885115651253,174.6906826176392,0
4293,23.631556200776085,172.66588133641343,0
4294,23.532933711225784,176.61977333444193,0
4295,23.560934205888714,177.2592522402394,0
4296,23.50182278661824,173.9991539592389,0
4297,23.46785955811882,173.8416492307242,0
4298,23.652701476840537,178.97061091851145,0
4299,23.501310801615077,174.13913404844988,0
4300,23.47876049738706,174.4315026533635,0
4301,23.599779148896392,175.66120814197606,0
4302,23.45215036308956,173.91923672139077,0
4303,23.460206223059895,171.75579925737102,0
4304,23.50644317685323,175.3549213257846,0
4305,23.503477921166922,174.10900355121115,0
4306,23.522051956923825,179.7563014121282,0
4307,23.66643720451915,176.59922090501198,0
4308,23.52381808393084,172.45179102660933,0
4309,23.304482399265982,176.42982066578534,0
4310,23.51863309573505,175.17067909498377,0
4311,23.49335604248155,178.17984150906264,0
4312,23.49159213306913,172.68272037632047,0
4313,23.505576456530324,174.82667123963157,0
4314,23.481385028875916,173.96796096393254,0
4315,23.47724305107721,174.44531860243177,0
4316,23.528262415594135,171.61896118189048,0
4317,23.433613436196932,176.0070099698255,0
4318,23.398920202431825,175.53792394002699,0
4319,23.71438705030573,178.14449728624712,0
4320,23.41295960633148,174.26358334626875,0
4321,23.47597757298658,173.06301595484126,0
4322,23.346045556055802,176.6713302679807,0
4323,23.472742411078258,171.92578568744793,0
4324,23.386487808880688,177.56834314519435,0
4325,23.42346331365284,177.56694521527047,0
4326,23.540176027409238,178.09532455043797,0
4327,23.492035761512728,175.45846433125726,0
4328,23.497446364705937,172.8742526307818,0
4329,23.307970315210355,174.66649019474693,0
4330,23.594305936362918,175.48435773868454,0
4331,23.349685987524897,172.6689889200548,0
4332,23.564998104538187,178.3540642530503,0
4333,23.522108101346515,176.10030811178515,0
4334,23.484237198136814,171.68876562146573,0
4335,23.36731244553935,180.01947301386244,0
4336,23.445493755811757,174.66847588855916,0
4337,23.3933429151539,171.09949355723708,0
4338,23.43098460170362,171.89657344677897,0
4339,23.40631124012974,178.85625820432244,0
4340,23.26084657086077,179.87347218966727,0
4341,23.51130736847611,177.43262102158417,0
4342,23.412700152252114,178.3677785802481,0
4343,23.37802367351228,178.0654240984719,0
4344,23.369595428872124,176.0920895429627,0
4345,23.440707226037386,175.41426804620122,0
4346,23.3381337848329,176.05257206003628,0
4347,23.226819087922372,176.64690675558916,0
4348,23.437397395553592,172.21998247156083,0
4349,23.443944197140734,176.64660681893704,0
4350,23.38402945402579,178.83257334682332,0
4351,23.305746938806845,173.843635686878,0
4352,23.40226833653853,173.5290777345036,0
4353,23.275560413427023,175.90456604686983,0
4354,23.308109279575973,172.53209836484515,0
4355,23.327791861276737,170.5367968892241,0
4356,23.452918064952698,177.93662936621163,0
4357,23.35394461031753,173.14687571374,0
4358,23.344670054314104,174.56137017612326,0
4359,23.534416013128144,172.6819819181841,0
4360,23.40377425000381,178.34899169888337,0
4361,23.4002288731099,177.08466350996218,0
4362,23.34106076847919,173.80936171672624,0
4363,23.320450094416138,170.99837103091232,0
4364,23.190765826445585,173.503793931143,0
4365,23.440691642345524,176.26159905689866,0
4366,23.396566809012054,175.1236430264905,0
4367,23.343873990813943,174.89166230547755,0
4368,23.344730007201044,175.20613396361333,0
4369,23.41209622321428,176.85413310228049,0
4370,23.226320111584872,174.4589106817057,0
4371,23.300994372973555,175.94130964870504,0
4372,23.254764370010182,171.63732974835156,0
4373,23.484868849321455,182.26649480087744,0
4374,23.410675875800322,173.76025658748753,0
4375,23.16187919810173,175.2295425744558,0
4376,23.214460735825742,176.32512601292217,0
4377,23.322436979939724,173.4003606237702,0
4378,23.292688326893842,174.66324605278137,0
4379,23.221987850427105,174.63387374146922,0
4380,23.48097029347268,171.91184657714965,0
4381,23.34783943020052,175.97687871001332,0
4382,23.35826453187456,169.72063108929413,0
4383,23.262357116569248,179.93364464489414,0
4384,23.372935459447003,177.0616911795479,0
4385,23.282150281912855,176.60744124818189,0
4386,23.287345015265085,169.48747988216812,0
4387,23.356316414913863,172.32718858721893,0
4388,23.174536495875397,178.8802146500252,0
4389,23.430034858242852,187.173344401372,0
4390,23.31427641191064,178.3111747191993,0
4391,23.399569805142626,177.84544080844057,0
4392,23.208466061618235,176.3170826040794,0
4393,23.218048217547842,172.20725371130257,0
4394,23.196347638337688,177.7428889113882,0
4395,23.306718173449426,171.46140194627242,0
4396,23.28936423407997,171.1409616378593,0
4397,23.244320373185268,170.9598581598905,0
4398,23.19773210242663,177.71537885287563,0
4399,23.17491085762036,174.62376924677204,0
4400,23.26973740262288,175.1064218770065,0
4401,23.233743393829148,174.76550754572702,0
4402,23.213512696411545,171.4424770727647,0
4403,23.389496064397495,172.81537682348605,0
4404,23.25650726313545,172.97426921921598,0
4405,23.362057958279877,170.6277471893152,0
4406,23.215152381569794,173.33898027975707,0
4407,23.27474955014235,171.615775517621,0
4408,23.248081148257178,176.60084132563793,0
4409,23.114058150048336,176.85888235858988,0
4410,23.36148066000107,171.00324164595577,0
4411,23.233743955407892,174.0024886317188,0
4412,23.301609370170993,180.46882348602892,0
4413,23.179070336007946,171.96665001707612,0
4414,23.223378889508858,176.19718192509237,0
4415,23.164549174984323,175.2421988717848,0
4416,23.33010531617665,178.21269512051063,0
4417,23.253463441720033,175.82886706984627,0
4418,23.25523744760877,173.6570488745569,0
4419,23.33184761659978,175.159731041025,0
4420,23.313017188405524,175.21208642418867,0
4421,23.279051600523363,174.70146345012512,0
4422,23.101397668729213,171.02782146581833,0
4423,23.15679056442811,178.72306286058128,0
4424,23.129440292031784,178.20177331933237,0
4425,23.26525793157208,171.87861524557516,0
4426,23.218008761688637,174.11774939287653,0
4427,23.090414491904042,174.3534473774758,0
4428,23.183852372690982,171.56796015285389,0
4429,23.076716921845538,169.4459739321859,0
4430,23.189284997434157,173.04346491253088,0
4431,23.058396965743892,173.99494987112126,0
4432,23.23041988995284,170.74940474510572,0
4433,23.21563533287805,175.61301965916556,0
4434,23.335316575556277,178.57967060539886,0
4435,23.24779070663488,177.62649910752572,0
4436,23.143405657629778,174.7291762661525,0
4437,23.239960200579194,169.5971142134317,0
4438,23.059975151258033,177.2746058606263,0
4439,23.092062028869826,175.5758582770741,0
4440,23.19298075522022,176.41895136140437,0
4441,22.990936868453602,180.9634559679991,0
4442,23.15788947412206,172.68999541791695,0
4443,23.076504808933826,166.54929838901336,0
4444,23.16349204538824,172.02273141542403,0
4445,23.066428287657455,176.65061232865708,0
4446,23.183844902664994,175.28266975432157,0
4447,23.14870727438357,171.56443147119987,0
4448,23.256444589550956,170.96166834232554,0
4449,23.142206554983797,174.16650683222275,0
4450,23.07742711773663,171.5015959486072,0
4451,23.116416730866643,176.81135891692358,0
4452,23.025876085611543,174.02478925986705,0
4453,23.16315175016973,173.38736003014046,0
4454,23.17509296985869,173.00356065946298,0
4455,23.322683254967608,176.07746659445732,0
4456,23.072641789778878,175.42566692732507,0
4457,23.098204708860955,175.9134841350454,0
4458,23.070805740894873,175.85780588738746,0
4459,23.13107224305491,175.11066827058806,0
4460,23.141873723526423,172.2377324808839,0
4461,23.10430247039316,173.1558851607728,0
4462,23.192711185555538,174.17293402622417,0
4463,23.05367811696167,181.5625094794652,0
4464,23.1791605106827,171.33041158209483,0
4465,23.140575303015403,174.13001949760857,0
4466,23.093760781053284,175.69181026943966,0
4467,23.06675478913372,174.49710245922398,0
4468,23.28330856646357,178.63913245250535,0
4469,23.02103879250545,174.501884555669,0
4470,23.107457424771596,174.733940008948,0
4471,23.020827512126985,177.89166687689507,0
4472,23.220915979697025,180.8901646548446,0
4473,23.146232756958746,179.69080424813387,0
4474,23.018238073850934,175.06865799386273,0
4475,23.110732193672625,175.34041851992893,0
4476,23.087557932367975,175.63949131656986,0
4477,23.022829158505107,175.95073508175977,0
4478,23.122028359879707,172.97812656324422,0
4479,23.08973498899046,178.34041705701657,0
4480,23.073061076106175,176.160958430304,0
4481,23.049665543420616,175.4170884279636,0
4482,23.084716775031424,171.7487773004511,0
4483,23.065796111780166,175.75965890741122,0
4484,23.04938467063653,169.90378056761918,0
4485,22.99058749171535,173.8491169112892,0
4486,23.17458111509749,173.91544948783812,0
4487,22.95225679503552,176.47643597503045,0
4488,23.06771142049374,181.26573831030743,0
4489,23.0050909878859,177.35267844978787,0
4490,23.168683378917947,179.99295999183312,0
4491,22.952850004284596,177.59421784418,0
4492,22.96351625003803,179.04459910047268,0
4493,22.941960297461176,181.2517076779624,0
4494,23.042631139982735,173.49573171651411,0
4495,22.904117872384333,173.31087503705757,0
4496,22.972887464690697,177.71959662363514,0
4497,22.836188161464655,175.71313352426205,0
4498,23.024818716568618,176.39626465518293,0
4499,22.96277533243168,175.00026598119328,0
4500,22.880955460485453,173.96858316180655,0
4501,23.084056231105745,180.63077505315536,0
4502,22.889801639890834,172.48004844167724,0
4503,23.055378067909263,177.8499882230995,0
4504,22.932746989809658,177.37470481411117,0
4505,23.114163785081807,171.0762173482392,0
4506,23.043210107207408,173.33218223046532,0
4507,22.89981042780796,173.84774613534302,0
4508,22.90429608484432,177.54089329672735,0
4509,23.023313409155442,174.75738724080173,0
4510,22.951090152181187,175.61310312600506,0
4511,22.955742352168276,171.5083387695585,0
4512,23.068278585958407,182.8704525145738,0
4513,22.903814499627,176.11776889541682,0
4514,22.968223685937545,177.4126774781373,0
4515,23.03450145849783,174.30531906110667,0
4516,23.020072195076317,173.9808622007005,0
4517,22.939785887737575,181.68837463725896,0
4518,22.926655113908335,170.21176009792146,0
4519,22.807875642678326,176.80949804729116,0
4520,22.859695221591483,172.35070468852317,0
4521,22.966878180423876,174.7818999353814,0
4522,22.92759420238317,174.09433446905177,0
4523,22.94183502682221,173.06242665180372,0
4524,23.016198014104873,176.13845399717707,0
4525,22.835289557076894,168.3398376674814,0
4526,22.908599511663166,175.10928307947933,0
4527,22.939810226418086,175.7967290484793,0
4528,22.86560088518672,172.00164673684134,0
4529,23.033673131367838,180.63103681276758,0
4530,22.989064173514933,174.31993658562695,0
4531,22.93681118160228,175.40281675168907,0
4532,23.054363396581227,174.35059638191217,0
4533,22.788138657236896,175.89456645030555,0
4534,22.904658722866344,180.0757344911032,0
4535,22.931811482790607,183.58241339988692,0
4536,22.82656900940504,178.41237367260985,0
4537,22.921020686083367,179.45155364881046,0
4538,22.805668288291272,181.34899720866593,0
4539,22.946672127514496,176.9584964576031,0
4540,22.97328830068226,180.93483027453658,0
4541,22.907683525125854,178.61350135701838,0
4542,22.734909751944876,176.68050613992048,0
4543,22.80302824355175,177.3118389795377,0
4544,22.922788131229822,170.80886242822666,0
4545,22.876548319448805,177.16179408547944,0
4546,22.656574840431134,171.66654218781662,0
4547,22.968765660916162,171.43435111390548,0
4548,22.877517523127427,176.90119374515783,0
4549,22.79830642754717,172.99274620660321,0
4550,22.940677905671787,176.32609017203754,0
4551,22.80412900671178,176.7752094520376,0
4552,22.800508514391215,176.92155411327715,0
4553,22.881507131590947,173.67256536966502,0
4554,22.992578025070806,179.09352579548832,0
4555,22.977239777936596,176.14234668717782,0
4556,22.873389438936353,177.74587779071976,0
4557,22.878864980404725,172.84595478074678,0
4558,22.902457577650015,175.91293825681672,0
4559,22.73584446449702,179.7524760271842,0
4560,22.88520251431795,179.38382138167128,0
4561,22.772214285384205,174.09413051802915,0
4562,22.853689983610078,174.86207816013876,0
4563,22.80728799667418,173.54546070388955,0
4564,22.862857868073565,174.55507421116127,0
4565,22.829487433725426,172.339926237657,0
4566,22.571476882245772,176.1354408705149,0
4567,22.82891301414109,178.46224695638227,0
4568,22.863258545701868,174.22056000249017,0
4569,22.844847501804214,176.3168100476109,0
4570,22.79825560782358,175.94006735555692,0
4571,22.93512702665139,179.77987574861183,0
4572,22.82595794059785,174.79272422247394,0
4573,22.833358377420957,174.9148547037439,0
4574,22.879202745175412,174.11546596124475,0
4575,22.821952203893712,173.2540500416469,0
4576,22.718407236814173,178.26720567888086,0
4577,22.592488112908185,176.28741317550833,0
4578,22.74669447134634,176.8702926714811,0
4579,22.843051444438032,180.54292666575435,0
4580,22.751242408832976,180.72840796769344,0
4581,22.840901384951152,171.80664785651686,0
4582,22.78602508859932,178.70206209642078,0
4583,22.874494591696998,177.44872836786044,0
4584,22.74515722587477,175.4002662326882,0
4585,22.80351182234723,177.78136396559015,0
4586,22.803904365127593,171.63245881722915,0
4587,22.880895516005626,181.21285302248404,0
4588,22.621573102892903,178.38309751823567,0
4589,22.718771094065264,174.25603289556315,0
4590,22.820667692931124,175.10877794624574,0
4591,22.873803783572505,171.7689731535851,0
4592,22.766686491453687,175.94996619425245,0
4593,22.721416219407825,175.45708867856797,0
4594,22.802756913309548,172.9434213262797,0
4595,22.80904169045281,179.262348184667,0
4596,22.70813374831575,180.77614307458117,0
4597,22.760695679467243,176.8772009908016,0
4598,22.826080925192752,176.05589360857078,0
4599,22.880246383265725,178.29136060753515,0
4600,22.78579228207829,176.94108311251486,0
4601,22.727292552534422,173.76707611183076,0
4602,22.716816348059513,175.06921402964377,0
4603,22.76311840585173,176.15159457295212,0
4604,22.706660602675132,177.79913726173922,0
4605,22.72847688028555,177.09628270464768,0
4606,22.626070242771856,177.7130958574204,0
4607,22.8118631482492,172.52123893377754,0
4608,22.614285579680363,179.1051311876445,0
4609,22.668336790723572,177.1335004904901,0
4610,22.708122186135416,184.7951746008928,0
4611,22.857006320936318,175.98795855024719,0
4612,22.661329060131596,178.13507089611377,0
4613,22.639282476755326,185.6662060802806,0
4614,22.645922177451617,177.77469600294611,0
4615,22.820126870617486,177.0034212602213,0
4616,22.45985871284676,174.25945810502887,0
4617,22.602062646520288,181.81895285441416,0
4618,22.89822387068725,173.7707979145644,0
4619,22.724434328797418,178.5434332051415,0
4620,22.586131889592224,175.8553910376376,0
4621,22.66870813435276,176.72205343039454,0
4622,22.674912821425796,173.03228920247443,0
4623,22.73466538586413,181.34750994117496,0
4624,22.811598494268864,176.4987970071356,0
4625,22.692989525109777,173.7009988820069,0
4626,22.616193502506903,181.1184367719848,0
4627,22.71981864864534,175.862069755694,0
4628,22.598471185209387,178.3924352789582,0
4629,22.569148120823016,179.9270136572806,0
4630,22.508510372812225,178.83903641087318,0
4631,22.52158504620657,170.84121337997496,0
4632,22.572576244162118,179.5313943535429,0
4633,22.547569548312914,177.1577046912132,0
4634,22.664356889638434,176.48669902938505,0
4635,22.54085545414244,177.16081672784975,0
4636,22.382828354191066,172.67221686461437,0
4637,22.54832723020576,178.0931187809368,0
4638,22.591614400086396,173.43773972724142,0
4639,22.578454728698333,176.6877194539574,0
4640,22.745984724116024,178.02837343615982,0
4641,22.572875983361623,180.79604969079037,0
4642,22.689974509799715,175.1294738604851,0
4643,22.615527905673048,181.95746689826925,0
4644,22.611212682664817,180.45767241673673,0
4645,22.545321880695088,176.34330763422278,0
4646,22.60500966056255,174.31972950117083,0
4647,22.546069306956095,173.3289853265796,0
4648,22.618448451872982,178.4901680358868,0
4649,22.58352086056806,175.4775425766121,0
4650,22.524429765344674,181.3019698216546,0
4651,22.676935589871864,175.67984803411596,0
4652,22.629320227104785,175.03094233893327,0
4653,22.556921848668324,178.44838562638122,0
4654,22.602005151866365,175.70393273306686,0
4655,22.581263738351804,177.8023053550474,0
4656,22.516171117520436,180.74922067406752,0
4657,22.588831992849233,178.15755312635582,0
4658,22.531130334839347,178.1833859992703,0
4659,22.50284065675305,178.4505751677994,0
4660,22.44624320219211,172.770495331872,0
4661,22.545010390860327,179.0399775514565,0
4662,22.6166962167835,178.35894566750216,0
4663,22.5134106237242,180.57254408999614,0
4664,22.768290127146447,179.72600011948046,0
4665,22.635143624280197,177.3174517627185,0
4666,22.666295831818797,181.03522050701838,0
4667,22.623234848897905,177.07490804702982,0
4668,22.70551595860041,178.70904379076134,0
4669,22.492003348921955,177.04891045578114,0
4670,22.347786686370714,179.38243225936702,0
4671,22.514643249050067,176.88250332131128,0
4672,22.592683883303856,182.9694549463932,0
4673,22.55784636169736,184.09372930568037,0
4674,22.565466954729875,180.67831025336912,0
4675,22.64681165113275,182.69525315642312,0
4676,22.569418753021164,173.46860070163444,0
4677,22.600488096333137,173.8370049670855,0
4678,22.45913660452595,177.15136356430193,0
4679,22.444402364872943,178.2546581396721,0
4680,22.65890091200798,177.55127577945132,0
4681,22.535587588715824,173.23443778251357,0
4682,22.47540655604135,181.63057675341798,0
4683,22.47330854054374,184.65336694040383,0
4684,22.468851271456472,182.04871828398134,0
4685,22.461831259794696,181.47732035650597,0
4686,22.413668883901806,178.914116864043,0
4687,22.39406569604373,175.72178552680114,0
4688,22.496283518666633,178.48339337624108,0
4689,22.46224028745199,184.59761679415772,0
4690,22.596043562574938,177.2399435942553,0
4691,22.52871941597531,176.9461031161041,0
4692,22.52430719018359,181.64796434107637,0
4693,22.441446690028137,181.8622014932329,0
4694,22.489034677646032,175.81253927052097,0
4695,22.525423775450644,177.5869034610973,0
4696,22.551672217045134,176.8807645886041,0
4697,22.484704243316717,178.61068404786855,0
4698,22.576390710546985,181.72782171306224,0
4699,22.488551385124673,176.019835777684,0
4700,22.549197681732185,181.71608016609568,0
4701,22.444445673133707,178.76721750796594,0
4702,22.336497009824004,185.456028741434,0
4703,22.5008493452288,179.44914399226417,0
4704,22.535289441859646,178.2171049681231,0
4705,22.521180563352203,180.247224423174,0
4706,22.50682336482005,177.52687121562224,0
4707,22.443063550464682,173.16773026494627,0
4708,22.404319329762558,177.84723573171524,0
4709,22.51091228532394,177.81517785613724,0
4710,22.498811308208776,173.82237543521512,0
4711,22.4177516012741,178.39550098105104,0
4712,22.549312025068385,172.4285641055079,0
4713,22.387869983090063,177.60213189331895,0
4714,22.409765086287504,179.39128728006833,0
4715,22.585315328937334,178.96680392128567,0
4716,22.521848870275765,177.45793213296028,0
4717,22.42168924688518,178.44988347830238,0
4718,22.47129482178295,176.36962436991664,0
4719,22.45866884046558,178.76961899933977,0
4720,22.22462419443461,178.92678907486876,0
4721,22.36975000175848,176.06714888543087,0
4722,22.436201598220567,179.58637382938824,0
4723,22.409748639479123,179.58301994111628,0
4724,22.456060837215556,178.31542621698202,0
4725,22.524673160086596,186.09259917676368,0
4726,22.406620547998468,178.42276104079164,0
4727,22.345766779517373,178.02258351481083,0
4728,22.45440998897464,177.60853278486243,0
4729,22.400341647194193,175.9783280105555,0
4730,22.412043079663327,180.96427892657732,0
4731,22.399249919989064,176.8632946043825,0
4732,22.600009534850905,177.23364711708922,0
4733,22.239483922343386,177.33823021142223,0
4734,22.38575838581226,176.01359485077802,0
4735,22.414621916652795,173.7306529792717,0
4736,22.350524709015076,177.6105679182258,0
4737,22.483108396874474,181.6348848587237,0
4738,22.474296341796865,179.62131648977558,0
4739,22.403535953491517,183.7276076824242,0
4740,22.38383023919059,181.31426212472618,0
4741,22.39466265351518,180.64880541158539,0
4742,22.39337859530935,184.74038214647481,0
4743,22.393641302045573,178.81652861160882,0
4744,22.38302814476208,179.3127288491404,0
4745,22.416428280989173,179.1046510030725,0
4746,22.454660920664825,183.78595280192516,0
4747,22.294162142324208,179.17769269240094,0
4748,22.30671624203196,177.24087444316288,0
4749,22.249081734733604,180.9642985827292,0
4750,22.456476237533426,176.7680634135086,0
4751,22.40539904458042,180.8328336300319,0
4752,22.42401080705399,180.48952340103966,0
4753,22.267453282133044,178.6953792557384,0
4754,22.522840258867067,180.9766136832526,0
4755,22.329575158182795,174.83140582432793,0
4756,22.38998609262372,179.79926346101774,0
4757,22.443134394919216,177.9376871514306,0
4758,22.294086853675644,187.9283848653073,0
4759,22.327608536778666,179.8246846830374,0
4760,22.38392513908269,177.58365307104376,0
4761,22.596473836136624,175.25354805707045,0
4762,22.39025826474401,183.32030009192096,0
4763,22.492977195622124,178.36961566363397,0
4764,22.459229917196,177.06129391886265,0
4765,22.390532394881728,180.45988793004673,0
4766,22.28027924151056,181.4157907130183,0
4767,22.44252630871257,181.38414060484104,0
4768,22.236236134783425,179.5571842091842,0
4769,22.482501760179126,179.9911579265713,0
4770,22.3687868291575,180.22535665267503,0
4771,22.139131061024685,180.55409535874045,0
4772,22.32227890355983,180.83522640493865,0
4773,22.400213589090992,182.85959633832965,0
4774,22.327322171488717,179.76115284208606,0
4775,22.401878829448293,177.15717142712805,0
4776,22.275078699276055,179.190381773512,0
4777,22.237012315349435,181.90027757938924,0
4778,22.334193569133554,174.29503196308806,0
4779,22.340860793963543,174.32804233440945,0
4780,22.30889919387098,182.4408126267193,0
4781,22.43339571631191,184.26204020734204,0
4782,22.265646417420793,175.92176119068372,0
4783,22.357174957975865,180.03443058436895,0
4784,22.33602614692592,178.55011073887377,0
4785,22.204526269472773,178.9819507687207,0
4786,22.222024302509972,180.69673077402993,0
4787,22.326990963694175,175.91722520995475,0
4788,22.483033659493344,176.48988294405402,0
4789,22.369387052049852,178.92348276702674,0
4790,22.183510737063287,179.40681151647027,0
4791,22.071246800400964,176.48077609394582,0
4792,22.377262740125914,182.24328850506743,0
4793,22.309462283545482,178.63736749229028,0
4794,22.407009869432425,178.64030327792852,0
4795,22.243808725781395,180.76943879726164,0
4796,22.34084908228415,179.55044446710005,0
4797,22.379100255439074,182.4653070333852,0
4798,22.274191973577675,177.16831660360947,0
4799,22.274493312818553,175.79213226348506,0
4800,22.30920070346032,179.07063730860418,0
4801,22.34920174502968,180.19641646412956,0
4802,22.30325733603487,176.30914795069594,0
4803,22.380948658124606,175.8838627202315,0
4804,22.26470752304279,180.60972405171142,0
4805,22.194032617851434,177.8051958714832,0
4806,22.457112685413964,175.73670875285018,0
4807,22.24924292073422,183.00597346531882,0
4808,22.250805775009287,178.23027050051888,0
4809,22.28969297266223,183.5907934005977,0
4810,22.299016414485177,180.2424740631755,0
4811,22.261400528428872,181.05704030037546,0
4812,22.289642424859107,179.55396531617822,0
4813,22.286566713376626,172.23867736937592,0
4814,22.302452447528626,176.80950277907823,0
4815,22.09859578393032,179.85843051539823,0
4816,22.43640144979893,181.3454413342533,0
4817,22.272893545445744,174.89792516096537,0
4818,22.32988040136423,180.12183358067648,0
4819,22.171945196937816,176.93153598156985,0
4820,22.243284742060727,181.01787623272662,0
4821,22.225959713572614,180.27149872237518,0
4822,22.396111880036592,182.57588896904613,0
4823,22.23046667716249,183.5615336673783,0
4824,22.33678475698239,181.75371281499795,0
4825,22.222920134156823,182.9735995422926,0
4826,22.237568502001356,179.35706431621998,0
4827,22.25296709954629,188.89311414938842,0
4828,22.3741606815014,176.78297189328114,0
4829,22.119115694339772,178.87182610441818,0
4830,22.163910549463967,183.17483032260776,0
4831,22.112247852464954,182.7445763986718,0
4832,22.179909646769293,181.96423411742094,0
4833,22.20086829535745,182.54367416876687,0
4834,22.13553322826858,174.28269431738053,0
4835,22.204864297508873,185.3169057955939,0
4836,22.101332320254528,179.95297700331125,0
4837,22.1799927284082,184.31796872460725,0
4838,22.356396805102968,174.49533876155795,0
4839,22.291590577774492,181.38125224521386,0
4840,22.273250330120373,178.93666394217138,0
4841,22.17698905399294,182.35915098062716,0
4842,22.13329201456582,181.6096172239528,0
4843,22.164022861267235,181.77216008706677,0
4844,22.25068417287591,177.5127978382627,0
4845,22.322589801180374,180.5343170222912,0
4846,22.324328852254016,180.18031988921985,0
4847,22.30160136040749,182.2223428659644,0
4848,22.19116985928105,183.71989038768623,0
4849,22.251169568384675,181.2190086738357,0
4850,22.222538500968295,176.9546402881545,0
4851,22.231200203757037,181.1214644598596,0
4852,22.409324269526945,188.6475221198336,0
4853,22.10446185468163,185.7678692379397,0
4854,22.225724758536234,171.9222087033524,0
4855,22.34052505209624,181.05098519303158,0
4856,22.12540927230476,183.6728567471405,0
4857,22.19028547797103,180.3450535656776,0
4858,22.198576110878992,179.5272921610517,0
4859,22.22215918101596,180.12219637398627,0
4860,22.11147821419538,182.59517524654532,0
4861,22.28591937063333,177.50870820501515,0
4862,22.290750448366694,184.53568888144827,0
4863,22.277277763188415,180.81714210431898,0
4864,22.16614741635884,178.19553965796197,0
4865,22.241877058492555,184.38914750729023,0
4866,22.16218918280882,176.39618188634154,0
4867,22.206734207566175,179.38141481895718,0
4868,22.40482625454162,179.34748324606198,0
4869,22.239420681666147,187.50979030626755,0
4870,22.13598851717037,179.03835084703454,0
4871,22.244652432429685,174.64395865871498,0
4872,22.12132627247681,179.37884254167693,0
4873,22.13280284521151,182.50636479128443,0
4874,22.144696953546248,183.50738543890625,0
4875,22.191714582793093,188.00016101242508,0
4876,22.30149880876357,185.4066367552324,0
4877,22.27210451945577,181.76510580587052,0
4878,22.266973097356882,178.54247736941474,0
4879,22.136529754836648,186.10418347490668,0
4880,22.180458270544353,180.14177949392788,0
4881,22.244852664622943,179.28835885028403,0
4882,22.17216560070609,180.02696091118764,0
4883,22.199509982208397,177.53666059916299,0
4884,22.256445573103868,179.9137991748663,0
4885,22.192602133675706,180.62485962019377,0
4886,22.23796528368371,183.53147051350206,0
4887,22.34668486693057,180.19054259591155,0
4888,22.204913473413704,177.56772749514838,0
4889,22.31241430934866,176.57407698379538,0
4890,22.262231524797542,182.0293814257048,0
4891,22.09952672951171,181.63381887706277,0
4892,22.128168837979445,179.76826261183197,0
4893,22.14909538965703,180.04408098352204,0
4894,22.146849082366025,182.62715086911365,0
4895,22.207475073553326,185.648558519242,0
4896,22.263341723263594,179.15170557055714,0
4897,22.314064394016736,181.77405716949477,0
4898,22.237796830447298,184.3973588795248,0
4899,22.17698914914035,179.20939336820624,0
4900,22.045574498099842,181.5060179269252,0
4901,22.217320847246594,181.45409484966873,0
4902,22.213264785839193,177.64935259466168,0
4903,22.225376570997543,182.10388047361155,0
4904,22.378790211757874,181.70815295950487,0
4905,22.309097051219336,183.2938954479786,0
4906,22.272222168302758,178.08309588817244,0
4907,22.132028724756665,181.68876781478758,0
4908,22.16754255369387,185.8191488272028,0
4909,22.200591446719486,187.92152463616088,0
4910,22.145752975085916,185.54447987513836,0
4911,22.247438889621655,178.18793279941605,0
4912,22.235580275736023,183.0873488277977,0
4913,22.11959844664915,180.29978263613407,0
4914,22.302053575676105,182.61594373078358,0
4915,22.214147905391652,179.46259933252264,0
4916,22.06730190177539,176.65382442797963,0
4917,22.201194358852085,180.77567604356747,0
4918,22.227482181145355,183.99200645538298,0
4919,22.282502617737006,182.703155735009,0
4920,22.17738437145525,183.06294554599276,0
4921,22.270330494332747,182.51808572504265,0
4922,22.218789438956154,183.09753716034155,0
4923,22.09834605959453,183.4873970803496,0
4924,22.09007913922862,181.08971156892457,0
4925,22.29284903113855,182.17730847607783,0
4926,22.29848444687094,187.17327963379796,0
4927,22.22840963566738,182.38445199299994,0
4928,22.32201433591287,182.10089036979326,0
4929,22.28667720614376,182.2966808524546,0
4930,22.25663905815052,181.34911560045396,0
4931,22.12885390626767,180.7115733616184,0
4932,22.34009291733997,182.65846309456802,0
4933,22.24431225223765,180.53005425425457,0
4934,22.170380286685486,181.62541337908206,0
4935,22.147634771771916,179.7051582228861,0
4936,22.221497792647963,182.41546769753384,0
4937,22.06713881738035,183.8587327234822,0
4938,22.25667559794914,181.4851044829428,0
4939,22.124304001695982,176.110400387667,0
4940,22.230135987090666,183.92132232943823,0
4941,22.158665124718762,182.52541648720512,0
4942,22.17915841094974,179.1998130327975,0
4943,22.13968601835385,184.51394559562013,0
4944,22.18727709872566,178.0134717139605,0
4945,22.351272207556274,185.35956747103242,0
4946,22.31088275095645,182.06582683651322,0
4947,22.228402180907228,175.4458982012197,0
4948,22.197995954190485,182.80203348270052,0
4949,22.267540969129197,181.06300337212642,0
4950,22.290397631528602,180.62555271872114,0
4951,22.133619403297164,180.0974276903968,0
4952,22.193824386025106,181.943446146133,0
4953,22.054287206142146,180.8840000832277,0
4954,22.28992614961343,176.78395197005622,0
4955,22.365323784490954,186.18466679833722,0
4956,22.20658206318997,181.64981437592326,0
4957,22.030237998182812,180.20149016963393,0
4958,22.24902314929388,179.02641561229976,0
4959,22.128067618415486,184.73825777553122,0
4960,22.147419383051567,178.5451239511652,0
4961,22.250715778054786,182.85672332294658,0
4962,22.22106606596193,180.71813914600992,0
4963,22.16177484214034,180.9071349813616,0
4964,22.14898663951872,179.1870061606347,0
4965,22.211163256614007,180.65100012765956,0
4966,22.168490144453425,182.5526520547255,0
4967,22.112669166972747,183.24639069983837,0
4968,22.174973562739115,180.19789830554151,0
4969,22.228926235226773,182.2960767612157,0
4970,22.187700482446573,185.248429873761,0
4971,22.089067730360576,177.60934981827526,0
4972,22.281482967928508,182.59257967545838,0
4973,21.983471982279536,179.7731679689876,0
4974,22.167096500198124,179.4815825027859,0
4975,22.15342836516229,183.43676668030832,0
4976,22.215146791336934,181.03205666910688,0
4977,22.248483372941752,179.03146234532144,0
4978,22.29395926467542,186.66876356790533,0
4979,22.147103043068796,185.47020632486687,0
4980,22.25130907069206,176.92702512935978,0
4981,22.220344699852664,178.31464516139667,0
4982,22.068062514656866,184.53226854086193,0
4983,22.35734500795441,181.91122474810038,0
4984,22.090525583335555,187.28150014378406,0
4985,22.23952286047172,184.64269631757372,0
4986,22.237505034484236,183.70597545712542,0
4987,22.228714012679852,179.75586333086858,0
4988,22.16746141722584,184.30962547380776,0
4989,22.273581939714084,179.02184647497216,0
4990,22.082956147091295,186.77868616178785,0
4991,22.202912712179852,184.14316292859016,0
4992,22.16347215950541,180.41603031433752,0
4993,22.154811059797034,185.31830940076765,0
4994,22.243717117839044,189.64258694994993,0
4995,22.296047610941464,182.27887614955338,0
4996,22.18283052699466,184.5966620907647,0
4997,22.273196757908487,181.66360944773078,0
4998,22.21518242357916,183.22880866344946,0
4999,22.140255104474168,178.46468255938134,0
5000,22.19151763013095,182.9984114594824,0
5001,22.188684642361277,183.14432518835207,0
5002,22.157410030348856,188.42415907342436,0
5003,22.247930354972823,177.65570820095488,0
5004,22.232941894433427,182.21159811717888,0
5005,22.087446277380316,186.93211016995542,0
5006,22.0831137961015,182.35593302495275,0
5007,22.249757816559082,182.58069079075528,0
5008,22.151116886016965,180.60838498159225,0
5009,22.241069381398678,180.32377127898428,0
5010,22.27995644566169,177.65743009079625,0
5011,22.116391057578678,181.26072812700642,0
5012,22.105739196966574,180.19366960764367,0
5013,22.353221125040626,183.52919050681638,0
5014,22.248006179192544,180.8253868698373,0
5015,22.186964695637947,181.76291414034816,0
5016,22.14642164148977,181.858344590701,0
5017,22.1809440295199,183.083716862402,0
5018,22.127185412648096,181.6558751536514,0
5019,22.293765549999538,180.06929095016733,0
5020,22.161623326690698,183.52513354193368,0
5021,22.311926487141193,186.48344645162567,0
5022,22.193083157515495,183.6795354953611,0
5023,22.14236464892504,181.47779312078436,0
5024,22.19243716207533,182.9509100801792,0
5025,22.017325996768633,177.181523087048,0
5026,22.21832531828823,182.92826240526153,0
5027,22.2151141413223,182.15843386603208,0
5028,22.295449366285713,180.57211919309324,0
5029,22.079321210937902,181.12918538918694,0
5030,22.32393995211843,182.16773391693008,0
5031,22.29741299505826,186.38874593242505,0
5032,22.332712305463847,186.70046265644686,0
5033,22.229124230347566,180.65279275349283,0
5034,22.315256148702566,181.89579939252948,0
5035,22.11725667243702,181.98510126835765,0
5036,22.29282111551849,185.90432358070646,0
5037,22.174914716218982,183.92499876381382,0
5038,22.105335319171807,183.77961685605982,0
5039,22.14836524435314,185.12277927346125,0
5040,22.23959727805422,181.73747128852204,0
5041,22.174078422122868,187.63106714568832,0
5042,22.270985073220068,183.5468451005347,0
5043,22.09712626759201,180.9969890388365,0
5044,22.072512788418177,182.88842851840016,0
5045,22.353376134252034,187.28573257604756,0
5046,22.316802914162132,182.32709494400396,0
5047,22.161478126768817,186.46374380634316,0
5048,22.246114066292517,181.75155731085968,0
5049,22.328855949652723,181.34310301568007,0
5050,22.28178195203452,185.6313608058352,0
5051,22.261063429487034,181.0431003258594,0
5052,22.337786734911493,186.14506307240293,0
5053,22.192695373392723,184.74471942833122,0
5054,22.25463373477636,181.08143344744173,0
5055,22.25170776773885,183.500235463876,0
5056,22.232319995213906,182.08056380999125,0
5057,22.223970906396318,184.7861137938239,0
5058,22.26200827031568,189.41485067288048,0
5059,22.25996393817411,182.65158823149054,0
5060,22.17437870494381,185.37725116787453,0
5061,22.32344720494404,183.86143869769882,0
5062,22.18225235648885,183.87245834495485,0
5063,22.24397315074584,183.31681228991027,0
5064,22.238887040911596,181.25229159943746,0
5065,22.292244406250784,184.8420538597309,0
5066,22.095163413378426,182.98247253965678,0
5067,22.337069084647172,181.14633493718648,0
5068,22.212750588541233,186.91526591308858,0
5069,22.365629329302305,184.18175938902343,0
5070,22.230910439924628,183.2123914179514,0
5071,22.26639642020346,187.92878919581946,0
5072,22.42455595456053,178.41227901734163,0
5073,22.25042405605885,187.75086343665802,0
5074,22.37288600794755,181.3036876273559,0
5075,22.278077377215844,184.59067250884698,0
5076,22.30937186445066,182.20367992957975,0
5077,22.28292845286227,181.2106371765813,0
5078,22.34636210897992,187.93304170583147,0
5079,22.224902453850003,189.57174630361345,0
5080,22.20224088111913,183.3511066861999,0
5081,22.231107209030377,185.03286726458407,0
5082,22.2914074219144,184.20904883604615,0
5083,22.267011107684482,189.2411998396602,0
5084,22.342753335355994,177.72180447573535,0
5085,22.391573316635025,185.2041747970083,0
5086,22.210399834388163,181.90294627132172,0
5087,22.23103178856176,177.02792589638813,0
5088,22.17613798315,183.02569234328442,0
5089,22.45476505908866,189.66286553221897,0
5090,22.318015485642604,182.1619798829613,0
5091,22.33334142395213,186.51380396110045,0
5092,22.189064470904224,187.74887563441254,0
5093,22.297520020537064,184.12609177394881,0
5094,22.339694494717957,184.53684363478777,0
5095,22.28008361904573,179.03784903942673,0
5096,22.38771878817026,182.04948845356225,0
5097,22.487975441155275,186.93021142761512,0
5098,22.228639030228308,184.40240550797424,0
5099,22.22402065762672,185.33354327750075,0
5100,22.236959191730165,184.64211342616844,0
5101,22.437076091238353,190.82974517537394,0
5102,22.39337748999657,182.97323734967213,0
5103,22.300564152973354,189.09206124251014,0
5104,22.31575685560754,184.687345744417,0
5105,22.248942669342572,189.3804085842903,0
5106,22.38691076449105,180.63382351880466,0
5107,22.286767216251054,184.87363100375947,0
5108,22.29781232952916,183.14950101681976,0
5109,22.36878902733285,184.7598356826808,0
5110,22.3065219280282,188.01937501407212,0
5111,22.30424818761812,185.49947276328228,0
5112,22.325383676040715,188.03495983460928,0
5113,22.389666515497726,182.37388632441056,0
5114,22.459266163242155,181.9267540201531,0
5115,22.375902444223346,184.4542502760259,0
5116,22.394853687122772,184.30062598754515,0
5117,22.31613338442118,183.86962161158803,0
5118,22.277039178378423,181.5618913928596,0
5119,22.387531323159344,188.04429777514613,0
5120,22.350469207924014,183.3703573509639,0
5121,22.22452524868037,188.74759870618777,0
5122,22.313663631503314,184.5180591893245,0
5123,22.334859143293922,186.4355499360701,0
5124,22.30224400333076,186.1737953466738,0
5125,22.46321721213218,182.03821462382132,0
5126,22.38467120428407,185.6229891184673,0
5127,22.457751756848246,190.31668970711243,0
5128,22.37059341209455,185.2968070932116,0
5129,22.357659971722544,187.25604888263288,0
5130,22.27785857909122,186.64225132737673,0
5131,22.355386112940685,185.49377062791737,0
5132,22.357129276169303,185.1422123249821,0
5133,22.24837690912437,186.23484595832244,0
5134,22.31625270565938,186.89283855031863,0
5135,22.335228984080857,180.55655882128752,0
5136,22.3958544291051,185.36498812394407,0
5137,22.401376312530523,184.0808425925578,0
5138,22.319662806758632,183.4684607274039,0
5139,22.405385558302797,188.5408675961191,0
5140,22.35502508276674,182.46343702455027,0
5141,22.141744883471283,180.48843793869182,0
5142,22.334269071583204,187.06973112018753,0
5143,22.461102713276333,180.43120610488072,0
5144,22.241985167524607,178.91833151007935,0
5145,22.387298526867667,187.43670465525437,0
5146,22.50686530617148,185.19777688345548,0
5147,22.320964104961277,186.14944519897074,0
5148,22.383761332213584,183.4136473499153,0
5149,22.281051880546947,180.59732294301293,0
5150,22.517342936837906,181.2027584008944,0
5151,22.382296566932556,183.9530994220312,0
5152,22.394499501394133,180.96197093439105,0
5153,22.500926991372545,185.709818861141,0
5154,22.447322227050233,183.4107341368193,0
5155,22.326182037222043,185.36263101824227,0
5156,22.346285838956433,185.282349235826,0
5157,22.439505648657498,185.9866524748941,0
5158,22.351831843196138,186.3340172753581,0
5159,22.234239735284067,183.8131506605707,0
5160,22.401224875726957,185.4060097661512,0
5161,22.288939310080615,185.5713426153801,0
5162,22.538538267784393,177.58583023407076,0
5163,22.42526534132526,186.8212279345832,0
5164,22.340602103858213,185.34059336303207,0
5165,22.35902644553167,186.5919959267008,0
5166,22.265673291032957,181.04836751820835,0
5167,22.330783312280776,183.9705941076037,0
5168,22.50196836705328,181.65230688510547,0
5169,22.601134709160704,187.16964723676378,0
5170,22.482639880784994,180.7294075055266,0
5171,22.419108110789928,182.16767291876036,0
5172,22.393865106241442,186.5654258304633,0
5173,22.353859498121093,183.08317201762978,0
5174,22.597124682717965,182.19490174020504,0
5175,22.41921467890161,187.70897596243583,0
5176,22.605543018434123,187.84066271403623,0
5177,22.549759118372677,187.17241653983538,0
5178,22.301005613081603,187.5609731900305,0
5179,22.388991726055604,184.32871316621225,0
5180,22.390749693698897,184.4182444837627,0
5181,22.439897751775217,183.09631748779285,0
5182,22.443479224762363,185.55225219481977,0
5183,22.690029118988313,183.47383847224842,0
5184,22.366184085299068,183.76676893523114,0
5185,22.472718906803152,186.87406823217253,0
5186,22.50576757598821,188.63634926483596,0
5187,22.458373463896336,186.2858420526993,0
5188,22.46937253615553,190.4823037536489,0
5189,22.379038816997078,182.99106935943897,0
5190,22.473214410481127,179.6019170684968,0
5191,22.507685943494387,187.26791450207926,0
5192,22.495067076619897,182.81668490302286,0
5193,22.516566580054043,184.3192283878642,0
5194,22.586057063955955,179.83899990397848,0
5195,22.55011010016074,182.45880772697123,0
5196,22.482967085887708,180.65776991228594,0
5197,22.38563995803666,183.86952066820083,0
5198,22.433503657172604,183.99671882199178,0
5199,22.466063357667448,185.45816187776555,0
5200,22.505957578758082,188.91532131577216,0
5201,22.449645619492085,187.2347073831389,0
5202,22.4152021522663,180.34528017799772,0
5203,22.39715969430856,187.0436001706326,0
5204,22.362282337143675,185.5625469590455,0
5205,22.477747630858165,184.94149674632848,0
5206,22.381143715542805,185.1745347484011,0
5207,22.420854267899898,185.8639119858257,0
5208,22.471569625949805,183.18217970722247,0
5209,22.39839989896264,184.71833684973834,0
5210,22.53785099481937,188.8247200476473,0
5211,22.568892202166072,183.1686624364702,0
5212,22.467929707296953,182.19815678386468,0
5213,22.47913714361257,185.11010334928045,0
5214,22.559315089721228,181.91089441026313,0
5215,22.46142837369959,180.14157646041522,0
5216,22.458162408259746,184.28381994416284,0
5217,22.618739978282413,189.67034633604746,0
5218,22.59599990981406,185.215891108299,0
5219,22.575639466091573,185.87462084995025,0
5220,22.60382336787755,178.95559407067685,0
5221,22.37385156198084,186.66752855982395,0
5222,22.642608467617617,185.6403259138964,0
5223,22.567940031452554,183.3725233549101,0
5224,22.619716657784625,185.9144219756436,0
5225,22.57211179324847,185.89160130067,0
5226,22.547343131826867,182.20970166948987,0
5227,22.523700266968557,186.39061871038828,0
5228,22.577397947410944,188.99331889599463,0
5229,22.525393465005934,184.7249062762529,0
5230,22.62207576522861,182.81272909878783,0
5231,22.428046976035578,184.8895153828088,0
5232,22.513960691661783,187.9928018999894,0
5233,22.723201267810136,181.7566753099866,0
5234,22.511862984120167,187.1779388621013,0
5235,22.545194074142902,183.41481566738904,0
5236,22.496026957105798,186.18160589842162,0
5237,22.595851025825375,183.76894304966274,0
5238,22.512437372805426,183.76736879456797,0
5239,22.558850104358854,190.044149713595,0
5240,22.64397391149624,181.25401297425512,0
5241,22.52253429009747,186.94374149142834,0
5242,22.643900164765153,190.68794879280122,0
5243,22.64897063977237,187.55683628560817,0
5244,22.66997488007904,181.51323669698635,0
5245,22.5992128196654,181.66800573414716,0
5246,22.849666434261685,183.26405285399125,0
5247,22.67712956312307,185.99879661540578,0
5248,22.621163198655612,186.20900699179816,0
5249,22.527510089569272,181.72215736523583,0
5250,22.59223526993007,182.92500481972684,0
5251,22.716526989329957,183.11482190805924,0
5252,22.741609275982714,185.0129830845153,0
5253,22.725543325143107,191.51522594571392,0
5254,22.67252765722738,182.7674563265232,0
5255,22.511699487299285,182.64198381782418,0
5256,22.653570006144683,182.17923802989796,0
5257,22.51773432340327,187.4910559916506,0
5258,22.500502937273318,185.466122576448,0
5259,22.641092082870937,182.9071544943487,0
5260,22.666278705552863,184.5130958076482,0
5261,22.699160855606554,183.2325616843005,0
5262,22.669134071134998,186.50033802854693,0
5263,22.674367051032338,193.67132713460197,0
5264,22.555549451553656,187.27628515402807,0
5265,22.628409465433588,185.35018247021281,0
5266,22.5187286245977,183.6396390501044,0
5267,22.48152319937697,181.60974414526592,0
5268,22.703543273439504,187.84635380793446,0
5269,22.586545366263326,187.68864867948054,0
5270,22.71910296274018,184.25754595648067,0
5271,22.74048292673254,189.301074932997,0
5272,22.604786014988555,185.72957903808015,0
5273,22.70407678084191,187.99568682896663,0
5274,22.60648402845885,186.5651031590643,0
5275,22.514235080637295,185.15017313733773,0
5276,22.674303086398456,182.82195662613506,0
5277,22.629305455814418,185.254991390665,0
5278,22.6343093352934,188.22270487253599,0
5279,22.830089022354386,184.17706018471603,0
5280,22.55254212692074,187.02556328458044,0
5281,22.707793453747804,182.46296591844626,0
5282,22.600136194982902,188.05614389591258,0
5283,22.754942600233562,186.6595490433839,0
5284,22.708720971221243,182.11910969458816,0
5285,22.717762645143033,185.0580760961783,0
5286,22.614396361430135,188.5290808167451,0
5287,22.63131670880909,181.96225958348734,0
5288,22.76932373950745,182.53106626931762,0
5289,22.83939118828343,185.53994653241443,0
5290,22.738739350645208,192.15291060050575,0
5291,22.631112073898095,183.7396257396673,0
5292,22.73261543964922,187.24758411281815,0
5293,22.902296336076915,186.5465309686692,0
5294,22.718894168791838,184.00188815649864,0
5295,22.83025290911525,186.25813147407652,0
5296,22.656688080806394,184.43547141450108,0
5297,22.715159797145326,184.70976540405016,0
5298,22.770707578632592,180.80352880242737,0
5299,22.755547705462202,185.71816087668367,0
5300,22.665072790930573,188.49283547760206,0
5301,22.66424826723332,185.9718779364405,0
5302,22.810701496448004,189.07512979912255,0
5303,22.829595159505047,187.54855498177488,0
5304,22.857878167258885,185.6328750477811,0
5305,22.883859915094504,183.93160879922004,0
5306,22.752956998721395,184.36044094562425,0
5307,22.719936613023016,181.4115074189999,0
5308,22.855560045544593,185.02556900916284,0
5309,22.80717760773834,186.26852885752314,0
5310,22.674189983806635,190.98048281578377,0
5311,22.672752902788,187.42282744569073,0
5312,22.79745850350815,183.24691147682503,0
5313,22.746585393276412,181.52693549526268,0
5314,22.761319163585505,185.2289109035336,0
5315,22.851905305398624,188.28734726353431,0
5316,22.829497534043227,185.19365156154933,0
5317,22.877839165949496,187.48485961228542,0
5318,22.61960394601583,185.318897098855,0
5319,22.79707894854631,188.01660093073554,0
5320,22.835065197138174,181.07711153628586,0
5321,22.660048933832524,190.6846777179704,0
5322,22.73247249220299,182.53788651905944,0
5323,22.720316293024236,188.2596990902174,0
5324,22.7919845107721,185.06507506372344,0
5325,22.92317308141351,185.53722798131867,0
5326,22.957450546024557,185.16445026604302,0
5327,22.73320150915965,186.6575736866218,0
5328,22.8431726703076,187.26629713421482,0
5329,22.848457919468345,189.0717312178252,0
5330,22.837472545241447,190.12337609317586,0
5331,22.841091604716272,186.89783641402732,0
5332,22.836185709714034,191.04619636532036,0
5333,22.94960728686919,186.18685267700215,0
5334,22.90551662506092,189.1429770436874,0
5335,22.735226844717044,187.19949537306692,0
5336,22.886418888374866,184.26836232814694,0
5337,22.896875276843684,186.46227800619852,0
5338,22.85340912123849,187.43064993096823,0
5339,22.92145411247591,185.82705807682342,0
5340,22.848716570089714,187.1646995975635,0
5341,22.852440576212665,188.52465587705936,0
5342,22.848836906657393,185.86084389486442,0
5343,22.680414600832727,177.1016559864196,0
5344,22.838180647511553,190.97044445225805,0
5345,22.793892757742398,185.04513403025703,0
5346,22.755179110076014,183.47030128380246,0
5347,22.967560382288987,182.57000397165444,0
5348,22.895921285282306,184.93514933582773,0
5349,22.855945721268768,184.2583549902449,0
5350,22.815897189778262,183.7376407765888,0
5351,22.887525967437472,183.90432027124376,0
5352,22.94589989009252,187.54191668006632,0
5353,22.803181962722945,192.04572685894712,0
5354,22.871708780064402,188.41825884562138,0
5355,22.944297747875908,189.32620529599328,0
5356,22.72273124064604,184.82800649926216,0
5357,22.875766144252598,186.27601769133267,0
5358,22.848790267506267,187.24321294542193,0
5359,22.87519046441519,183.9867953148703,0
5360,22.84853123472219,184.68994116056228,0
5361,22.90243751046914,188.53240872556958,0
5362,23.04808506542812,189.2412116850677,0
5363,22.871049724823663,186.17410387751337,0
5364,22.923070293876084,182.3879002452823,0
5365,23.06208423874861,185.088053615795,0
5366,22.861275579084996,181.652252988947,0
5367,23.053224307520026,186.20322948846183,0
5368,22.91125069476511,186.7451664893113,0
5369,23.056152213504376,185.1681198098202,0
5370,22.976393319381582,186.70663766954837,0
5371,22.943723631260237,187.23341965255685,0
5372,22.91668322564175,186.75447299206812,0
5373,22.874790034154852,182.38042590160683,0
5374,22.93355725983892,185.22631269647556,0
5375,23.002064322523474,187.21668247423042,0
5376,22.932008810854416,190.72429568448763,0
5377,22.91051103613196,185.17334890881088,0
5378,22.918562174764325,187.6425715010285,0
5379,23.02080757138454,188.6253903204747,0
5380,23.042207737412685,185.40189411340978,0
5381,22.89360883857853,189.4378020078436,0
5382,22.89628055578075,189.5998607440645,0
5383,22.982903614712598,190.1352128586695,0
5384,23.077545361186047,187.37003348754976,0
5385,23.04981045967065,193.07578596641696,0
5386,22.860772007189116,184.1501210243789,0
5387,22.94258353189725,192.36875817072686,0
5388,22.89205119264148,188.30193782816968,0
5389,22.947888750976762,190.0186742082426,0
5390,23.100433202320826,185.0378306862282,0
5391,22.861063340834857,188.5317586901993,0
5392,22.84815346555873,190.27960659184214,0
5393,22.91416992520319,182.73691657490937,0
5394,23.006230912299394,185.5092809494437,0
5395,23.035698460501436,179.57572790075048,0
5396,23.023826130517605,185.46467208564562,0
5397,23.085677404965484,183.55179036548847,0
5398,22.853368144222916,185.34661468958436,0
5399,23.092274401936535,194.77090951114988,0
5400,22.975032374396296,191.1534105203916,0
5401,23.061312065916567,181.68163682823402,0
5402,22.899710974097314,187.66713265828278,0
5403,23.00877396305372,188.39660820704646,0
5404,23.030071405918434,184.9859797560793,0
5405,23.106422008149703,186.5344087749197,0
5406,22.889933566098065,186.82720641713496,0
5407,23.02200594640491,181.9591583874954,0
5408,22.935518487687485,182.90469603859063,0
5409,23.065568290799163,186.51522473663098,0
5410,23.09009692027849,186.29615153379865,0
5411,23.133683866670662,183.87182406291063,0
5412,22.990698166638687,183.61391094263286,0
5413,23.110468509358505,185.7271876631764,0
5414,23.147951942834656,188.65442322162176,0
5415,22.910409007405917,185.76591690460373,0
5416,23.093644797602405,190.8629294725001,0
5417,23.12412599916318,183.90659701349824,0
5418,23.029534304712456,186.5726686541363,0
5419,22.95615723411799,184.92969247806957,0
5420,23.131241639484077,187.75566004776678,0
5421,22.962629851497482,183.64617093802764,0
5422,23.047107107740587,191.77224416166544,0
5423,23.06094921483882,180.91728895029894,0
5424,23.124185318802173,191.13460108961036,0
5425,23.019594069437126,186.25711894675814,0
5426,23.017739369051995,187.64337941825437,0
5427,23.08319988895586,189.9885914877735,0
5428,23.1585775580169,188.55687134884496,0
5429,23.263841037798606,183.79263527192614,0
5430,22.96302427463182,187.78177266818656,0
5431,23.111626845987743,191.58267299083738,0
5432,23.002252343666317,183.31708201901455,0
5433,23.173454619850833,192.33290779253957,0
5434,23.019639610860462,187.1333538503703,0
5435,23.043523617269532,184.6751462496872,0
5436,23.053124918126322,183.2935036337937,0
5437,23.096940562164466,185.30201184574278,0
5438,23.131660919954395,180.1044984265559,0
5439,23.147268569436125,184.72301944339398,0
5440,23.110877077073432,185.1783496406428,0
5441,23.00771186516916,182.74222804846139,0
5442,23.175089314874747,188.20730131744415,0
5443,23.115391581661925,185.30572273131278,0
5444,23.215327452228408,184.0528529597591,0
5445,23.06852846967379,184.9824089365239,0
5446,22.999722971965383,187.02186647152422,0
5447,23.127938689578652,186.1743001673388,0
5448,23.237091212435622,183.84976294362414,0
5449,23.14904297026211,186.3276595028988,0
5450,23.122944958199714,185.7966412955441,0
5451,23.072040030843073,182.5282058147494,0
5452,23.285036633534915,185.07897296230686,0
5453,23.064792872899393,187.68034966987557,0
5454,23.091873511058324,187.65655672598888,0
5455,23.198249931987956,185.24801532370782,0
5456,23.006905825785033,187.96595238213587,0
5457,23.26009312553381,182.99345250151316,0
5458,23.210797786054158,183.08399980627212,0
5459,23.23553532721832,185.17480210919763,0
5460,23.21097871361018,190.41882845183224,0
5461,23.1561699557678,186.41340735064585,0
5462,23.086736364921215,185.09503686944353,0
5463,23.163308557819235,190.55098954667892,0
5464,23.09921989315536,185.0551609168124,0
5465,23.2188532682812,192.61753606620647,0
5466,23.247223082532372,184.3768065860664,0
5467,23.303543013291183,182.8727488607808,0
5468,23.217855101726297,185.40608772325982,0
5469,23.264792794590477,185.15511899118616,0
5470,23.16976593750132,183.4763695163359,0
5471,23.157983737662388,193.7025689168313,0
5472,23.236845660997226,186.84960320778788,0
5473,23.17073765677714,187.28350865248206,0
5474,23.225891469454844,184.50211818254272,0
5475,23.12215986093518,184.151703528184,0
5476,23.13922112831459,188.95830211488342,0
5477,23.26327763807091,180.85097678325877,0
5478,23.286071062524698,182.44674344535952,0
5479,23.138971704115125,185.13020584070946,0
5480,23.27415902949411,189.92202752130578,0
5481,23.180574030988563,184.7420487076803,0
5482,23.227193579570326,187.1107281184342,0
5483,23.341906247187232,185.9420931254329,0
5484,23.295824416277412,189.74427581044293,0
5485,23.297567122819963,181.0978848684123,0
5486,23.389269668711798,188.05645677631566,0
5487,23.182922286520885,185.24834353259132,0
5488,23.16302591460095,188.6161259989972,0
5489,23.186786462352195,183.38002015755316,0
5490,23.22685351122743,185.90739873197458,0
5491,23.061503885666433,185.52301244909262,0
5492,23.235924970621937,182.81949926549657,0
5493,23.211601788886863,181.98179980197037,0
5494,23.320513337576234,184.07799800611903,0
5495,23.288648073886527,186.20517884522553,0
5496,23.21503758716932,183.5407622938583,0
5497,23.312925773135994,184.81735195485638,0
5498,23.326222300586107,180.14621445320455,0
5499,23.209506673012918,184.68765085065024,0
5500,23.234174174229942,188.86631489760944,0
5501,23.09820950423099,187.90701055919288,0
5502,23.19160483990791,185.52657869966535,0
5503,23.222075753889875,186.5141379494422,0
5504,23.29001886405499,183.29419421400348,0
5505,23.211063745287454,190.64804746859608,0
5506,23.248223497101748,191.97373537683697,0
5507,23.193874972943487,186.26059563798307,0
5508,23.308188754030244,193.53381962224614,0
5509,23.33115143600698,183.71681287717976,0
5510,23.33187450260632,181.99968068900228,0
5511,23.303261520007194,183.61956613449155,0
5512,23.181570461360106,185.08544618996743,0
5513,23.257839965016416,192.67555685905592,0
5514,23.277427935376203,184.8912807065721,0
5515,23.280321277757768,183.15115222833106,0
5516,23.321152025111946,183.03006539236534,0
5517,23.431761622297508,189.14079137004387,0
5518,23.385246923060283,188.7078741324486,0
5519,23.243834814694015,184.25473900545745,0
5520,23.37966154448437,180.07898674953947,0
5521,23.379162616486514,182.31568488628648,0
5522,23.265998146023506,190.86028437835006,0
5523,23.400933907619155,187.75802482140142,0
5524,23.32273153508132,185.88299458673245,0
5525,23.225298330191404,191.2880802964238,0
5526,23.37703965122303,191.55149097139983,0
5527,23.36050505261168,185.5635858168973,0
5528,23.32745438870672,185.6135429398299,0
5529,23.345188632699195,183.91493293783293,0
5530,23.293170079120184,184.8020390840977,0
5531,23.402015122537165,181.19161121698122,0
5532,23.35223209258723,181.17412548517316,0
5533,23.371523177786873,180.47196778420277,0
5534,23.389273386505852,188.88757653332658,0
5535,23.27082555063753,180.9449413467972,0
5536,23.29413569989639,191.47357883306984,0
5537,23.191364271057786,183.42706364061473,0
5538,23.41581620877512,190.8247139053268,0
5539,23.276132510372168,184.51192955857718,0
5540,23.386182827020363,180.90292224622178,0
5541,23.407719669890405,189.447170833055,0
5542,23.428687594367624,189.79574424841297,0
5543,23.2866321332456,182.86626927712288,0
5544,23.380190009830116,184.58370211553716,0
5545,23.52147012986009,182.8554695075486,0
5546,23.527432901709734,185.20543744002038,0
5547,23.471708850414267,185.8846270161633,0
5548,23.42215294437289,184.50107433151368,0
5549,23.317170657714414,180.09259518282673,0
5550,23.457489730031284,183.80063924979765,0
5551,23.389774259004437,187.64780331879706,0
5552,23.449669273318758,184.90448028174325,0
5553,23.35660565621213,184.54275099816104,0
5554,23.395799642869264,182.72659934883814,0
5555,23.425162248734154,183.68259315330053,0
5556,23.43412385481801,189.73337207384978,0
5557,23.456305522629282,182.08093873578338,0
5558,23.372853126014068,187.65644485009307,0
5559,23.314101880228527,185.62880862150223,0
5560,23.553918214578545,186.21570473521982,0
5561,23.62544135437845,183.277796121846,0
5562,23.464455092879387,184.4130875616689,0
5563,23.325097260427082,185.44477633428355,0
5564,23.371510958878762,183.89341576045481,0
5565,23.4764406335361,186.44315535506013,0
5566,23.545339827728544,186.81458113411801,0
5567,23.34335334130465,191.95375169873816,0
5568,23.432766613726763,186.26353240288321,0
5569,23.460711057555763,179.68552762565747,0
5570,23.516520598879467,188.90456894861524,0
5571,23.422178614729674,184.7971187777649,0
5572,23.326868427434196,191.43768871722372,0
5573,23.50397080079871,189.80783088756448,0
5574,23.546554531361245,183.872363303429,0
5575,23.452253832141224,187.54694480080965,0
5576,23.49356506024035,183.5924051181928,0
5577,23.425465639519977,185.37534031827224,0
5578,23.398036552547758,187.3881827730289,0
5579,23.55008019443355,188.69215270064063,0
5580,23.501227869659136,188.03165663178893,0
5581,23.511714022048093,185.56385846234406,0
5582,23.59490432112253,192.78197509617337,0
5583,23.392592513227005,184.22941946277444,0
5584,23.435056777359716,180.4956195802894,0
5585,23.494086686428414,181.06582793915027,0
5586,23.438534232869,189.7246169708992,0
5587,23.548551594600422,185.06526663336163,0
5588,23.47312419344869,185.76499320655225,0
5589,23.410923018322606,183.6528081499738,0
5590,23.497790914275537,183.91479523807425,0
5591,23.508353817950585,182.90410183946437,0
5592,23.571692789254353,186.67129252025344,0
5593,23.5305549496193,184.95811494895563,0
5594,23.538174760400356,186.54764947162298,0
5595,23.529079647560447,186.25329119838923,0
5596,23.490565640428528,183.94964666582246,0
5597,23.450486881352912,180.84336198788566,0
5598,23.5330462599317,180.57439029863107,0
5599,23.485437778317273,194.28394336353062,0
5600,23.64941589738451,189.63067275597655,0
5601,23.623740733761018,189.20882834379455,0
5602,23.569123051438634,183.15655288267996,0
5603,23.550896728956122,185.2009596597511,0
5604,23.51569975911359,182.71836378487413,0
5605,23.423957324684633,181.22019218351105,0
5606,23.509657790229188,183.3820688732148,0
5607,23.53716149493134,189.11886000347903,0
5608,23.549497488077368,187.65442166173494,0
5609,23.57078888556083,182.21388682844454,0
5610,23.6090109009173,184.17139283565214,0
5611,23.48200414572296,187.35498559134695,0
5612,23.48479586149026,183.3864419723592,0
5613,23.65756931012558,185.3298200243872,0
5614,23.605231570544664,186.28827386948728,0
5615,23.514337012679334,186.24715858575624,0
5616,23.53906079122677,185.82840383608294,0
5617,23.541452892909547,183.09644193287843,0
5618,23.554221564771048,183.3961409291154,0
5619,23.591529186475412,181.6396117688318,0
5620,23.758526116055187,180.34801362716573,0
5621,23.572912607176665,184.67920477795573,0
5622,23.612738524444712,187.4636230119712,0
5623,23.42680430590092,180.86535577975056,0
5624,23.524915368548566,185.81644717663337,0
5625,23.663990625166566,187.34271131396545,0
5626,23.599841820537744,179.46987240410817,0
5627,23.21849167000361,184.1595523140529,0
5628,23.625499999891538,189.90111404702247,0
5629,23.726981637690685,186.60946031779943,0
5630,23.41579923338134,179.33338568454525,0
5631,23.69895919653033,186.91086149536,0
5632,23.3575810386999,182.68368487211725,0
5633,23.65629965238105,186.99183442336914,0
5634,23.582483011856148,182.83865300474784,0
5635,23.39708526407577,184.74075199773415,0
5636,23.622674917781485,183.2781384686825,0
5637,23.680944849627952,184.89112386522024,0
5638,23.619875232806432,183.1706606396178,0
5639,23.639429887994165,184.19270350545614,0
5640,23.56158177139479,181.32728694131765,0
5641,23.447469619328608,186.31683121915043,0
5642,23.65358759418579,185.36142531942286,0
5643,23.74006916926007,179.97665728930806,0
5644,23.692298395454774,187.79565483175247,0
5645,23.44473759781011,184.2786589971829,0
5646,23.48440449194453,185.28339513963027,0
5647,23.539739626524117,187.0823451560916,0
5648,23.481792609926977,185.76390623522514,0
5649,23.6145720164722,188.26527559570778,0
5650,23.64430881890962,183.88023347513118,0
5651,23.500206556215428,187.85382949652112,0
5652,23.678580870962673,185.10970392767612,0
5653,23.66627517431948,186.25418659038448,0
5654,23.576102860975848,185.93249765016174,0
5655,23.60791501028686,188.43409256121305,0
5656,23.467486277892935,186.86639786463292,0
5657,23.598635405432088,183.36355123361284,0
5658,23.627545563791095,182.75878131203044,0
5659,23.64218532215858,184.52348267683732,0
5660,23.660718755846993,182.38257144550408,0
5661,23.651663349358998,181.49639785505437,0
5662,23.6126842189029,178.2588838504649,0
5663,23.65842729183268,179.98528796131365,0
5664,23.717386493884177,190.57929853998928,0
5665,23.631268562173062,182.6435502435514,0
5666,23.665992688025522,190.31337181035525,0
5667,23.627360295139766,185.80236308442528,0
5668,23.592174324566365,184.43350210689954,0
5669,23.68739862306845,180.07080630235873,0
5670,23.60279551996634,184.57644248032832,0
5671,23.679742807270838,190.22876996485857,0
5672,23.652741038558425,189.21488056596075,0
5673,23.62778746246123,185.35440683180386,0
5674,23.62746449209637,181.0753752560948,0
5675,23.614671956037938,181.6395428091264,0
5676,23.52525527353984,181.94289088760536,0
5677,23.68914070244049,188.32472792571608,0
5678,23.6786145446449,189.3749904020386,0
5679,23.729638079615526,185.05704284445247,0
5680,23.620713505859488,183.5496276462949,0
5681,23.816418265457596,189.09447449557342,0
5682,23.63595811674011,181.5020659472768,0
5683,23.597869519235147,184.58266970086171,0
5684,23.589916657179756,185.8054805213568,0
5685,23.532222662097965,181.8175332350849,0
5686,23.795063514187998,182.48751472855034,0
5687,23.783647308867213,182.2433368666696,0
5688,23.723521953432392,188.62399233249275,0
5689,23.60526742827999,190.1061457783797,0
5690,23.82333989144987,184.69662381678341,0
5691,23.651776621467757,183.5367629140023,0
5692,23.659859480816305,182.5310381436103,0
5693,23.797821364255146,184.3249133212179,0
5694,23.737004254886877,182.65809253226874,0
5695,23.861822091662056,184.00672093348226,0
5696,23.70706569837005,185.52653454680856,0
5697,23.656831157636855,183.05989228518013,0
5698,23.64106654468902,183.69603265539564,0
5699,23.543660147387712,183.69736988726774,0
5700,23.670532661203055,183.28995038294087,0
5701,23.785779829801335,182.90717532212108,0
5702,23.74350267741666,186.50695802567344,0
5703,23.698595689420983,178.8969804676958,0
5704,23.618742906310544,188.920819620084,0
5705,23.717845607152533,184.59333114865908,0
5706,23.78207044045072,186.00552950751344,0
5707,23.736843920859986,186.339415531254,0
5708,23.717057671863962,182.02868156313073,0
5709,23.641286149389497,181.3984317728689,0
5710,23.775732619416104,181.03331960020105,0
5711,23.45711239467253,183.37751507000155,0
5712,23.739590520094183,186.20489671022523,0
5713,23.91587806658469,182.3445318851392,0
5714,23.59086322764649,185.90812013428842,0
5715,23.693495662974588,176.96904081661407,0
5716,23.713435775551723,182.9045542121702,0
5717,23.678316764346967,187.55109143043632,0
5718,23.79947934759625,183.52516121395985,0
5719,23.755602776887887,181.53901224950266,0
5720,23.73121926684312,182.04425397174035,0
5721,23.784036822015295,174.91902891222298,0
5722,23.722806077849828,180.9559762166904,0
5723,23.97705739339652,187.15136441547628,0
5724,23.735969396665357,182.22006289125324,0
5725,23.740668797508498,182.56244180459672,0
5726,23.589384538860465,176.94881491365535,0
5727,23.683912861053383,179.03988764613308,0
5728,23.820337143188926,187.4906711597399,0
5729,23.62285954490903,185.76050159356527,0
5730,23.558231792169927,180.0043711956628,0
5731,23.734552971974864,181.99301334619673,0
5732,23.84274974424779,183.78522909734735,0
5733,23.737594198842874,180.27235199193242,0
5734,23.70841830319408,177.83626613887415,0
5735,23.587724847742674,183.3590028495652,0
5736,23.773670851086976,185.54236962501184,0
5737,23.791470182401028,185.58799961129472,0
5738,23.597098226961762,186.42599739239174,0
5739,23.831459063743775,179.1274449873568,0
5740,23.8030027257248,183.94962807577983,0
5741,23.833373936908515,182.95834794746546,0
5742,23.79050319605727,183.48979388152264,0
5743,23.79713926939493,183.10383922291427,0
5744,23.78751671286855,181.74554213984732,0
5745,23.816342126917856,174.66119233321217,0
5746,23.6023599195869,187.1877023125565,0
5747,23.628762873901458,184.67981192768644,0
5748,23.69094495957833,179.22457295930832,0
5749,23.74040880447384,185.0844129667749,0
5750,23.78280505049338,182.31065415304792,0
5751,23.778679147421688,182.38317715675882,0
5752,23.843014427146322,181.32235088470716,0
5753,23.846457750244507,185.22586182716546,0
5754,23.685710287526483,181.20305063740673,0
5755,23.77550094928349,180.29944354515214,0
5756,23.68949288427481,186.9725836816117,0
5757,23.743154964939382,183.02808214811205,0
5758,23.784844118839477,183.1096199028187,0
5759,23.487280675101985,185.61679978345617,0
5760,23.953744736207298,181.5239514112163,0
5761,23.80701620838551,182.10953191525704,0
5762,23.714896272201283,184.4183930773052,0
5763,23.91758184323144,178.8643462985277,0
5764,23.736428196058977,184.13898417436073,0
5765,23.775645355636673,181.1957367626793,0
5766,23.726886333193843,186.01644928962511,0
5767,23.898817406567577,185.07715821871597,0
5768,23.759052403127576,184.66792647703167,0
5769,23.780193676600714,178.59049515874193,0
5770,23.86531192899269,183.08825123602753,0
5771,23.816585551420314,179.85368076494,0
5772,23.7661822082274,183.26190855818172,0
5773,23.860107601175883,176.4136579426343,0
5774,23.975091853932085,178.7239738487524,0
5775,23.798133496935208,186.9005222246382,0
5776,23.78279951791337,184.42750882347974,0
5777,23.787817503075104,182.24580689306123,0
5778,23.879700888969428,180.5679069399301,0
5779,23.727620461113474,180.02823505007055,0
5780,23.753971176243862,183.86830147535574,0
5781,23.653911987997578,182.2237522912017,0
5782,23.68285937145164,187.88138347281776,0
5783,23.73679670235168,182.6739212492421,0
5784,23.774388162773693,183.39112224660758,0
5785,23.921022717889795,179.03617669132757,0
5786,23.82299890783847,182.10629380157707,0
5787,23.707767128735814,183.70604822104912,0
5788,23.723099383838203,182.04337763934052,0
5789,23.891912610087328,181.69148826921617,0
5790,23.872646908477382,184.11572026514168,0
5791,23.785345903827285,187.66605726445553,0
5792,23.74825808243637,183.54307016716228,0
5793,23.874211566553747,186.5272742401297,0
5794,23.705297954141376,184.94605464490536,0
5795,23.816664178602732,186.3208186404659,0
5796,23.96764251985442,181.2250887244623,0
5797,23.80277673389976,182.41993505411176,0
5798,23.72480841830978,182.41884503059615,0
5799,23.820185982589116,184.65242490855215,0
5800,23.75024550488854,185.3772384666356,0
5801,23.67679705128652,183.36155481281136,0
5802,23.844879711806175,185.60287174272202,0
5803,23.87868448132955,181.26910297585968,0
5804,23.764836478292587,185.60155518038823,0
5805,23.759971818548408,185.97915577553934,0
5806,23.713657473867496,184.9505013203149,0
5807,23.7790102568002,183.30678646681434,0
5808,23.746428395736537,185.0304920418252,0
5809,23.71093836978997,180.19473376581996,0
5810,23.943587961425226,183.4580393546383,0
5811,23.829917697717114,183.75066976969893,0
5812,23.83876404084358,178.84675759975988,0
5813,23.86400889542107,184.24520416516344,0
5814,23.855374658392368,179.06112270851798,0
5815,23.76098812508932,181.5099322282224,0
5816,23.81617661632295,182.89905908854809,0
5817,23.773175773739464,180.57363709331435,0
5818,23.83009142531061,182.99955944276684,0
5819,23.822656042054504,182.9376005167115,0
5820,23.765004695425482,180.26339808036076,0
5821,23.689560669229287,184.4138611583444,0
5822,23.807880884542705,180.4034444817767,0
5823,23.78010801265788,189.54579484823083,0
5824,23.645477739076078,182.33937460511777,0
5825,23.83756869998449,179.1398497063439,0
5826,23.874421656379024,179.68660972049418,0
5827,23.999691620781714,186.06826119928903,0
5828,23.766346401515882,181.38393164707858,0
5829,23.754754630055643,178.50594406563258,0
5830,23.709297557772718,185.14420482223306,0
5831,23.8149325271526,181.32215830519368,0
5832,23.814606837187284,184.5149342827485,0
5833,23.733688155556074,185.3471520977598,0
5834,23.784758220785278,183.34960549663057,0
5835,23.64061037445251,189.6996806122806,0
5836,23.873155049699808,177.32345727476272,0
5837,23.7375221150588,180.0295437372332,0
5838,23.796525755966048,181.70123613781877,0
5839,23.685274859424673,189.23828200319704,0
5840,23.752924373658352,187.83442726876143,0
5841,23.777237956011184,186.29213417535422,0
5842,23.79878482427542,180.02931483769805,0
5843,23.838139793066745,180.36475099795743,0
5844,23.914950553458777,179.89720723838735,0
5845,23.858495031546664,180.0181824741833,0
5846,23.876895182659144,186.83213652144929,0
5847,23.91564446428786,181.6082647565416,0
5848,23.845557135086132,181.9905990247808,0
5849,23.797058550476713,184.63376533553577,0
5850,23.880728952500405,177.3055166720886,0
5851,23.885835869003166,182.43951794020666,0
5852,23.8518657716016,178.97642953489205,0
5853,23.68358592772952,181.36924866567676,0
5854,23.73260520695987,180.47866461357722,0
5855,23.777889827802674,180.30940238696525,0
5856,23.86219422843875,182.88549273622715,0
5857,23.798053478299302,182.85777507582785,0
5858,23.89063758270833,181.52004561513593,0
5859,23.90482417859213,183.2769179878993,0
5860,23.895446299109455,179.54436407471115,0
5861,23.895853578286918,184.18029330545323,0
5862,23.71633875170639,181.50225199620272,0
5863,23.837787295789035,180.65515720454044,0
5864,23.750442586596712,179.70715584882197,0
5865,23.666978321294923,181.3525099610649,0
5866,23.775754920781118,187.67387593805145,0
5867,23.904570819589193,181.85725854982425,0
5868,23.835280743552094,178.59921691304143,0
5869,23.959665924362113,184.77409845313593,0
5870,23.812229651829306,180.58705584802735,0
5871,23.993675802067,182.83930434383282,0
5872,23.8118438998229,180.15621822915176,0
5873,23.7992215264573,185.80067885442605,0
5874,23.69484308036588,180.17122523925102,0
5875,23.885800777696815,186.1222107275516,0
5876,23.756537508577537,178.76597410220205,0
5877,23.744685760529766,181.02014264594308,0
5878,23.89868036508647,186.08394209352477,0
5879,23.888562380566707,182.37355743044853,0
5880,23.886181625671473,188.6684997916666,0
5881,23.766345480453452,181.03173512087355,0
5882,23.790936266104058,182.59532692443497,0
5883,23.789909860664647,187.52467557581343,0
5884,23.85697386093902,177.2524751033097,0
5885,23.918322094792597,176.8659993503088,0
5886,23.823143485467455,179.37771741976562,0
5887,23.951328216735064,184.18934042943744,0
5888,23.864747985643877,176.90463723167105,0
5889,23.773814320848,183.51029448605286,0
5890,23.858511367483576,183.2842121516902,0
5891,23.928296207022935,187.73219584002993,0
5892,23.951280985037698,184.81040141277248,0
5893,23.88595641240553,182.75100737149722,0
5894,23.792636661449883,185.72115411761345,0
5895,23.772815212151635,183.24535452253502,0
5896,23.835794572343303,180.23330875981,0
5897,23.92317568890726,178.16456675816815,0
5898,23.82349835943356,179.875141488713,0
5899,23.824688868536295,181.44786003529038,0
5900,23.791958030755133,182.07796948666393,0
5901,23.761125201364898,175.1321494445377,0
5902,23.773886416119197,180.86386666273685,0
5903,23.797182358139285,181.5930939694968,0
5904,23.92327780028214,183.13475165762864,0
5905,23.766124644475667,186.35732240569303,0
5906,23.78897309035226,182.01865067705197,0
5907,23.714986726864854,178.71776173625508,0
5908,23.840990684997326,175.97696259466707,0
5909,23.89242824530681,183.47697419099222,0
5910,23.912477908263586,178.7934101047032,0
5911,23.798201877404534,183.98590438104952,0
5912,23.827286165329674,185.56236567715163,0
5913,23.768449383777394,176.72258330327713,0
5914,23.822360977820015,183.00117837234262,0
5915,23.804613264028127,185.20205184114704,0
5916,23.783524273278648,184.3659774242201,0
5917,23.789240997949687,175.00438700512203,0
5918,23.81372258313433,178.71722618326874,0
5919,23.753375229140065,177.42228904167658,0
5920,23.756836837654554,182.81788841034773,0
5921,23.912145241009835,182.47208105132108,0
5922,23.991710270410614,173.12304813831722,0
5923,23.677817980502855,180.29884316014156,0
5924,23.672701014533484,183.5881035332981,0
5925,23.6961684348066,181.61446990576914,0
5926,23.763750122374763,181.59393255765502,0
5927,23.84293876427027,180.044732688914,0
5928,23.81783028880199,177.94746506429033,0
5929,23.783536885765866,181.05768684854385,0
5930,23.811324200507286,181.24969350665828,0
5931,23.712868056011285,182.92372805255803,0
5932,23.747921357891837,183.1520082148039,0
5933,23.76505049570204,181.30462936745167,0
5934,23.639118290915903,184.31629969543096,0
5935,23.67213898839262,179.89132301868685,0
5936,23.674497404795662,176.66853877065742,0
5937,23.824520920707723,182.41628208766778,0
5938,23.782180930120152,181.34876158978793,0
5939,23.810588410199628,182.44491267517978,0
5940,23.613672813851927,177.1452527453926,0
5941,23.641292306335597,186.2954772850699,0
5942,23.81215804453612,183.03907216247424,0
5943,23.535921156674384,180.02804393038417,0
5944,23.85528975670054,178.07013873348052,0
5945,23.61054948899763,184.09241596324384,0
5946,23.822968687543984,177.54009804543395,0
5947,23.683491356377523,187.61394773135254,0
5948,23.83755825944356,178.97467861490782,0
5949,24.009357488276702,185.96024367497617,0
5950,23.569899886219037,180.22973579810215,0
5951,23.806424590036496,185.5098210342708,0
5952,23.605172574506014,178.54739388090627,0
5953,23.782989142368578,180.7929218764822,0
5954,23.731318768032658,183.1350690235196,0
5955,23.757246926994707,182.6914557948345,0
5956,23.67292413886615,183.99190840393086,0
5957,23.807287941449744,179.21160035016453,0
5958,23.62795256167297,180.9128309850957,0
5959,23.84211964253663,184.38795625387746,0
5960,23.709007059124616,178.51140427444906,0
5961,23.62848121365575,182.32916991812553,0
5962,23.867231772757105,179.93843777912858,0
5963,23.733180761465654,181.19790849754253,0
5964,23.89010139890616,180.81830052915444,0
5965,23.83411237310702,178.18416025962551,0
5966,23.671456615021274,179.7512862048313,0
5967,23.727404516472244,180.95251495101766,0
5968,23.74277321882288,180.1938950638575,0
5969,23.85407199027878,185.20462033347155,0
5970,23.76583778318345,183.50062124481616,0
5971,23.743799502625535,181.32503493362668,0
5972,23.712556561677076,178.1499906346073,0
5973,23.723344324369283,177.95169263989314,0
5974,23.830589349680594,186.32952484983272,0
5975,23.72534265769312,177.3627624671643,0
5976,23.692261860268964,180.71832197162746,0
5977,23.677507661041545,181.4439110198618,0
5978,23.677164808817196,179.4114132073075,0
5979,23.608087337438334,177.3230897857426,0
5980,23.659005212373213,177.9593258204382,0
5981,23.837680317791488,178.65881323629986,0
5982,23.700041467346132,178.15416009696452,0
5983,23.771676322955983,184.25010840767254,0
5984,23.515768133329633,180.2238759419573,0
5985,23.758270124067966,178.66415559111158,0
5986,23.69862488228351,180.54073638384097,0
5987,23.67173710627788,182.20803181889775,0
5988,23.723439659978663,179.15460543629604,0
5989,23.667998759867103,182.8787075997373,0
5990,23.536448080696072,176.34362136677757,0
5991,23.77882259694575,183.6552694853509,0
5992,23.723160263201148,180.09879749998348,0
5993,23.677270983962558,179.96591253312144,0
5994,23.623750514269297,178.01520093047637,0
5995,23.582107164422947,176.3949871818878,0
5996,23.716249078381292,175.06281489725131,0
5997,23.82604632571418,177.75879339848294,0
5998,23.71184926174346,181.79443544479557,0
5999,23.58359143420772,177.1318726784105,0
6000,23.710829661190623,175.35465544282707,0
6001,23.687152404583227,177.25709612216215,0
6002,23.759134425451744,178.81408426449855,0
6003,23.737132275796093,178.91637292668068,0
6004,23.44830211481574,179.55049057057423,0
6005,23.729353216915964,183.01928146472758,0
6006,23.60401305536808,183.65351941040353,0
6007,23.56910233850437,185.90643792779133,0
6008,23.666303674484553,174.99962353060417,0
6009,23.712791843111894,177.2909896499893,0
6010,23.547179708102195,181.93839378133202,0
6011,23.733320646266655,178.46514263921534,0
6012,23.73652944820414,182.39389485507894,0
6013,23.67772001330968,180.41717618733148,0
6014,23.603043392378382,184.51775037787104,0
6015,23.592586214021196,182.89258944724367,0
6016,23.751486021293587,182.93179595730174,0
6017,23.546980475691054,178.4974379457892,0
6018,23.751494629433616,179.42497875783735,0
6019,23.651571642689028,178.785911384086,0
6020,23.655563298072604,175.16830783159264,0
6021,23.525017442986584,184.0856066870119,0
6022,23.64835346821235,181.89077776477222,0
6023,23.707595936108465,178.60385375094143,0
6024,23.550006560278806,183.53703440520405,0
6025,23.69521250481134,177.7164782843777,0
6026,23.660836898962422,174.07750485064267,0
6027,23.60060178747626,182.59834734309385,0
6028,23.718854455756926,175.72489011788622,0
6029,23.472670513673176,178.9575801649819,0
6030,23.674948055399454,180.14761454798423,0
6031,23.775123062360905,180.66998355012743,0
6032,23.759110489012784,182.0431361086175,0
6033,23.673438517795972,181.224836084015,0
6034,23.616450634668517,181.11631179848743,0
6035,23.588044203514023,177.07873494185012,0
6036,23.612989870906905,180.31808079189187,0
6037,23.679036276261765,174.903063912055,0
6038,23.5692522102474,184.09049459689666,0
6039,23.692717915344584,175.18075879377506,0
6040,23.801061444325644,178.33350970412505,0
6041,23.62373485573013,175.4005867570364,0
6042,23.51940318159801,177.1510952758568,0
6043,23.51763679822974,179.36626855172693,0
6044,23.685595616082107,177.7241028014948,0
6045,23.616937074848742,182.72751438968984,0
6046,23.690102062648467,179.95988201488052,0
6047,23.575496118865136,177.87485807147215,0
6048,23.68286047802382,178.84725480869204,0
6049,23.60196288499884,182.89152046335792,0
6050,23.554235230069263,181.9434554965331,0
6051,23.578956944603522,175.78495928679448,0
6052,23.51346629759553,177.14375142297536,0
6053,23.766565810554432,180.5945161990768,0
6054,23.597885499436728,180.21469236645564,0
6055,23.655328791272794,175.98789964385662,0
6056,23.55898239648692,181.37088159654542,0
6057,23.51593462994598,176.4353429760593,0
6058,23.579528031525392,183.0039154000857,0
6059,23.68447620241663,180.66525844951212,0
6060,23.552857317070053,175.66561985782147,0
6061,23.52300111921105,177.45865176746958,0
6062,23.603201412050243,177.39099522979396,0
6063,23.628799477753205,179.4945090844938,0
6064,23.718411745110554,178.3874568256659,0
6065,23.613382999565136,175.5474362367605,0
6066,23.634694316219626,174.78564795965582,0
6067,23.63880175573041,180.60002489323165,0
6068,23.487096258595365,179.796202151775,0
6069,23.500341616841126,179.23864818005597,0
6070,23.48876013710247,179.7187824239285,0
6071,23.466956825665058,177.03438823720958,0
6072,23.635214933695874,179.42768918581106,0
6073,23.592824844125897,186.47580294588272,0
6074,23.57401627427653,182.368569563086,0
6075,23.358268103717055,177.9642327150237,0
6076,23.728145516660366,177.24394071642155,0
6077,23.490180682063844,170.21734378340022,0
6078,23.723875692885812,181.98935868681502,0
6079,23.441792763831547,181.12771488045988,0
6080,23.490734603682675,177.12104594726395,0
6081,23.377486588495557,174.4420463924408,0
6082,23.58066563306395,175.25601535278096,0
6083,23.46156946297864,180.03966827158487,0
6084,23.461797672415084,178.42311835063322,0
6085,23.435797550676046,180.75059144269284,0
6086,23.605741448428244,178.91982871903886,0
6087,23.598417867871532,181.54546889513483,0
6088,23.684404621353284,179.7386202005128,0
6089,23.482519941772555,181.10099269091657,0
6090,23.552810034770832,172.33027758409878,0
6091,23.43007916040741,174.88102197185253,0
6092,23.504337848302967,177.4757442448656,0
6093,23.48754186719643,181.79225598970248,0
6094,23.564107564694577,184.17989910748707,0
6095,23.60620896770586,178.03037289466542,0
6096,23.602021818458606,176.67312048534635,0
6097,23.45319439203527,172.62774570637814,0
6098,23.598373353220346,181.06814362471067,0
6099,23.512839339210537,176.8116920356186,0
6100,23.488262336077472,187.32208973745932,0
6101,23.455406840642453,176.21370658096473,0
6102,23.46514432825003,184.73258699078974,0
6103,23.647169518257513,180.6467180614477,0
6104,23.530216303451404,175.3016878783443,0
6105,23.517425260639968,179.0677886667403,0
6106,23.480303300408615,180.6703862674968,0
6107,23.694781966282555,177.66538676344635,0
6108,23.601319063330365,180.84000149542152,0
6109,23.43704174710214,180.75884633762192,0
6110,23.470639975884158,180.08492343355886,0
6111,23.47318607945271,178.2314325794907,0
6112,23.499785889383624,174.7409889504148,0
6113,23.429802592368116,178.02042151255688,0
6114,23.518784613758836,178.76395203975372,0
6115,23.597619069084782,172.5925979370331,0
6116,23.374128630092134,178.7134611944375,0
6117,23.386728161005127,177.9003684459026,0
6118,23.43608242485918,174.2859234220922,0
6119,23.437540889287312,177.16182435933717,0
6120,23.630105471813653,177.21035899324744,0
6121,23.548102877590956,183.92124884437573,0
6122,23.541244164295293,178.77640030272767,0
6123,23.442275682393074,181.20927395085428,0
6124,23.438240780392892,177.73279823073963,0
6125,23.342724715979607,172.44961365767577,0
6126,23.519110072391367,180.07352103727598,0
6127,23.493559364427185,176.06708090524083,0
6128,23.554853391914214,177.0199997296048,0
6129,23.43280032521321,174.85305892187816,0
6130,23.43601199108057,178.21546243636146,0
6131,23.458640134685094,181.17789383208654,0
6132,23.514065045435242,180.76578680395215,0
6133,23.322767342300203,182.71136866322348,0
6134,23.496935069493112,183.12192020634865,0
6135,23.434071583038193,171.78567496676038,0
6136,23.348675586789895,174.32770603328171,0
6137,23.264248167793166,172.46927737406622,0
6138,23.417743539032926,179.77494216849323,0
6139,23.54211805951851,175.78521895026762,0
6140,23.557910184725877,176.38225130719644,0
6141,23.44999473325095,177.1853427452918,0
6142,23.576149177883444,178.96820468143437,0
6143,23.413372418835923,173.3499019873303,0
6144,23.49068589162993,174.01466229598967,0
6145,23.37593198881553,177.7805439945343,0
6146,23.368466384753724,181.35831111300854,0
6147,23.35303240324985,177.67131436289506,0
6148,23.239984695526985,175.3579761599431,0
6149,23.505383338099943,171.27379348258788,0
6150,23.34866940486896,180.5619261609903,0
6151,23.33346406644163,175.48160007706306,0
6152,23.300755758738372,174.23259573403223,0
6153,23.37637424796921,172.5144581938945,0
6154,23.531367112155767,173.32867486695272,0
6155,23.555350004262884,174.74789420033284,0
6156,23.252533589217208,176.90056644760887,0
6157,23.354597646674385,173.97647966844931,0
6158,23.297750745648724,178.14543745270717,0
6159,23.457107631192166,176.83459520707322,0
6160,23.398504734012228,184.22555700909876,0
6161,23.322183766081523,172.43190923344935,0
6162,23.37644267454317,178.0153521393065,0
6163,23.329966338114467,178.0386210040743,0
6164,23.49481802919695,174.41064303466817,0
6165,23.40694916099292,177.7737987671178,0
6166,23.41428790622486,179.7825682190152,0
6167,23.14485387202839,177.7490204268821,0
6168,23.35036504904164,181.59871290506908,0
6169,23.51986155895812,170.89805717718605,0
6170,23.4567872430342,174.89023318074206,0
6171,23.20041771262424,181.82793265257035,0
6172,23.3205945324269,180.1246924035576,0
6173,23.247026549449018,178.99601532860476,0
6174,23.477511558081087,181.0600112004229,0
6175,23.35763687197463,171.59659422258068,0
6176,23.27413802117843,179.7190209130589,0
6177,23.335757269291584,180.51123876323155,0
6178,23.121894301534155,175.3279855097774,0
6179,23.241141522796735,185.17777357180228,0
6180,23.328304812526746,177.86510389374888,0
6181,23.390490266558178,170.68376332707155,0
6182,23.16497409639773,178.39191866689538,0
6183,23.28722588789163,175.07457366281903,0
6184,23.395928386754267,180.7152096110694,0
6185,23.19646863684156,178.8501449782232,0
6186,23.32834709594442,175.398654897608,0
6187,23.31271421837632,181.68590434844378,0
6188,23.44200672670875,179.9830493287236,0
6189,23.283861734005846,174.66710169773012,0
6190,23.285957226862724,176.6809121967598,0
6191,23.365491048693364,178.6740032107568,0
6192,23.188391748703793,176.01668816707183,0
6193,23.27423077094603,176.09252467208754,0
6194,23.252841655198434,177.1921628022525,0
6195,23.275581414619833,173.8708767989061,0
6196,23.35195808584354,170.35628146257827,0
6197,23.325806237530337,177.7583071801923,0
6198,23.21896305317516,171.06054814152,0
6199,23.287174495465003,174.03449765109016,0
6200,23.392851443788576,171.68525292315428,0
6201,23.20448108029245,172.04107345785584,0
6202,23.279974598231966,178.25189977946778,0
6203,23.250276051351875,176.29235796575486,0
6204,23.258052916123923,176.1705501390934,0
6205,23.130001913785776,172.98453613266565,0
6206,23.37067358452939,174.9512052211353,0
6207,23.193219295367403,178.03465008792028,0
6208,23.334604987169968,176.73557614784173,0
6209,23.200157806165983,179.3464347633534,0
6210,23.1971732233483,179.76028464808206,0
6211,23.341606104007724,176.0949665552865,0
6212,23.32140668087859,171.28151736925847,0
6213,23.25592590572199,174.55499129695622,0
6214,23.297458484019742,176.51854068027342,0
6215,23.21081314135768,174.468851748494,0
6216,23.230556027338068,173.62116659612477,0
6217,23.175620742526874,176.9810444433973,0
6218,23.298198361418322,184.0494673853339,0
6219,23.167719818337996,175.28078659391215,0
6220,23.33932239224863,176.7237482324345,0
6221,23.19255746416687,172.78289556547517,0
6222,23.21677654161352,180.43606625713576,0
6223,23.273143135641796,179.31697469455403,0
6224,23.211660496607855,179.0968531229377,0
6225,23.183222570939197,180.74596603579664,0
6226,23.201954730523955,175.37150528203745,0
6227,23.273160954879096,175.73324956715965,0
6228,23.14592373196095,181.75713532854718,0
6229,23.18614694812118,178.51270386265082,0
6230,23.194360454666732,169.94389711441852,0
6231,23.25999358170508,177.95309182250543,0
6232,23.18012606057236,174.83062441158464,0
6233,23.33006225035483,179.2573472358037,0
6234,23.170157609871318,177.77453989600085,0
6235,23.160946152402673,171.3155005677082,0
6236,23.163556228366158,177.33080347743035,0
6237,23.069183278824593,177.14340407583586,0
6238,23.088850113992958,177.58914019125766,0
6239,23.126606485985185,178.21259512254224,0
6240,23.25719574056222,180.96118636571038,0
6241,23.16094675672447,177.70225954621674,0
6242,23.122090801747518,176.51661630862807,0
6243,23.25624865195183,179.87917628515245,0
6244,23.27948165160736,183.15087292097562,0
6245,23.25307779317386,179.15526465908033,0
6246,23.081657851889766,177.01609702846895,0
6247,23.10754119087468,177.68252124009808,0
6248,23.289514201825625,177.1405365890205,0
6249,23.16095896761567,176.415461139808,0
6250,23.11750837694186,182.84294392046684,0
6251,23.193635436239294,174.08782186925407,0
6252,23.21399892276153,179.78727516281026,0
6253,23.084944804119033,175.9325877406371,0
6254,23.145460146843064,171.85652723873935,0
6255,23.199272377569553,175.72048307338147,0
6256,23.029565697350442,174.6327858170684,0
6257,23.12061591134906,177.99354783143627,0
6258,23.02771525060587,176.52244472996148,0
6259,23.035416707210267,173.17021736890328,0
6260,23.06629047456963,180.63710139417014,0
6261,23.1467420209778,179.4822852407309,0
6262,23.08004330191465,180.9578813605239,0
6263,23.05116302726458,176.8984663400995,0
6264,23.10439095191744,176.0682568566658,0
6265,23.005738456462804,178.27404743597234,0
6266,23.12902743207191,174.41887714782234,0
6267,23.18246066135096,176.52944347575686,0
6268,23.08283882248602,175.6002201756922,0
6269,23.070187565100802,171.73216652751384,0
6270,23.113497998871367,176.48567822453612,0
6271,22.918567484239833,174.76847997318953,0
6272,23.12101171633515,175.35181988400447,0
6273,23.3234375149544,177.1589538114791,0
6274,23.06269196646905,179.8733479271953,0
6275,23.060194591500817,173.49761483775563,0
6276,23.126430834673826,175.02245416267002,0
6277,23.195785752918926,173.72511161298203,0
6278,23.139372650056185,173.51807610867687,0
6279,22.886142007415422,174.2131965676231,0
6280,23.10087708600832,175.39586551340128,0
6281,23.258773531939337,177.73117181263135,0
6282,23.10002769936421,176.92326221329589,0
6283,22.95507694579903,172.77974967514862,0
6284,23.06720357394802,179.8212251536555,0
6285,22.93941378488707,178.76043244623344,0
6286,23.137704110978,173.21211783441737,0
6287,22.959819783461167,179.576514714957,0
6288,23.03944001375872,176.8735326022167,0
6289,22.96208784711067,175.411914931737,0
6290,22.984203752758162,176.9441126792754,0
6291,23.144020658931346,175.7811801717168,0
6292,23.03061388417035,177.48237692022178,0
6293,22.974809544624065,176.39776438758614,0
6294,22.92513569823575,174.8122450636295,0
6295,22.86422580623787,169.73577696346578,0
6296,22.911067293589504,177.3835675788156,0
6297,23.017334166608546,174.66984561021465,0
6298,23.084003709736184,178.11347161207271,0
6299,22.957964401738405,177.21350623365748,0
6300,23.12564348805752,174.71436667941268,0
6301,22.939807445089563,178.81523123074737,0
6302,22.97537405393124,176.34972814227174,0
6303,22.905256435080023,176.21509742858302,0
6304,23.068091194494116,175.29883186191375,0
6305,23.15383892397374,180.75285547617148,0
6306,22.84230070721842,173.5514420261339,0
6307,22.952761291987102,174.71230200675592,0
6308,23.07884507678515,171.95743319616983,0
6309,22.85911575102345,177.8387745568428,0
6310,23.017415115195686,173.90130675485324,0
6311,23.067007528746593,174.22684930761258,0
6312,22.972757782165186,174.07537833899997,0
6313,23.00773065517181,175.8036161439548,0
6314,23.10179237505372,171.8524638532983,0
6315,23.11400535933374,168.8643291450791,0
6316,22.950385418962714,176.95652958945993,0
6317,22.90996467319529,169.23212716332824,0
6318,22.876169175490652,178.1246267820605,0
6319,23.025138011714294,180.227240243015,0
6320,22.834452776381422,175.04845963533052,0
6321,22.9212035192586,179.42911450061172,0
6322,22.9468399591749,175.447401647658,0
6323,22.895600659519413,180.30746033360566,0
6324,22.955443346535677,174.1306800258776,0
6325,23.135436471265297,168.39431572683276,0
6326,22.917766048614055,175.23888441387066,0
6327,22.889880899151,180.59219870652112,0
6328,23.003160226143233,177.0629345839107,0
6329,22.938321653785284,173.9018116504326,0
6330,23.031524091082787,176.424267714254,0
6331,22.92677552502076,178.34075286253523,0
6332,22.890950997597255,175.16037451144877,0
6333,22.76535228855814,183.28627097506862,0
6334,22.77569804984986,173.84475521954974,0
6335,22.755648630041716,178.3944811736935,0
6336,22.930080546451297,177.66273225279065,0
6337,22.787983564348554,173.26744149110604,0
6338,22.994641077067854,174.08363793959793,0
6339,22.893847267241032,178.4013214834047,0
6340,22.869126565703816,175.7714878940709,0
6341,22.81838844701924,176.34147006056,0
6342,22.932914277011687,170.40951549485695,0
6343,22.81601189968164,177.27560829094395,0
6344,22.79878109064718,176.15972978829268,0
6345,22.969920421616244,175.09636834679208,0
6346,22.900464742708532,176.3610654574092,0
6347,22.85054487594684,174.04106056176283,0
6348,22.91789964140582,173.48336241409544,0
6349,22.86454695051603,174.52380206724268,0
6350,22.891722509902593,173.84727042329772,0
6351,22.792984375554298,181.77192256280452,0
6352,23.0212165725124,177.9564326783856,0
6353,22.806469322095722,172.30593308808082,0
6354,22.97457625448742,181.31078005586,0
6355,22.832243295754406,173.8939072895447,0
6356,22.909180288276417,175.27146125124617,0
6357,22.900612007618793,177.86599777317346,0
6358,22.930885803495233,169.25446467481606,0
6359,22.769153261953438,174.44407002626866,0
6360,22.919721479448103,173.42589648084882,0
6361,22.978655350908603,175.75192200851282,0
6362,22.807516299927002,176.23764788844548,0
6363,22.828261892254137,174.88657120699824,0
6364,22.780885470506014,174.73829133109172,0
6365,22.792324256350103,178.29554478693626,0
6366,22.954233127826075,175.99555948645198,0
6367,22.734262915114257,175.20636139706494,0
6368,22.736516803769867,175.5167165195782,0
6369,22.93804530885029,180.57182388446552,0
6370,22.856426357591335,175.57326479922025,0
6371,22.97338371122036,173.50301722057557,0
6372,22.76501299924205,169.31051928851946,0
6373,22.80844700438451,170.7268922634336,0
6374,22.742789238149626,173.6188486041885,0
6375,22.8044088574098,174.68605179432228,0
6376,22.648320921304563,173.3356081769087,0
6377,22.842351470542955,176.04722896892505,0
6378,22.810742070187175,173.27963169826543,0
6379,22.777571429370266,172.2330811865673,0
6380,22.74826096937843,176.8059080983997,0
6381,22.70522679617917,179.0676221672404,0
6382,22.83234386748832,171.62943251508852,0
6383,22.67776210721975,175.67361413689747,0
6384,22.809726235408363,169.21901847252647,0
6385,22.932058747806565,170.50201867759466,0
6386,22.88227527905631,173.15097098777568,0
6387,22.64035713078148,178.31367000724256,0
6388,22.71516504257218,172.5645257529624,0
6389,22.789159815273944,172.44408250016613,0
6390,22.747163850738893,174.9924208595588,0
6391,22.638179607727622,174.98722000013896,0
6392,22.7783060465602,172.51242002077294,0
6393,22.74403120095224,180.81835958859944,0
6394,22.895333476503897,174.05552044631202,0
6395,22.719287180224878,175.1843164782455,0
6396,22.830346953435264,173.63020922484503,0
6397,22.63290402224264,176.14748422799178,0
6398,22.649398000368073,178.52449937547172,0
6399,22.786742620588527,179.8027104477428,0
6400,22.813082347788058,172.51705055150174,0
6401,22.647170022715223,178.0983969404582,0
6402,22.72306855466126,176.4372533720239,0
6403,22.608000347393915,177.70405596458622,0
6404,22.701416843969053,174.49707931520047,0
6405,22.78025946321369,174.20390163771668,0
6406,22.675903664003435,177.5645105989292,0
6407,22.6881757960544,177.61382281660195,0
6408,22.615116725988575,179.43932161132247,0
6409,22.651037058469818,175.33025324403923,0
6410,22.840963598564414,174.40635344112394,0
6411,22.703561361882603,167.3400594702706,0
6412,22.614959077587734,169.87839767362405,0
6413,22.667381985878716,173.52201979154782,0
6414,22.562193321144996,171.39422942572918,0
6415,22.606282321837366,177.1324658715215,0
6416,22.793673651450955,170.75271563987584,0
6417,22.670883093541246,173.17160633259343,0
6418,22.830979188042583,173.28221712465484,0
6419,22.669535935838404,178.27533968359276,0
6420,22.671732389844042,172.82924460781086,0
6421,22.723333105610113,176.00408427164285,0
6422,22.45570944956281,175.22689005260114,0
6423,22.683370512083968,177.3425976173137,0
6424,22.660519414998184,177.17637459491297,0
6425,22.78078850208865,174.51844321219522,0
6426,22.736550918281033,169.52295100761475,0
6427,22.56615655843374,173.90971981001456,0
6428,22.75370249044862,174.5382204379904,0
6429,22.63082995845566,175.44929699678488,0
6430,22.576946824465054,172.3718228582384,0
6431,22.6625635778363,178.00044776301186,0
6432,22.628070308198954,174.61189594014886,0
6433,22.764869954851264,171.80287612868523,0
6434,22.66654772972775,173.18305239802615,0
6435,22.653260313879244,180.33676891895,0
6436,22.70637342498148,176.53771702455708,0
6437,22.71926990162034,177.68343279189378,0
6438,22.6920515794479,171.4068194310471,0
6439,22.74044776555328,172.45864595855875,0
6440,22.673117342804392,172.47446033650067,0
6441,22.63537150528289,175.06553825397418,0
6442,22.718634397710822,173.98401894670596,0
6443,22.609774822440944,173.03124626003924,0
6444,22.6172567820262,173.40126346838574,0
6445,22.749878457186682,172.10514717908143,0
6446,22.73946620292543,173.94155315536534,0
6447,22.60662293255402,177.8145738706551,0
6448,22.56856238054817,169.92940303581972,0
6449,22.719474711194636,175.50219127277077,0
6450,22.664033468633217,178.59700088957115,0
6451,22.6228305430316,173.90116933530402,0
6452,22.569423171887873,172.85814840370236,0
6453,22.619302593696872,177.21155488401104,0
6454,22.588629031312525,171.48031684599997,0
6455,22.53482248570612,174.35906809295224,0
6456,22.595901778788473,171.3018087835133,0
6457,22.60442621817871,168.80527481200326,0
6458,22.550779669870323,173.9538998401023,0
6459,22.65074141869142,170.61398067134047,0
6460,22.679171179998317,174.3635059010293,0
6461,22.651290794635848,177.73799628596853,0
6462,22.549238693199683,179.95010203505967,0
6463,22.62944909232958,174.6623905376167,0
6464,22.572870343570614,177.43395555897547,0
6465,22.465429093702703,175.567739934785,0
6466,22.61576777148578,173.21609364580655,0
6467,22.57130593920856,168.58572654728684,0
6468,22.764770600770866,179.23419236752102,0
6469,22.671545176662043,171.20210728777505,0
6470,22.609537689778165,178.49246378770022,0
6471,22.57026693782135,175.9493499036176,0
6472,22.561124177664695,171.40570342283306,0
6473,22.46542985166687,175.26459046267564,0
6474,22.40431016767646,180.72222103089072,0
6475,22.47133412219264,178.92537696562067,0
6476,22.53503678561053,172.77525037153913,0
6477,22.368131919869136,172.17245655769293,0
6478,22.490755880492348,174.6040712460968,0
6479,22.512224817360273,173.80199329267617,0
6480,22.512537673887188,177.89287305915727,0
6481,22.474577578049008,176.50759384474713,0
6482,22.497943785566527,169.20730630789322,0
6483,22.660931606277416,175.65530073235774,0
6484,22.57375274370678,173.73728514630022,0
6485,22.473723919326506,174.38120474134107,0
6486,22.510852885041142,175.01207095399198,0
6487,22.51183426136919,177.85682981038278,0
6488,22.450447434179775,177.18946190544565,0
6489,22.448143939658113,172.00233438116422,0
6490,22.588312741365613,174.07124568772184,0
6491,22.471690533512614,172.8970758296426,0
6492,22.415506064814885,169.19269997921856,0
6493,22.497445095106936,173.90576373133158,0
6494,22.50815773115876,179.76381542538203,0
6495,22.338727349224623,169.08913840002887,0
6496,22.491116849242744,174.14883921823383,0
6497,22.561653984186044,174.0484057893713,0
6498,22.5261591590428,175.07586190454617,0
6499,22.666295849627634,171.32035554653558,0
6500,22.58585867083574,169.92911326986575,0
6501,22.59954857180091,170.06460641751468,0
6502,22.705510954022643,178.18919475833917,0
6503,22.540033127129284,171.2443694329746,0
6504,22.490309133442533,172.6898144582687,0
6505,22.5530520002821,180.49851233759838,0
6506,22.42830951723346,171.97800093796215,0
6507,22.479565413300676,175.20415995304154,0
6508,22.417040818431943,177.3646293504187,0
6509,22.49861278840547,177.21662797910705,0
6510,22.412542787871327,170.1710514064829,0
6511,22.407669248552672,172.0220761810414,0
6512,22.493635953381464,175.065618511517,0
6513,22.447482308991425,179.9420120503308,0
6514,22.30224526573345,171.86690085892909,0
6515,22.337956758245035,172.66710712461568,0
6516,22.360580995940133,175.40322269257052,0
6517,22.379692238867342,176.0000675947765,0
6518,22.481458231369757,176.17848856629664,0
6519,22.46380056866941,171.59533277890688,0
6520,22.529495653368738,172.53496998479395,0
6521,22.502492063551692,174.7743722418738,0
6522,22.52602156408392,177.91159707415423,0
6523,22.4869492529206,173.40604565261665,0
6524,22.453066976756446,174.05146725201823,0
6525,22.522262714433776,171.03750300616238,0
6526,22.505896434109992,179.70192451172326,0
6527,22.460466792611523,174.57202890995782,0
6528,22.530107605962566,177.3395408342981,0
6529,22.23880845447934,174.1930449418468,0
6530,22.401291105797842,174.3562717503465,0
6531,22.398128580269173,169.5967015537466,0
6532,22.512877141048552,167.64254074310685,0
6533,22.544451862979283,177.84778058697316,0
6534,22.300810748446047,174.3235186858586,0
6535,22.527810412636608,174.70594801461138,0
6536,22.3193004935156,170.33686252097576,0
6537,22.319825110659348,171.37223192356015,0
6538,22.390492871313104,177.2657717049641,0
6539,22.381899805199993,179.29677884149308,0
6540,22.280810757240737,172.21004791511152,0
6541,22.455609438133116,176.0858828660105,0
6542,22.456113721579303,174.63911147719273,0
6543,22.484234471988728,173.70509418729978,0
6544,22.363391646501192,179.62024306275703,0
6545,22.393065718623987,172.70248674101373,0
6546,22.391969782286388,177.78199596475312,0
6547,22.52762258944957,175.20193509251325,0
6548,22.164029771359953,174.0048449900769,0
6549,22.31240762917316,178.1694530349034,0
6550,22.387607712928162,174.9217343270262,0
6551,22.29852756233194,173.7600183294857,0
6552,22.36292377719768,178.18563831105922,0
6553,22.371727098292528,177.79315022537784,0
6554,22.327429520333258,177.64934591188495,0
6555,22.383440744922638,162.37817623341147,0
6556,22.42678157027545,175.36029328361283,0
6557,22.355882306462465,174.67432998452895,0
6558,22.336789655421832,173.93164450501246,0
6559,22.35805329212737,175.86386990611942,0
6560,22.368996489382976,174.81453924530393,0
6561,22.228650424872697,176.06466940141118,0
6562,22.40309259875275,173.22578115696766,0
6563,22.328388205215923,178.5226688215619,0
6564,22.463698871565526,176.3634607877,0
6565,22.40837587001356,175.65275020609656,0
6566,22.453020215578587,175.50486930865597,0
6567,22.276865716349917,177.49422166352306,0
6568,22.326374030820276,177.08610620530945,0
6569,22.25503507128837,173.6814327664276,0
6570,22.2963711077857,176.98942714007111,0
6571,22.451317378769225,174.5394407848208,0
6572,22.468518637396176,179.76689351115422,0
6573,22.2560470998328,177.3081666546433,0
6574,22.309621867866515,172.13706637130127,0
6575,22.33858271080689,181.00497852891917,0
6576,22.38992908403782,167.70572012146087,0
6577,22.200706084089525,175.92293806248017,0
6578,22.211669194855087,171.92120711197995,0
6579,22.377505632090145,179.65560629631582,0
6580,22.180846856442535,174.76664098735841,0
6581,22.299468632089425,171.62603483935706,0
6582,22.346630352116627,173.20717661356943,0
6583,22.365374986983923,171.8641469675173,0
6584,22.319251101589327,173.08793208369661,0
6585,22.29980300811986,173.01868293488712,0
6586,22.395112385980774,171.75056203122492,0
6587,22.348854556503543,174.81366602255784,0
6588,22.27277632984227,175.1766331280258,0
6589,22.326063298832526,171.01356861700967,0
6590,22.35221504488736,169.02724976101464,0
6591,22.45754482492662,174.93453477514072,0
6592,22.38152434614889,175.59707755250955,0
6593,22.41432391065605,176.1916577798027,0
6594,22.266860000167625,175.65426334989243,0
6595,22.272331526937908,178.7186643617669,0
6596,22.29400168303043,176.9915326446007,0
6597,22.299920566665794,182.039669643378,0
6598,22.229347068009965,183.30202383701427,0
6599,22.409854848561583,168.72571279872994,0
6600,22.377847807993152,167.40858410629247,0
6601,22.281333408400737,173.97784666812393,0
6602,22.355740908316932,175.5127795361564,0
6603,22.320860884144153,173.7725300271141,0
6604,22.359248576658665,176.1110703219802,0
6605,22.19275966440643,173.18978780836082,0
6606,22.287301770109114,171.91888791486767,0
6607,22.292970537425155,172.3723349143659,0
6608,22.34617250967564,173.40081079195832,0
6609,22.244682230253435,176.53220245087246,0
6610,22.093647467786266,172.54183396014915,0
6611,22.2057992424133,173.13558168208743,0
6612,22.286153297758155,175.71361116993867,0
6613,22.294858429931146,173.4070853951744,0
6614,22.42316675117696,177.35416128926425,0
6615,22.33381449590195,171.24610708585047,0
6616,22.29245376757682,170.59617175001037,0
6617,22.282085308385987,174.9198284455691,0
6618,22.37176526238205,175.21952613702257,0
6619,22.234984468087944,171.41254275236818,0
6620,22.269742059941418,178.03900899545482,0
6621,22.19260433326718,179.78387584460745,0
6622,22.392046462771535,172.1263864617937,0
6623,22.30873168066949,178.4727758586666,0
6624,22.21953649434687,166.8654431134282,0
6625,22.265797369545215,177.24118326072244,0
6626,22.314550078230173,171.4406060136011,0
6627,22.252553599744562,176.9432012674188,0
6628,22.22869542161805,171.13228517878326,0
6629,22.217962012183435,173.8118214608143,0
6630,22.296280585825208,171.5881492079757,0
6631,22.239387923383287,173.37810683372024,0
6632,22.230609197569187,179.5108149312943,0
6633,22.158911359048385,173.69856435126215,0
6634,22.270902974717988,180.3546584793129,0
6635,22.249098242134696,172.8677327512735,0
6636,22.236777610837844,178.50192232380192,0
6637,22.277333480508712,169.151049111494,0
6638,22.32020335412902,173.17013941409806,0
6639,22.315428769907243,172.42291719345357,0
6640,22.30247119641855,178.64598543018178,0
6641,22.237957716204413,174.5902773623096,0
6642,22.2108189444141,167.77198475832643,0
6643,22.17164209600418,170.10758944114838,0
6644,22.206688438440544,171.00177665825942,0
6645,22.254707666413164,176.84374014060697,0
6646,22.18923656915099,176.45847839939213,0
6647,22.258836942538217,173.1441651651788,0
6648,22.172937874173538,172.40178241126043,0
6649,22.116326230671795,176.19846564177269,0
6650,22.313798393040457,170.66276155446124,0
6651,22.20934221720735,175.4264084496552,0
6652,22.17939134551225,175.17306694778205,0
6653,22.157914102338125,173.2338963621868,0
6654,22.27834178178845,175.2528919488378,0
6655,22.353577756437986,174.36837473830604,0
6656,22.210434683026953,175.5566244864917,0
6657,22.224540202019323,170.06437408209268,0
6658,22.32662973787553,175.912542620734,0
6659,22.095186702431615,177.15123698942816,0
6660,22.39650427839689,175.03672421812252,0
6661,22.433824509992398,175.87999508194326,0
6662,22.02094046341204,173.74910774932985,0
6663,22.228807478873637,176.75542215573014,0
6664,22.178261547752562,174.27976516151654,0
6665,22.213774453557193,170.6428397982877,0
6666,22.20067359640507,176.54999250772113,0
6667,22.298282668306243,169.18962620894197,0
6668,22.223543227810516,174.9431655850497,0
6669,22.15889247432245,172.94495967616186,0
6670,22.217215830345737,172.75609330550213,0
6671,22.271408344133565,174.61931956742262,0
6672,22.134772240340652,171.9784119231739,0
6673,22.097024981495114,175.6458581109162,0
6674,22.387406228488977,174.28263391391255,0
6675,22.17586520459207,172.26340646334404,0
6676,22.21555305016287,178.13291166240865,0
6677,22.194009031148376,174.73584572987042,0
6678,22.268980487423665,176.01706593654285,0
6679,22.366266913931174,178.37763483095114,0
6680,22.270158126317547,178.33165000298027,0
6681,22.10162336426909,175.87375673497982,0
6682,22.11170132537648,173.229751950359,0
6683,22.18986211540633,169.85198155011975,0
6684,22.19967822173881,174.76457152980674,0
6685,22.082747846608086,177.4316990244011,0
6686,22.285427790169503,175.21437729303253,0
6687,22.132360945818483,163.8212075288772,0
6688,22.338126302302726,176.76871304724042,0
6689,22.36371789234758,176.95663098847314,0
6690,22.197621636802385,173.26211389643498,0
6691,22.252023900224106,177.1345524439299,0
6692,22.11778402255379,176.0570905637223,0
6693,22.265677166420954,172.12044078234265,0
6694,22.1753804818459,177.99467125694457,0
6695,22.1277194275148,170.38218377244112,0
6696,22.19102340035681,174.01676702011142,0
6697,22.176391880007927,173.7214204177439,0
6698,22.18713007110899,171.7200790267784,0
6699,22.288617905849915,175.11178099084546,0
6700,22.149329190179373,178.13555174098477,0
6701,22.350475521195115,177.95175603430152,0
6702,22.105198399717565,176.38364813347894,0
6703,22.33997669256871,169.12905270495943,0
6704,22.12897013818907,170.2131676965827,0
6705,22.20976826892096,174.72377594055445,0
6706,22.170201605764518,174.12684701945412,0
6707,22.181496601439367,172.7396357716399,0
6708,22.27269071253805,179.95420747830283,0
6709,22.328165159052073,174.56022046772765,0
6710,22.303027521403195,175.87431981436328,0
6711,22.175013221035496,177.21524424607142,0
6712,22.221767985591132,174.42095836382498,0
6713,22.144096840200056,182.03382929829007,0
6714,22.126984213942443,171.4441250039029,0
6715,22.11425900622865,172.45166556357452,0
6716,22.17062172895604,171.44608087405481,0
6717,22.225270238000878,178.9672498253679,0
6718,22.0520404518914,176.69028873513443,0
6719,22.200970932615686,172.6563706973259,0
6720,22.325664493669343,171.70203177736474,0
6721,22.2938483184629,178.45320598139347,0
6722,22.157003353892403,175.38851028016515,0
6723,22.091800595574913,178.53965273809598,0
6724,22.240078905624408,174.1329414875978,0
6725,22.017649981510004,175.85302519033016,0
6726,22.29161804187101,175.22417081276674,0
6727,22.185489900604342,172.45626137409658,0
6728,22.348861823864656,173.90130930214806,0
6729,22.063991179374316,170.7860169829358,0
6730,22.275400457808768,175.82647152462866,0
6731,22.193718118421227,176.633160094659,0
6732,22.175094574739617,177.3251989865906,0
6733,22.091820660444014,176.35969028859253,0
6734,22.248907221191352,173.98080407792267,0
6735,22.25518736297849,179.02676391969607,0
6736,22.343765314284123,177.05323352623728,0
6737,22.281467565196273,178.54744159075835,0
6738,22.153190109604452,178.74119592843186,0
6739,22.120280660182104,174.01610844690572,0
6740,22.09100802370293,175.5621558116965,0
6741,22.31825269935857,176.72786141163385,0
6742,22.13805796522549,170.96242727188343,0
6743,22.318657197692758,171.03465820493972,0
6744,22.242181216489087,170.52340614668526,0
6745,22.226514074402402,174.1028424172088,0
6746,22.175528515787732,173.43303129897168,0
6747,22.252897697547773,170.13184854127354,0
6748,22.198781834408738,174.89285117423606,0
6749,22.17046781055626,174.16387388085093,0
6750,22.255680382931857,178.00344331516325,0
6751,22.188487105136076,180.50169020926242,0
6752,22.13615271313658,175.83817211171169,0
6753,22.248030006544443,172.38503555505514,0
6754,22.194959128342273,176.42124414811076,0
6755,22.23923464481551,174.515161509068,0
6756,22.163866664551787,173.77309648455162,0
6757,22.10350910380058,171.91492613027086,0
6758,22.33911782496886,173.1133643222966,0
6759,22.3241236645685,173.97898400738686,0
6760,22.27119013528568,176.93101643064074,0
6761,22.169564812041564,176.05821177633374,0
6762,22.176676298068028,180.00830876897282,0
6763,22.311409739839146,176.56107734673998,0
6764,22.172648687121463,175.81746811940468,0
6765,22.150491889288556,173.6324498606318,0
6766,22.35102616270533,171.4453469687111,0
6767,22.197593923131876,172.85468784656217,0
6768,22.343052643538492,172.4715216969181,0
6769,22.089887472511162,166.8950239539906,0
6770,22.243403550414904,171.55859294617832,0
6771,22.36783502615776,179.39789858142444,0
6772,22.204737857791173,175.70388801046383,0
6773,22.181456537853578,173.47537090391617,0
6774,22.109385559192525,175.80727401185635,0
6775,22.289631685881425,168.75854997361574,0
6776,22.141682234495967,175.4720225879508,0
6777,22.195965743566337,178.46520895041428,0
6778,22.105057897631127,174.27642382876485,0
6779,22.328647000944766,169.3308793387532,0
6780,22.296773308563434,173.4121392505397,0
6781,22.202152448885098,178.49889641834378,0
6782,22.112653749824567,175.4441855747633,0
6783,22.328174351459094,170.4205890332636,0
6784,22.176353055350997,181.78566606216432,0
6785,22.11754669142154,170.92864862648636,0
6786,22.065338797950613,173.96863247462818,0
6787,22.154985859542023,171.59261660514136,0
6788,22.090656517996372,171.60417324286925,0
6789,22.157576060701018,173.36316686304772,0
6790,22.26733824370256,176.63554780356642,0
6791,22.17814700215575,178.60620491334655,0
6792,22.237037604198704,173.58365540363945,0
6793,22.151128122399815,171.7193146358783,0
6794,22.214630820151896,176.19328461176664,0
6795,22.36352139329077,176.28891469435078,0
6796,22.182412101699455,175.49384613993922,0
6797,22.241496625723997,175.6076655749262,0
6798,22.08596099214612,174.4505115743398,0
6799,22.333282171006555,175.0904639752222,0
6800,22.173977267274644,174.25889419142266,0
6801,22.296686205617124,178.02245053799044,0
6802,22.203288399688578,181.505005198477,0
6803,22.26257806988202,175.36652899665984,0
6804,22.267851193593927,174.81583109406228,0
6805,22.17850302608085,175.61114562806148,0
6806,22.302588390581597,172.87784516270827,0
6807,22.155064271183175,177.15463000012414,0
6808,22.27857453792273,176.19134366628035,0
6809,22.18568966545733,173.61455854256133,0
6810,22.24544655530352,177.5903594710029,0
6811,22.181107844382783,174.94935322949894,0
6812,22.222660255309194,171.99047392665568,0
6813,22.133291094313662,175.96375204637988,0
6814,22.23968507533065,175.62824598190517,0
6815,22.22403897496858,177.80688750810802,0
6816,22.177924593375675,177.42867329721247,0
6817,22.21737706012126,174.61478755388774,0
6818,22.233151557630595,173.53467449908757,0
6819,22.17378401181108,174.96466992677975,0
6820,22.21346273292083,176.05790323133343,0
6821,22.143999564812297,176.42781213026873,0
6822,22.412792114213975,175.88939245619872,0
6823,22.31056215643108,174.7215112073723,0
6824,22.24838881756696,177.99292361580908,0
6825,22.321028373166882,172.9882766439049,0
6826,22.06964660628745,182.45813664589227,0
6827,22.024109297585994,177.31791552599972,0
6828,22.197526661621882,171.6550603448426,0
6829,22.119940473688402,175.60205072828194,0
6830,22.21206220129348,177.3732934223643,0
6831,22.248217582706037,174.0160495753157,0
6832,22.306181980235202,170.58767260246765,0
6833,22.142280821685876,171.96489454211243,0
6834,22.26611485686715,176.7173805284865,0
6835,22.23610737068175,169.8363012513248,0
6836,22.263578055096772,170.7611995100906,0
6837,22.19502598112669,176.72885354379707,0
6838,22.34809827695461,174.45985118810867,0
6839,22.23001579393191,173.04934060106604,0
6840,22.38108936484418,173.6617015917827,0
6841,22.176791266485697,170.74270612855858,0
6842,22.300325377880846,176.61779059787375,0
6843,22.237011793547488,172.75411552332716,0
6844,22.216461198574102,173.5758385951017,0
6845,22.29417036675795,176.23283253361515,0
6846,22.220565025474848,174.43200944271481,0
6847,22.032464646669332,173.09737993109295,0
6848,22.001324587916216,169.25250521768305,0
6849,22.349089157659343,176.33261141727837,0
6850,22.34666658000165,175.4768588610778,0
6851,22.40019285749283,173.6972962891099,0
6852,22.248772148543914,172.1468726093453,0
6853,22.14774158724899,175.30700111909616,0
6854,22.218572751471108,176.71980514980928,0
6855,22.254049620031143,175.58137505868845,0
6856,22.173577901084784,180.21203581752144,0
6857,22.387041325147887,177.4219358332727,0
6858,22.435339041660896,174.9955682869479,0
6859,22.295473794553686,177.54209114866788,0
6860,22.257383816610716,175.4831110664314,0
6861,22.155706173874048,175.48260380453453,0
6862,22.384077884802632,179.24605013357404,0
6863,22.26753637117754,172.67275013077867,0
6864,22.239376326856352,175.44684948751015,0
6865,22.30209004433201,178.95607901550807,0
6866,22.217834806276677,176.32398076363287,0
6867,22.27754631330256,174.29994176293513,0
6868,22.151512468282554,170.29874453206963,0
6869,22.354999240860337,168.61633752059646,0
6870,22.260810750595066,181.66610777568204,0
6871,22.3630079759129,176.37331679979854,0
6872,22.25536217712773,173.70581024883066,0
6873,22.261715136059628,176.5166797936784,0
6874,22.176792622910316,172.63559723128012,0
6875,22.33573432821213,174.49535732293734,0
6876,22.20607116170534,172.67651240323835,0
6877,22.23841797585342,171.26991610267854,0
6878,22.278617753762514,169.20521606877386,0
6879,22.289442917573393,170.73766348376375,0
6880,22.144477007743244,178.604994338948,0
6881,22.263728835021496,172.59101111077945,0
6882,22.347049009299965,177.16688976553698,0
6883,22.25440956776659,178.44274245147503,0
6884,22.267952804901235,175.63315653290397,0
6885,22.300187264716723,174.69836330642266,0
6886,22.278390066763205,176.0038113688587,0
6887,22.207306451699868,174.36558929619525,0
6888,22.288129446721676,179.2379160216414,0
6889,22.371861073428406,181.26655767522504,0
6890,22.209547849931493,179.99718926503914,0
6891,22.26499868718914,169.2038916205486,0
6892,22.1857506357919,174.35835835482948,0
6893,22.37292417569684,175.69280303547654,0
6894,22.29156599941788,177.0804160946885,0
6895,22.232288263600015,170.52024472634594,0
6896,22.309043586195607,170.48283294109626,0
6897,22.20674093391221,179.64453813532492,0
6898,22.22172441387899,174.05784520093272,0
6899,22.188976954916715,171.28404764215566,0
6900,22.22183733796786,172.44643688971183,0
6901,22.417167165157018,176.93990497676694,0
6902,22.251339598131587,173.31198872374648,0
6903,22.348704388208965,176.51568837192704,0
6904,22.245927968858993,172.86583786868027,0
6905,22.37502885909937,170.58065685879782,0
6906,22.23362203179709,180.09766371011008,0
6907,22.32029759640068,177.03038755205955,0
6908,22.322846557475078,174.84588837306322,0
6909,22.506310272524633,174.29440739354857,0
6910,22.371995546113272,180.26457365306317,0
6911,22.275613145951606,177.65587097709889,0
6912,22.37934157669043,179.33315645933516,0
6913,22.4970920400331,174.15310400673073,0
6914,22.197175829964706,176.06767440678522,0
6915,22.261664982238162,177.13379227479194,0
6916,22.31163674450377,174.2885368539625,0
6917,22.298754651217916,175.66372434538744,0
6918,22.30704247156553,174.2110938992916,0
6919,22.230873843333075,177.17073443450548,0
6920,22.44908642623997,172.0210338702951,0
6921,22.22452685270222,177.7128134563136,0
6922,22.323892176607565,176.94075747730255,0
6923,22.425157352513303,175.41043411653948,0
6924,22.340665844121368,177.38068024501433,0
6925,22.266326831216585,174.94910371820066,0
6926,22.23839002882198,174.04535630125358,0
6927,22.329497827734933,177.69877743889526,0
6928,22.28895702589434,177.8405183915225,0
6929,22.367567432144774,174.56956993199233,0
6930,22.24067031268211,174.3241548332897,0
6931,22.41947460923597,175.5663490278022,0
6932,22.365328923968427,174.47123691521423,0
6933,22.372932931395308,180.71462214124412,0
6934,22.47470104550021,177.10072935316765,0
6935,22.326067952092416,176.20716668875812,0
6936,22.304710730001986,173.3772811404408,0
6937,22.320647213303914,178.40454068900507,0
6938,22.350766159753988,174.36490006440144,0
6939,22.36059879851614,174.2536412940606,0
6940,22.30313557818648,178.54192164293073,0
6941,22.209467665217034,177.39826612282286,0
6942,22.328170914069005,168.7382012345791,0
6943,22.403569675367894,175.78750358489037,0
6944,22.3874302925551,176.64967217997298,0
6945,22.47424758842049,175.26664783679752,0
6946,22.536483332553757,176.7788757462249,0
6947,22.442559842918797,170.88109456001177,0
6948,22.494191057172028,167.82949588005994,0
6949,22.446715124506227,173.40857727709255,0
6950,22.52395638597901,177.19417279124912,0
6951,22.537031467835586,166.6850372084253,0
6952,22.466862567632926,173.84176710910722,0
6953,22.44909336584606,170.61664668319318,0
6954,22.3779853817236,175.66960613045063,0
6955,22.39292535334467,182.2837501704436,0
6956,22.3710410863754,175.771122766214,0
6957,22.449611273167235,176.11276508659518,0
6958,22.344133684612427,178.96561374956937,0
6959,22.388330703471315,176.52451225080554,0
6960,22.217070548803818,175.82831317567715,0
6961,22.5452035145524,179.2659463392373,0
6962,22.391597760892388,177.91441418339872,0
6963,22.447568765291134,177.37739817878037,0
6964,22.529639043974612,176.10797250824155,0
6965,22.43894051369996,175.49893474559542,0
6966,22.532372594230345,179.3014811434353,0
6967,22.31940123825111,175.55344390219622,0
6968,22.612452638017842,180.26947723196145,0
6969,22.509560633400408,173.44718979672658,0
6970,22.44126435912801,180.90291444196833,0
6971,22.54047786048965,178.0306398030824,0
6972,22.334931065414608,173.72189496373122,0
6973,22.407289972905645,178.1674389303534,0
6974,22.547883442482973,174.70262065117,0
6975,22.284949760579163,176.7668627649248,0
6976,22.481129254025827,175.21976929310415,0
6977,22.480851650391482,176.29400907210055,0
6978,22.597807392935078,179.5301554734408,0
6979,22.31563148413857,178.27453815360823,0
6980,22.57304378819533,173.3560696146026,0
6981,22.401527801451763,173.54106145504596,0
6982,22.412543608218513,177.57088490793006,0
6983,22.352569640399675,177.8013489714142,0
6984,22.365334152259695,174.76170429196472,0
6985,22.486683099746315,181.57225935345244,0
6986,22.367460403408277,179.2520933347003,0
6987,22.517721970946102,174.94819689800048,0
6988,22.40752080617544,174.67149927957195,0
6989,22.365580824073714,176.1681864889214,0
6990,22.42247078320412,175.86944537848183,0
6991,22.493710599140943,180.64688506142278,0
6992,22.446670768923724,179.84540686274588,0
6993,22.4736873172077,177.01049315079388,0
6994,22.528745028851944,178.9524691703186,0
6995,22.56174649293695,179.4011671625713,0
6996,22.45245589212076,177.12053369029738,0
6997,22.395842864941226,178.16713849904232,0
6998,22.487591637463296,178.75539691938673,0
6999,22.521285816709167,178.44922397208643,0
7000,22.36891188777301,174.66358851457264,0
7001,22.41666357665143,174.98048448848613,0
7002,22.432525856524013,176.16146400434738,0
7003,22.47558981434055,174.92090975605552,0
7004,22.433493845577974,172.63527576040218,0
7005,22.553106945167883,179.09612843386537,0
7006,22.370306294791757,178.12121209806608,0
7007,22.374518826856935,173.07762315475165,0
7008,22.476370670856436,176.38672782020708,0
7009,22.491221059382767,176.57039538670668,0
7010,22.39109930991082,177.68288072397215,0
7011,22.461134449665817,173.90509431483346,0
7012,22.47980036348546,173.10271270280242,0
7013,22.482635492459597,178.73772208175683,0
7014,22.528471226773245,172.5905350776307,0
7015,22.465621670724474,176.50832239888533,0
7016,22.639008025188193,176.24199223200614,0
7017,22.562076471206193,176.86430079810685,0
7018,22.460695809065733,178.00625553662766,0
7019,22.535076385373465,182.05778230803136,0
7020,22.539693023654465,172.47758039978999,0
7021,22.62921157797005,179.91980696632686,0
7022,22.48627102956086,169.7676122899105,0
7023,22.597962157943506,181.49926172242522,0
7024,22.542202505126763,171.20358090327898,0
7025,22.660464172235063,184.65545177279037,0
7026,22.646700462063606,176.19106149243305,0
7027,22.561483348324927,181.245629377125,0
7028,22.527043787578766,180.6410814739986,0
7029,22.590861770492648,176.0932972369643,0
7030,22.538209675053228,176.33768576458743,0
7031,22.68938807607802,174.91964314207524,0
7032,22.563564366859485,179.80743474994242,0
7033,22.527163997330977,176.18914166655318,0
7034,22.525180214320045,175.01683453564286,0
7035,22.467245925172083,179.0998696106439,0
7036,22.611158162021276,174.81078592222033,0
7037,22.50338247578335,176.52965916169538,0
7038,22.65919042419182,177.85223144298593,0
7039,22.47026417482329,175.61795011484352,0
7040,22.586243904531297,176.0849340987854,0
7041,22.670453264282454,182.1788880302459,0
7042,22.408631510054047,176.97560773920878,0
7043,22.744653538030914,176.52382390338045,0
7044,22.551555576725644,177.09173724198516,0
7045,22.59925717064493,178.9949018271916,0
7046,22.63608164614485,174.54438625235704,0
7047,22.650857191888942,178.94208007464601,0
7048,22.617083703763843,178.44236705146508,0
7049,22.67737480939232,172.32342887301218,0
7050,22.641525657033746,183.08666621603575,0
7051,22.74329132238054,182.1008602058904,0
7052,22.646632710160983,175.33126648085468,0
7053,22.764447838698537,174.38022695955647,0
7054,22.681798579908026,178.44622779562087,0
7055,22.467692293741468,173.49906551144713,0
7056,22.823485274989654,181.88410154499869,0
7057,22.57109898496934,176.40050392409248,0
7058,22.73914415395992,182.68591340208857,0
7059,22.62410286355431,175.36192492991535,0
7060,22.709309970379493,177.51318604602804,0
7061,22.571812374858823,181.66610212139713,0
7062,22.679422735351277,176.90943249840797,0
7063,22.611584928541365,178.7101273385731,0
7064,22.76064190728023,181.18654398298312,0
7065,22.671901053601726,176.25515530503256,0
7066,22.71417337875258,174.15282456084324,0
7067,22.46866658001114,173.57666835094523,0
7068,22.637446042268966,179.71787072684185,0
7069,22.679639448571262,179.14869390821204,0
7070,22.667192275083913,181.18214836384064,0
7071,22.728707697599564,177.1898385122768,0
7072,22.625059061347415,173.73458834676686,0
7073,22.660754861680253,170.98338417515873,0
7074,22.753874707901144,186.66038309386622,0
7075,22.479610270331808,179.65213226379353,0
7076,22.71158637417412,178.49661941245847,0
7077,22.640264580112195,178.93705747785194,0
7078,22.596531006176075,173.82202841949828,0
7079,22.698985110868822,175.74634927100632,0
7080,22.77280678928405,183.37588841772404,0
7081,22.76029526943682,180.13588538896906,0
7082,22.668911731481952,175.88500866156323,0
7083,22.75234096459305,174.5103262560833,0
7084,22.754291904202905,176.65867291962977,0
7085,22.680425395569124,177.27445860847791,0
7086,22.63454108667926,184.38319615614625,0
7087,22.64174501938237,177.6859755110847,0
7088,22.76217196682923,174.69715386593413,0
7089,22.69435562544821,178.10504559280295,0
7090,22.61662014768882,179.08892333691045,0
7091,22.56811670471908,174.46933512681383,0
7092,22.77204687401997,179.53254996712246,0
7093,22.664356298748764,181.96789119781081,0
7094,22.737131364386805,178.7722585375977,0
7095,22.812482192929288,175.9801618452605,0
7096,22.611200471925212,176.79986976359797,0
7097,22.71491569083521,173.42510798069972,0
7098,22.707486830445035,178.01525599790014,0
7099,22.75414087085141,179.364258211558,0
7100,22.8255166852131,175.75718797478842,0
7101,22.622653518630774,184.2813642142849,0
7102,22.777222580096257,180.85429081884462,0
7103,22.81679299649253,173.11431932230622,0
7104,22.721996517492588,173.1910730014882,0
7105,22.728549717002824,175.5710088337146,0
7106,22.775663393334387,183.2578661495617,0
7107,22.772417918792726,181.22631476665885,0
7108,22.794068979031685,183.43993584120335,0
7109,22.79503450730231,178.61468654303317,0
7110,22.674228620050787,177.97085983297774,0
7111,22.83466507584591,174.87207809225265,0
7112,22.851446740374865,179.67894655408645,0
7113,22.775653997690352,178.05668789803428,0
7114,22.64390113544079,177.95648273248872,0
7115,22.7569229797418,183.5299679130295,0
7116,22.78432703259967,178.31210374302708,0
7117,22.679881287053078,182.69941901628965,0
7118,22.74531578943954,173.95759369892232,0
7119,22.664057564163933,186.80150613966092,0
7120,22.828073493345315,177.63271846982732,0
7121,22.795452227559704,180.8894508889575,0
7122,22.653201490322648,181.38209496370044,0
7123,22.815672294937112,177.30659178474863,0
7124,22.785727941296084,181.27114622790242,0
7125,22.834257906538333,181.44246759764692,0
7126,22.764320798950934,176.70543469770726,0
7127,22.734226161346065,176.7563855783842,0
7128,22.739380520151492,179.01163258293988,0
7129,22.76070047397309,178.5446638367287,0
7130,22.807968491246747,183.0859771345957,0
7131,22.821009911171117,181.0300400632761,0
7132,22.796628719293277,178.72622084969322,0
7133,22.780736113284952,180.77118876616106,0
7134,22.789207042471038,172.82846616493345,0
7135,23.020657139365458,177.1379700560106,0
7136,22.761103189784567,179.86285054466006,0
7137,22.78084764619907,182.3609754262642,0
7138,23.091720066935803,179.62968507734723,0
7139,22.864621227032533,183.42059887179278,0
7140,22.7232721940735,181.66521278383442,0
7141,22.903818134844744,177.61192270854923,0
7142,22.766334551947132,178.67234314065536,0
7143,22.914599048321104,180.33323045533416,0
7144,22.827735536674368,177.77759517005643,0
7145,22.812169135739612,183.73291480180268,0
7146,22.97882814583763,175.8284142054976,0
7147,22.898151027722562,180.11846609429685,0
7148,22.933423838795488,181.39204700620937,0
7149,22.89312578210593,178.26093100045736,0
7150,22.825525895963008,177.60044484873194,0
7151,22.91274075428783,179.00417520284014,0
7152,22.963322234041875,181.68399613696965,0
7153,22.880118273688105,177.76404326657433,0
7154,23.016226458194254,176.07241540626424,0
7155,22.942891404223968,182.74652994623204,0
7156,22.894569934954497,180.50826651584956,0
7157,22.900490647726457,182.34955559689934,0
7158,22.894112547467483,181.61958932725605,0
7159,22.78579775018799,185.89687739896266,0
7160,22.881455743567262,182.7177453272137,0
7161,22.909122460879846,177.21621457960524,0
7162,22.86090807809298,180.81488540323292,0
7163,22.923977684234323,177.74724765907465,0
7164,22.90143801237696,178.0729716285754,0
7165,22.964399876563782,175.2134890861737,0
7166,22.95832581584006,178.60829467320173,0
7167,22.921422542612493,181.11738467081656,0
7168,22.80144782293078,179.2998678246049,0
7169,23.056858334529675,176.2154823061651,0
7170,22.905025949500185,174.96018742822798,0
7171,22.91268404595803,185.8804443682955,0
7172,22.89453201229673,180.5360530763587,0
7173,22.885640416859943,177.10403057561334,0
7174,23.051018579681816,180.97725863511712,0
7175,23.041158951432763,186.1751394580374,0
7176,22.96860919762036,181.4846439617618,0
7177,22.927240848182457,171.27773151609864,0
7178,22.988154216299648,187.61149090220343,0
7179,22.947313200839446,174.12255947965417,0
7180,22.928976987538853,179.06794842641182,0
7181,22.974029353400503,176.3014588566895,0
7182,22.91447496462091,177.4973549658225,0
7183,22.972736042259505,180.58628182681818,0
7184,22.9716804700552,173.535675551229,0
7185,23.00636611670628,179.49370434897682,0
7186,22.91138922756546,183.22216501598473,0
7187,23.02052051772672,177.26611492322434,0
7188,22.8939945575806,175.64068026570473,0
7189,22.923484420600285,179.4093209793232,0
7190,22.929766397906338,178.82791383999864,0
7191,22.8891072509476,178.07295839999492,0
7192,23.058915671692,176.30930725234703,0
7193,22.90293005938269,181.44760415518175,0
7194,22.927332757100782,181.6915466304543,0
7195,23.086470691689104,176.72452222320246,0
7196,22.943183639580386,177.15540836149123,0
7197,22.976571157895954,180.36235257668488,0
7198,22.913452671688308,177.07366924274848,0
7199,23.063843575477637,180.52027800276588,0
7200,23.117443722289284,181.90879467429502,0
7201,22.998006706633916,184.7544904519271,0
7202,22.908495698843225,178.02504218254708,0
7203,23.039745707078733,178.4107639357456,0
7204,22.996957365909747,179.43623040707962,0
7205,23.00194936215052,180.95218533737872,0
7206,23.05477976573699,180.3852972067395,0
7207,23.074828734744386,181.9228735522779,0
7208,23.025177484216716,176.75009489265472,0
7209,23.02027418192576,181.33191965689133,0
7210,23.19300291659987,177.93041554917028,0
7211,23.126754567182598,179.74276200804286,0
7212,23.100184212428573,185.3125054362374,0
7213,23.046786866173814,176.00943567671496,0
7214,22.958620356964893,179.38145984692122,0
7215,23.132059675869076,176.41162157762253,0
7216,23.05620073573197,180.71045784603052,0
7217,23.00127157775492,183.4116459742998,0
7218,23.030781179336433,180.79160406079063,0
7219,22.975724515020946,179.94818068320495,0
7220,23.14039150243417,184.2992227246138,0
7221,23.113233524351852,181.3212083837911,0
7222,23.07590581942372,182.8040823306928,0
7223,23.060736293573065,182.50683703735118,0
7224,23.012488764485866,171.74802190470558,0
7225,22.899318782697442,180.162412358518,0
7226,22.95947191242542,177.17386833734744,0
7227,23.015875023493265,177.9358112331164,0
7228,23.00662900924621,184.86318750474166,0
7229,23.103993887715642,179.3306768021784,0
7230,23.148542269971987,186.1484591617851,0
7231,23.076124347052737,176.26334722327624,0
7232,23.201888500574775,177.2510547191618,0
7233,23.029317902827362,182.80477017764343,0
7234,23.083880204505338,179.50925122192314,0
7235,23.09341650038191,181.47099172178355,0
7236,23.187641493158196,180.22772940080185,0
7237,23.11150744382862,180.15255746389667,0
7238,23.116490625370346,179.6832102922656,0
7239,22.976185008746807,181.1500268159935,0
7240,23.03934594403119,182.5520856421896,0
7241,23.201779328860216,185.48605697880066,0
7242,22.95083904176215,180.0508682605178,0
7243,23.227067686949418,179.4931018076616,0
7244,23.16236182814357,179.1222382335798,0
7245,23.06534586576308,185.11457594984452,0
7246,23.061341032040886,182.79179572434936,0
7247,23.282337193781164,175.0393124615276,0
7248,23.246327461891234,174.92263729299668,0
7249,23.126612337609345,178.27740726931557,0
7250,23.149685880489734,181.47359348548343,0
7251,23.089973283382847,180.69831761350324,0
7252,23.155198034426537,182.35862909013684,0
7253,23.093248785404633,180.30352293042648,0
7254,23.143621609734645,185.03766370576233,0
7255,23.29747354668242,183.17728986826913,0
7256,23.147738357251942,181.10922799272151,0
7257,23.07428412180141,184.32805289498387,0
7258,23.051552573077974,175.96084624853765,0
7259,23.17376626206259,180.66786488124106,0
7260,23.105457740294785,181.35114370862533,0
7261,23.188788088522916,182.76022762799772,0
7262,23.042228014283367,175.8241249181343,0
7263,23.229734603883305,180.20390035878972,0
7264,23.092425608352134,182.20199486934985,0
7265,23.183664624217275,182.44758340228614,0
7266,23.15561643869333,184.58996412603906,0
7267,23.322869439777637,183.33156110718218,0
7268,23.20183282435643,180.87997029380136,0
7269,23.34646452191203,183.1028857384054,0
7270,23.23839690848473,180.489322246289,0
7271,23.31027838248804,181.54917617850387,0
7272,23.182248053218053,183.50869493795645,0
7273,23.22929573055372,181.003811369506,0
7274,23.301848093470145,182.24110083775096,0
7275,23.27945203196874,184.0544682400478,0
7276,23.252230805167454,183.3224386244919,0
7277,23.186210107366428,184.9017535917692,0
7278,23.202433736987675,188.20206866599779,0
7279,23.308837153760724,183.3408845009354,0
7280,23.32818278455217,179.8635924906923,0
7281,23.17576386648901,182.79829970238723,0
7282,23.1663724475259,182.68463756712114,0
7283,23.15621999086236,183.13405739638455,0
7284,23.29760148681399,185.79390819009134,0
7285,23.159539362013184,176.271850083177,0
7286,23.301974712516976,185.8810146700549,0
7287,23.28288786125455,186.90605820538894,0
7288,23.19828856505109,183.07431721047456,0
7289,23.369664989078586,183.16179869323486,0
7290,23.13023288285186,180.67573776135694,0
7291,23.38263054279047,181.4349132861052,0
7292,23.27803009869732,183.52505722291593,0
7293,23.08929013890576,183.3471075433092,0
7294,23.385162927050136,183.6238192607263,0
7295,23.33823152390332,183.3569254729838,0
7296,23.228836382717823,184.18730924541623,0
7297,23.18855126028765,183.8672946708054,0
7298,23.142835916293134,178.44950167172843,0
7299,23.464226029141066,184.03454036932163,0
7300,23.199745564727586,187.1286741198638,0
7301,23.175151474238753,181.48820140306552,0
7302,23.300291167805465,186.08167814373968,0
7303,23.150441841382868,178.8464981895799,0
7304,23.205561698050946,181.5242310648603,0
7305,23.366291895169077,179.70516824376085,0
7306,23.326436503651223,185.78141906942597,0
7307,23.260991830690948,186.58028632223042,0
7308,23.295964175982252,181.37635827597268,0
7309,23.261696626024186,185.2022097084096,0
7310,23.294725449983208,186.65597195193354,0
7311,23.241327718850002,181.6203907424818,0
7312,23.258437155518024,182.12344561705777,0
7313,23.258582007124208,183.95006846989835,0
7314,23.25194360101322,179.23662800683297,0
7315,23.396097782504736,182.1095422354971,0
7316,23.37676291903381,188.22260607214236,0
7317,23.24312925103655,180.30918719891608,0
7318,23.224727722642108,184.3856770876725,0
7319,23.31025410563146,183.4105698069986,0
7320,23.497812322323803,181.3628042401408,0
7321,23.245722010777538,182.5340000348327,0
7322,23.317585592683308,187.14181450942272,0
7323,23.34012226690573,183.5596532428274,0
7324,23.32687029203333,184.0432117255722,0
7325,23.301437819454996,186.73122368057423,0
7326,23.433029831027945,181.0752731981944,0
7327,23.379504796557992,178.817614176483,0
7328,23.413333024941192,187.27824205520233,0
7329,23.39533527547117,182.39759267863073,0
7330,23.42221278317574,184.68364370584968,0
7331,23.47995714887132,179.7306536959227,0
7332,23.462191660691005,183.19800643721024,0
7333,23.54419158703869,178.75640150554648,0
7334,23.45808933506412,182.25317768669797,0
7335,23.309636657669436,180.13293278693013,0
7336,23.43346330499142,179.45846927919322,0
7337,23.424994642145847,181.19677988285633,0
7338,23.524260420514466,175.24067713377093,0
7339,23.29573663093781,178.65582838500234,0
7340,23.420213336740147,184.49745016605277,0
7341,23.323554984313887,183.20786412756902,0
7342,23.42150297558423,178.95694654195006,0
7343,23.365773753184506,183.83775557704553,0
7344,23.423760443616644,179.5741080996524,0
7345,23.275020641310554,184.38923623629927,0
7346,23.45374584583546,181.89100947506938,0
7347,23.409207764107,181.2771239761747,0
7348,23.407328923809136,181.99385384972845,0
7349,23.55359743280983,189.96016584639636,0
7350,23.369401328138572,180.01969603562347,0
7351,23.429797191285946,182.9902809735646,0
7352,23.41284866722007,184.6691996471897,0
7353,23.423076265419557,179.45232757946235,0
7354,23.58737860426788,177.57124918740357,0
7355,23.417135027321144,180.56516870941908,0
7356,23.369039223539442,184.6612769471353,0
7357,23.566479929108237,181.37128486208388,0
7358,23.394573623540946,181.71836886585268,0
7359,23.293150384620617,185.1583705270487,0
7360,23.364667914872253,180.02139061997025,0
7361,23.326574021333155,182.18849548393433,0
7362,23.284664198678037,177.92756302768018,0
7363,23.40197542765604,183.44555114522598,0
7364,23.427749291004318,183.18620597726763,0
7365,23.530153461222337,184.89856731972623,0
7366,23.488402707759008,179.0904464851908,0
7367,23.48709133671829,181.9647912784741,0
7368,23.371256438978858,178.71926466801588,0
7369,23.51583115335737,181.83055991006054,0
7370,23.558652949688497,187.02843080717346,0
7371,23.481232373605398,181.63497722120053,0
7372,23.48577500564378,178.51362712349925,0
7373,23.353099612066483,180.58588201026964,0
7374,23.540925718755968,177.80677951888384,0
7375,23.60132759298175,178.76641350489234,0
7376,23.486982044859584,184.68077191759576,0
7377,23.415876355604745,178.34302201194043,0
7378,23.452738787646805,183.63289976276002,0
7379,23.434332482788765,182.7871658095191,0
7380,23.441392229581155,181.12935825115727,0
7381,23.524323179191466,183.41997948557616,0
7382,23.49709223821659,179.93891279886412,0
7383,23.5572948284502,185.2883794496939,0
7384,23.508891082394726,180.68475531500215,0
7385,23.412324980603387,181.63458645613002,0
7386,23.44362392998195,181.29152586937212,0
7387,23.4408733859556,184.88987209956818,0
7388,23.473198524991535,184.46863632974103,0
7389,23.633902738235545,174.98403484145217,0
7390,23.648921147592336,183.6256813703922,0
7391,23.56165481232177,177.6429686660587,0
7392,23.506419327969336,181.8665569080428,0
7393,23.390171499807156,182.5797550511306,0
7394,23.51888371354997,181.8618375939454,0
7395,23.440255729124907,184.43418511527847,0
7396,23.636065193857156,185.10565221992942,0
7397,23.379295955378577,180.63870002834594,0
7398,23.54069793846536,180.54336100310246,0
7399,23.442148609375938,182.87847757851813,0
7400,23.51346887291055,178.36880375830154,0
7401,23.569651605404044,181.5826592732972,0
7402,23.600253415953073,187.07139924305218,0
7403,23.51576415773815,178.5218158434328,0
7404,23.583633807206606,182.03389641656202,0
7405,23.471849615303437,181.29085607767195,0
7406,23.5465946388768,189.0970511565123,0
7407,23.60922608541395,181.4811317697013,0
7408,23.55770892837299,181.66872940016327,0
7409,23.490878480489695,180.0292926363674,0
7410,23.51298109568201,183.1629567989974,0
7411,23.618628956462224,183.95887503500992,0
7412,23.452094340712723,180.50427523012127,0
7413,23.465955565025535,186.14124240801104,0
7414,23.59168014419415,184.00158222997402,0
7415,23.510467200486655,185.7573849017892,0
7416,23.43139302903497,182.2305541863542,0
7417,23.65773550200689,183.95776540194714,0
7418,23.46372761195814,182.60215243824368,0
7419,23.537760138030755,187.62769386845216,0
7420,23.506165044872226,183.61662662220334,0
7421,23.533917403440437,183.30725864777685,0
7422,23.48896111579859,181.91941091092605,0
7423,23.618864781411606,181.75936354408373,0
7424,23.572573249915425,184.03351551993154,0
7425,23.644377712566108,185.79218377623573,0
7426,23.51892313230588,181.29279636014786,0
7427,23.740262578388734,183.73923480483188,0
7428,23.419206240865925,183.9250087401701,0
7429,23.4467176934866,184.46057099530967,0
7430,23.715718628088236,178.27594821596685,0
7431,23.615331515874402,180.63717300527262,0
7432,23.60664837579446,179.3267478457409,0
7433,23.61576176136222,183.5358215181215,0
7434,23.628871483549162,180.74711140258873,0
7435,23.60906437893005,181.97414778494314,0
7436,23.50971153227229,179.89284546232355,0
7437,23.65433294210161,182.27876949441557,0
7438,23.643618529423765,180.12893646448038,0
7439,23.70691816876859,185.78771675929653,0
7440,23.735655146534008,184.96439542314155,0
7441,23.62281888611775,183.99009526704924,0
7442,23.50003455098825,182.6462532837536,0
7443,23.741890690200538,177.45166607850405,0
7444,23.52047993231634,182.20272937330915,0
7445,23.63080479967201,181.30557797236182,0
7446,23.585057330407736,184.34434400375187,0
7447,23.57296701785312,185.4741919156218,0
7448,23.670374655751914,184.60149267665352,0
7449,23.630593590849152,187.42920903339174,0
7450,23.65389487379663,181.94762587089704,0
7451,23.549371915661748,181.8356903638347,0
7452,23.60248459699066,186.7910770086256,0
7453,23.556624060410623,184.18849061487558,0
7454,23.604029863925145,182.96121902921783,0
7455,23.612215791176183,189.25412713054334,0
7456,23.771014705801562,185.46007832381792,0
7457,23.604465296777555,183.16755160201444,0
7458,23.456906899898218,181.69362149707234,0
7459,23.740292837525985,187.74324005490442,0
7460,23.666349352807458,184.39691340896803,0
7461,23.62164317513628,183.86166753131155,0
7462,23.598854485335266,185.82911451813058,0
7463,23.559777643943782,186.45269122266677,0
7464,23.792267782186276,185.47415389196482,0
7465,23.643055999130638,186.48856073877934,0
7466,23.50156500528047,185.202820866123,0
7467,23.66847318281571,185.52540693869332,0
7468,23.74040877404752,181.67783256181337,0
7469,23.65808302318332,189.3157921657691,0
7470,23.575086117724336,180.195658313009,0
7471,23.569565112309487,184.836752195073,0
7472,23.577095094620084,179.9102224494048,0
7473,23.7738348763466,183.6380148089629,0
7474,23.647982794249156,182.23037056116033,0
7475,23.521023682256903,184.36334250463239,0
7476,23.687650081374517,184.99314423601487,0
7477,23.669792037673435,181.11063918895476,0
7478,23.62417916127197,183.90313876307144,0
7479,23.58003191893254,188.18411926879642,0
7480,23.578118466062204,180.07798834564878,0
7481,23.751718280656767,181.46428185051496,0
7482,23.686138021032487,186.62033902480462,0
7483,23.706169783783665,184.2823437673409,0
7484,23.688992155533576,184.51472060756964,0
7485,23.697151550749286,187.13971151927464,0
7486,23.634981709722286,181.70211910835863,0
7487,23.657495569247256,182.53781227050888,0
7488,23.768655284835617,182.1793570361716,0
7489,23.790121746327582,183.0741100174806,0
7490,23.580671117904362,188.14869370900556,0
7491,23.663253447740868,179.03826715483308,0
7492,23.74852437603393,180.5702026104922,0
7493,23.833407016397523,180.06713297992783,0
7494,23.826848174634865,188.3805586316118,0
7495,23.62207321536597,182.34354295495078,0
7496,23.789171607001,183.21795910482518,0
7497,23.69328452577172,179.36528602086233,0
7498,23.773564266475866,183.43321010836527,0
7499,23.754482136028663,186.83108411569557,0
7500,23.59170319962237,185.0015118319382,0
7501,23.738210279225314,183.93014118858875,0
7502,23.77605167089772,179.57014026688276,0
7503,23.69535862849392,183.29197485162734,0
7504,23.678632347631314,184.72758036957444,0
7505,23.57396265276967,181.322337089448,0
7506,23.755734745359167,186.27343126051275,0
7507,23.7190862497675,186.97488002080215,0
7508,23.629944145116486,182.74461524262787,0
7509,23.678975561901883,186.51891525644584,0
7510,23.718718334217364,184.02302743362162,0
7511,23.662973917047854,187.80445789194488,0
7512,23.709177033585764,190.47626374470272,0
7513,23.570257696332842,181.10355315843265,0
7514,23.8194868343812,186.70371060336427,0
7515,23.714077962147996,188.3208287551023,0
7516,23.626120374242475,181.50454150166289,0
7517,23.518546681600483,182.70183771340464,0
7518,23.7989002034742,182.67865527518404,0
7519,23.762454019957353,184.04999928998208,0
7520,23.73589009411686,183.3897724342025,0
7521,23.789346857222924,183.8745105753845,0
7522,23.79033789282783,186.99379407854684,0
7523,23.738223279894925,178.80282797796949,0
7524,23.70352450459219,181.57898615285862,0
7525,23.6916749017401,186.52082307350346,0
7526,23.75989734473874,186.17970879967245,0
7527,23.839151397228004,181.35606429161095,0
7528,23.720314674939665,186.22107618482156,0
7529,23.847814285411157,188.53281953441322,0
7530,23.76068856399027,184.41535625020364,0
7531,23.762423011761193,181.54873858663075,0
7532,23.925498941035706,187.20763894075057,0
7533,23.866417957844657,189.76203557387112,0
7534,23.869597010955243,181.94457000057312,0
7535,23.672594790092603,184.73080721429085,0
7536,23.912865121443303,187.8935463613158,0
7537,23.73199083016079,184.97915237968934,0
7538,23.72143753250957,179.40115225933476,0
7539,23.567956594774937,185.9832276153908,0
7540,23.767850349617735,181.72644985977314,0
7541,23.656120344856518,180.86057732263978,0
7542,23.77648149499436,179.49933847107258,0
7543,23.651919442031005,188.2636095540394,0
7544,23.88967502799599,182.19802678690274,0
7545,23.7909902582279,185.71191012602807,0
7546,23.930250267176778,186.45847342350623,0
7547,23.667005706071777,185.21674328631002,0
7548,23.873759931170152,185.63064241417607,0
7549,23.606577424845018,185.89368560003848,0
7550,23.76840013474667,185.17441310168357,0
7551,23.702174765568024,182.489187577377,0
7552,23.71780943940981,182.23116802169042,0
7553,23.713258412925374,184.4737155074763,0
7554,23.68232380136188,184.41961580677548,0
7555,23.655639795947398,186.09548207342607,0
7556,23.72192526353804,188.12185505264216,0
7557,23.76749699979062,185.85796989332897,0
7558,23.852196357845678,182.40291853613962,0
7559,23.783605672949406,178.30138498871656,0
7560,23.854168429139676,182.5472903486117,0
7561,23.643449364437146,180.82984714554,0
7562,23.727914981777655,182.68138455426845,0
7563,23.820272656343935,185.60848166360034,0
7564,23.791677950161183,185.14393829788733,0
7565,23.696149795597695,190.4743821817847,0
7566,23.840581109398926,186.35814296079667,0
7567,23.724156205015905,190.64541548303498,0
7568,23.70526209472055,187.072313466772,0
7569,23.8071907693813,188.19296333804024,0
7570,23.769502905977394,183.8680503168692,0
7571,23.72794140802114,181.73010941453944,0
7572,23.725980571418358,183.61560377324471,0
7573,23.68569257940275,184.93568702242754,0
7574,23.74035333589314,183.09559705855716,0
7575,23.860741415870248,181.98539040040274,0
7576,23.79302274792262,186.24804052152285,0
7577,23.850854862847765,181.99001146362062,0
7578,23.81615201191688,180.414368323854,0
7579,23.726576583358366,181.65719266133362,0
7580,23.644305279038058,184.3289569428828,0
7581,23.702759074751405,182.0678040001001,0
7582,23.723869935575035,184.3647949817163,0
7583,23.718334072944184,186.8588663700636,0
7584,23.857344716447304,186.78929669360213,0
7585,23.857143129176166,183.0918892029559,0
7586,23.95706985466658,181.17090676717595,0
7587,23.719635715855606,183.36419089444138,0
7588,23.90913368715249,187.06629058727185,0
7589,23.909234091882006,187.7752047626709,0
7590,23.76393697994394,186.17451074922462,0
7591,23.82097834276457,188.72833898629685,0
7592,23.882918859610772,190.31979191982114,0
7593,23.779502969884394,183.6906213288017,0
7594,23.773852782102182,189.60807919630133,0
7595,23.735114753068732,184.37478990663348,0
7596,23.59702671908991,188.22399825380384,0
7597,23.791986008638723,187.29814786448003,0
7598,23.730067630454435,179.24919804588276,0
7599,23.701328596486047,182.28959923834054,0
7600,23.82162153442131,181.53228867377555,0
7601,23.6722213395211,179.8578474935678,0
7602,23.853283220958854,187.84973403681613,0
7603,23.82794567450642,191.4258694291542,0
7604,23.757693555122607,184.454265352624,0
7605,23.785085852248553,187.79744603853592,0
7606,23.6953650176249,189.69650929128503,0
7607,23.851032193106835,185.8752498021152,0
7608,23.806407005654492,185.18190088551805,0
7609,23.81276898109339,184.52832563908595,0
7610,23.832365685367108,186.8855793225867,0
7611,23.741205039265818,187.9044619398445,0
7612,23.671447770207557,186.6732354305075,0
7613,23.869922399899483,186.57761462035262,0
7614,23.848789234140575,185.1489850769083,0
7615,23.751208217051385,180.5310622495599,0
7616,23.827101222415635,188.0103706416571,0
7617,23.895336087577753,181.47060532351117,0
7618,23.886110399575195,187.18986032218717,0
7619,23.750156064263294,187.60609951658446,0
7620,23.67651663265988,181.92474283165802,0
7621,23.690527355895288,183.52974971068565,0
7622,23.771243838949054,191.72465198413624,0
7623,23.91343494234544,185.12882112542002,0
7624,23.738431885921468,181.71362953513292,0
7625,23.749249530232646,187.78387416833527,0
7626,23.747841399550136,183.07013983784415,0
7627,23.754884639061906,179.63348546268625,0
7628,23.796744054254606,186.96122127255256,0
7629,23.695447567815428,182.6588772553241,0
7630,23.884800036714015,186.37907673276646,0
7631,23.786655488392867,182.9841854779069,0
7632,23.996752148720645,187.55057489760517,0
7633,23.704706182455013,185.98612680169623,0
7634,23.925941905091577,177.67463831887187,0
7635,23.91021125964258,186.59489666506425,0
7636,23.766110189165495,184.58622266899124,0
7637,23.767571606751623,189.71208980137183,0
7638,23.725594438788697,186.65404320686022,0
7639,23.72662461910933,187.7433384961489,0
7640,23.79946418563329,183.3496503427928,0
7641,23.801260927032295,183.11743970633782,0
7642,23.67149967067699,185.41702756685567,0
7643,23.983241617691014,184.41842212580815,0
7644,23.77906319820683,189.52055491073415,0
7645,23.80512713830249,185.0527900847234,0
7646,23.74982302453437,181.84446373397924,0
7647,23.77859537236506,183.04233013978018,0
7648,23.77135025566478,188.42633216337302,0
7649,23.799760692060214,185.03547499534614,0
7650,23.798832807165752,184.88114189121845,0
7651,23.86438443400952,188.72983207665268,0
7652,23.81815809953222,182.81093394226335,0
7653,23.85629877712437,178.85561067855875,0
7654,23.799137153463008,183.00841758432358,0
7655,23.818378360533586,186.29912458287058,0
7656,23.780520092165215,184.83012435431522,0
7657,23.880010130571957,180.9031334176706,0
7658,23.825497886393556,188.63832595956794,0
7659,23.786959259931553,186.08632497711193,0
7660,23.784479850851174,186.7685266431237,0
7661,23.790671185828735,186.8659233665237,0
7662,23.80173377797325,181.7170914474295,0
7663,23.794667567735058,186.5268340635014,0
7664,23.754337577456237,188.34605328655735,0
7665,23.86009567222512,189.05007870664684,0
7666,23.864998690749438,187.79835548760713,0
7667,23.941300409371074,187.17933336669654,0
7668,23.750131005891035,180.4330208194141,0
7669,23.851556272645805,185.60578218604917,0
7670,23.645320254905243,182.78612589824374,0
7671,23.864175026981318,189.50757663000823,0
7672,23.681115632580962,189.05739669855603,0
7673,23.718676614479214,182.81981819062062,0
7674,23.823772313720866,185.53857760184724,0
7675,23.74723583563961,186.42710910749196,0
7676,23.736039238092545,188.38898423252462,0
7677,23.757664289882598,180.66474641815066,0
7678,23.854551999338945,179.06768592433855,0
7679,23.72127333534961,185.8159110529368,0
7680,23.791285127156815,178.11208863064462,0
7681,23.765028268414707,186.18689079395446,0
7682,23.860605597034798,187.49259220826974,0
7683,23.862531952806943,189.4289647588973,0
7684,23.64754986269034,183.85773721732969,0
7685,23.877645674814204,186.21366460514858,0
7686,23.74483128853488,187.68928760777095,0
7687,23.81224030579421,182.21219718020396,0
7688,23.717859732970567,188.48996037844722,0
7689,23.822289040593937,186.57146437245686,0
7690,23.996322371282943,183.9365794170917,0
7691,23.801994229629035,186.18150170846255,0
7692,23.75463004895868,185.34375865852243,0
7693,23.772432206063563,188.10634659660874,0
7694,23.6730603085782,184.68906758685446,0
7695,23.906067735369266,186.4560028988585,0
7696,23.81473966066612,183.91618054632602,0
7697,23.70534589678175,182.9696512583245,0
7698,23.707491366446106,186.30194288647633,0
7699,23.7895489091187,183.10116658022693,0
7700,23.862405833876846,188.19729583208087,0
7701,23.695277293676437,187.5762982086328,0
7702,23.875929924000083,183.5082631476236,0
7703,23.77901759516309,186.4489139395594,0
7704,23.711410329782385,183.50239926576972,0
7705,23.74788651263229,181.0024470408355,0
7706,23.92464843444973,184.02755658936735,0
7707,23.67315987277375,185.67208835299311,0
7708,23.72510876320378,187.39103185419842,0
7709,23.85930059778014,186.2789723732417,0
7710,23.79983464406334,188.55724336747076,0
7711,23.718633449968234,182.8943679616044,0
7712,23.85852128157652,184.7113782535025,0
7713,23.86171706820453,190.77814042711805,0
7714,23.806630736925896,180.05532700629485,0
7715,23.73050432482151,184.4961910052731,0
7716,23.74219875271178,182.64101872834453,0
7717,23.80099478779139,185.27271187450637,0
7718,23.672614475565766,184.55893098430323,0
7719,23.883130214418358,187.67206594085897,0
7720,23.912253308114863,186.63544758263134,0
7721,23.756679891928886,181.95527864180127,0
7722,23.80335488829737,184.11085064419333,0
7723,23.869031499813524,185.87815095365102,0
7724,23.929903577968982,188.09976969984737,0
7725,23.89729916787051,193.18358053645915,0
7726,23.633170194509145,187.99614335081972,0
7727,23.746032028321086,182.85326016981884,0
7728,23.810585113556783,185.61218773817455,0
7729,23.730237011071274,186.43957526745743,0
7730,23.911630696353882,184.34135683435318,0
7731,23.898584962365764,187.31314519150084,0
7732,23.70217676833135,179.09104238261398,0
7733,23.75366605797965,187.56738391251872,0
7734,23.705891267130482,184.48149368963723,0
7735,23.749433529241934,185.5842206592619,0
7736,23.746188101751205,190.3131450395025,0
7737,23.839732895992768,182.13402401623222,0
7738,23.69147536113565,186.73929213425234,0
7739,23.552363545797252,188.30541720805059,0
7740,23.63248176645734,186.43713941842972,0
7741,23.677713512203184,181.08599008251815,0
7742,23.70664548219583,189.98215320275608,0
7743,23.773188680056887,185.29925684124797,0
7744,23.670935895650246,184.35301144754385,0
7745,23.65952681325866,185.00645967433925,0
7746,23.681145302777814,184.7937027732826,0
7747,23.665325806265297,182.37179584036357,0
7748,23.709286462686187,186.43933880106061,0
7749,23.704921623491774,184.15489946045383,0
7750,23.806878641986632,187.96133398469237,0
7751,23.671632067402072,187.50348556162302,0
7752,23.72121786132713,190.8296964431783,0
7753,23.705245814197838,185.31973710581977,0
7754,23.812571339199817,183.54679479844225,0
7755,23.734521999116343,181.5491837362714,0
7756,23.829914778844344,192.54026675182683,0
7757,23.652655038609637,187.94834558422934,0
7758,23.739871860035816,183.88650596919172,0
7759,23.69671738014234,191.04493426360003,0
7760,23.643663395822582,190.03561852386775,0
7761,23.735295584569194,181.91492034320495,0
7762,23.87827104754867,183.70990879451546,0
7763,23.670335469456294,185.57489853348648,0
7764,23.72729412272378,182.76311649961258,0
7765,23.631425353194548,185.68509117671542,0
7766,23.618570049651865,188.112132231784,0
7767,23.671223514199752,181.85783968399076,0
7768,23.69709154271946,186.85795879941884,0
7769,23.699521091005366,189.48574499923166,0
7770,23.712754364907745,187.18216472021032,0
7771,23.597829481681547,185.75586687096504,0
7772,23.678471231724384,183.979581584618,0
7773,23.76752956510995,188.47754239479568,0
7774,23.617562376994766,182.45534533686953,0
7775,23.696634574041717,186.715528972717,0
7776,23.747289142767862,186.06470756972956,0
7777,23.66008688052875,189.36595923815608,0
7778,23.74878797281696,184.2418046164775,0
7779,23.598564914770954,184.4977271490239,0
7780,23.790111202873913,182.26618259663317,0
7781,23.747070754386957,187.3044315891828,0
7782,23.721022640472288,184.72189172067507,0
7783,23.80530883157596,183.40783672467637,0
7784,23.68772073002277,183.6942881805613,0
7785,23.663376730353743,187.60669070683306,0
7786,23.821336641360816,182.68708886350274,0
7787,23.857513572287907,182.95402751725098,0
7788,23.65348784689555,188.68612363874652,0
7789,23.698565321203443,185.499150481674,0
7790,23.789961477748058,188.86427920780628,0
7791,23.698791161507135,184.9202671353805,0
7792,23.751285938992332,185.99530640265917,0
7793,23.76481866814145,186.46789032188963,0
7794,23.656060977990567,190.16111859633043,0
7795,23.733237738783536,189.91710444407485,0
7796,23.697842246255053,189.45938213077008,0
7797,23.59962156142465,184.11335833606256,0
7798,23.616423731889903,183.0394290453349,0
7799,23.642019008743436,188.28235382751865,0
7800,23.76710191109176,190.13027910690246,1
7801,23.76832849454803,203.1726461610079,1
7802,23.75000396883154,213.40748657811642,1
7803,23.723802477864403,229.23587215943854,1
7804,23.720194022117045,242.9726760807116,1
7805,23.707938676526076,254.86736697116123,1
7806,23.716899172562137,268.6816438269957,1
7807,23.7208696445134,282.0830522006999,1
7808,23.56902777405625,293.10807871153867,1
7809,23.616694382713955,307.09807200548227,1
7810,23.596124746966577,320.7355781284823,1
7811,23.76552613351437,331.72611766828857,1
7812,23.8077903486883,350.63614546002907,1
7813,23.500438083972742,363.7695421357826,1
7814,23.797638451746284,379.8608101381441,1
7815,23.67787416423886,395.04068396111853,1
7816,23.750429036299867,408.9149884961854,1
7817,23.70839566297752,422.8810339787836,1
7818,23.781568596856076,430.037885641589,1
7819,23.681566970088063,441.6967009314201,1
7820,23.554153701339,448.78400794272375,1
7821,23.653210468717795,450.1373348993059,1
7822,23.701343282311182,450.6580282413155,1
7823,23.641232206704807,447.4441147886041,1
7824,23.70953790507918,439.9980485277588,1
7825,23.650065844339956,447.08398192973243,1
7826,23.606075173138915,447.65242827674183,1
7827,23.56522396591792,449.7412418422734,1
7828,23.619135378234954,450.2727729452964,1
7829,23.66521678716749,448.71161614546133,1
7830,23.490462251159478,444.2196673075112,1
7831,23.583162136857844,442.8928991292755,1
7832,23.48417967430278,447.580840610946,1
7833,23.592887991834647,443.60037692768094,1
7834,23.736370275501965,450.4016577129917,1
7835,23.54401909749953,440.8611527533922,1
7836,23.693476714088266,447.67403162480247,1
7837,23.86343770661332,446.93047799319504,1
7838,23.75011476518474,445.3500334171739,1
7839,23.642805080331847,443.19340402765613,1
7840,23.699083359349096,439.78180246488046,1
7841,23.519110890345377,444.37118293758056,1
7842,23.50108159358783,444.4221161890291,1
7843,23.62751222666141,449.29723157122635,1
7844,23.65535921702265,443.61166967876204,1
7845,23.709269111905517,447.31672258242094,1
7846,23.57445461965124,442.0798246412513,1
7847,23.63365849754681,447.3953811181886,1
7848,23.62913951874487,439.2395871513329,1
7849,23.6041152904287,452.23658761456954,1
7850,23.60703756440446,445.52546658784934,1
7851,23.542660462696553,408.67420742210993,1
7852,23.631607238700184,386.01346083837126,1
7853,23.62302104428351,356.64868149268864,1
7854,23.570395103244923,328.4171319951449,1
7855,23.657029605460103,300.399539689077,1
7856,23.684158454191163,270.6144492044678,1
7857,23.654278959382403,241.26186053904016,1
7858,23.514843006793967,211.34380335374445,1
7859,23.60435246109525,188.39393527087793,1
7860,23.52160133535284,189.52953688927957,0
7861,23.600368056733387,185.15993100132238,0
7862,23.518161336739116,185.86822434834403,0
7863,23.691050736684172,182.53958296248123,0
7864,23.64965040912389,186.1290383174323,0
7865,23.67732210572273,186.60322764080993,0
7866,23.66731266915277,185.25246012778717,0
7867,23.559611759850885,187.09615998184304,0
7868,23.54528870966778,186.8312999939685,0
7869,23.716746088774705,182.73995360642547,0
7870,23.56226226825713,189.47867198657062,0
7871,23.465162034722628,185.27370790286727,0
7872,23.65217548239951,190.92043831012307,0
7873,23.581122890253894,187.15202169972497,0
7874,23.688132119147536,191.80055537506897,0
7875,23.585122999187707,189.41051919033873,0
7876,23.562107248983136,186.5631959321529,0
7877,23.683812107098106,183.70918150116918,0
7878,23.436653364807732,183.77063443942208,0
7879,23.51090309791541,187.47123421247971,0
7880,23.484737658618783,186.2982638557756,0
7881,23.378108156810463,184.09852091861546,0
7882,23.621549749229864,188.36145328944173,0
7883,23.505076535524903,185.97522107833672,0
7884,23.620067128074677,188.37253001753467,0
7885,23.57672560734877,182.9256437229464,0
7886,23.59212444073943,188.84698216917184,0
7887,23.50506881727888,187.34802702986096,0
7888,23.478302058548177,189.4341824106247,0
7889,23.544557341475972,188.7701579780031,0
7890,23.60883793975174,185.5793593202623,0
7891,23.529195415760864,185.33440895990074,0
7892,23.47498606431121,191.17589865723062,0
7893,23.43312804494705,184.95133343266536,0
7894,23.543284609320853,188.06453318822201,0
7895,23.480521820398124,184.67122448167132,0
7896,23.516997236200904,180.22584972635883,0
7897,23.50151707123279,182.12555535052198,0
7898,23.48294144287574,187.02136917124122,0
7899,23.53987043503992,187.90299571091677,0
7900,23.55859041448076,187.0231951853949,0
7901,23.669310075160027,189.22931808546315,0
7902,23.570576608973713,186.96112497644918,0
7903,23.635278996919745,183.45747565539742,0
7904,23.440135412419743,187.56188194520723,0
7905,23.375380731181707,186.28355530151177,0
7906,23.500128628633956,184.04377384244665,0
7907,23.56774585689944,187.18368265026572,0
7908,23.5530111616754,185.99987261211402,0
7909,23.59163724207217,183.94235833912376,0
7910,23.289605551541708,185.21932108852022,0
7911,23.59056379451312,189.98913880340032,0
7912,23.514953141235384,189.88658043340135,0
7913,23.36237960416863,186.30378962325864,0
7914,23.541561599628206,185.90655956245183,0
7915,23.49501062466828,181.4309817049516,0
7916,23.50971722269871,190.8835373111965,0
7917,23.556908631997725,188.82975069601792,0
7918,23.509157138757416,187.9718235996345,0
7919,23.354658526218365,178.8869814132464,0
7920,23.458786100251345,185.8291070497383,0
7921,23.3385545263217,185.32007939545707,0
7922,23.51762332657054,187.7449991807532,0
7923,23.57526255720087,184.33850872711562,0
7924,23.36182969593165,184.99147981069697,0
7925,23.405144048238242,187.53981959383475,0
7926,23.385981308457772,183.35577705169925,0
7927,23.41796257428741,183.94927657255326,0
7928,23.48496745539586,186.2462381407078,0
7929,23.414221172513614,189.6765300942179,0
7930,23.49955673659252,188.0812581582231,0
7931,23.530266874006323,188.87679835117908,0
7932,23.530853980301018,185.83523503237123,0
7933,23.350930104438426,190.1251784622694,0
7934,23.548924894351863,180.41101823906433,0
7935,23.55299701080212,191.69586567073893,0
7936,23.557580962725165,192.07896886249148,0
7937,23.418391442428074,186.9880463628236,0
7938,23.368514038118377,188.10945209728573,0
7939,23.347561725538178,185.49309299515778,0
7940,23.33579302046058,184.9727774697632,0
7941,23.422499868930533,183.76322301276556,0
7942,23.487016873295296,185.44311131672004,0
7943,23.52133238075145,187.252222704741,0
7944,23.375577038189515,186.83831045681976,0
7945,23.40893539856162,191.53266653230526,0
7946,23.401299287624344,185.8678411608012,0
7947,23.356410712611087,181.09465388980564,0
7948,23.46368697367778,190.48815537253023,0
7949,23.431443817034047,181.88640653422,0
7950,23.411345854009568,183.86510441855145,0
7951,23.426243603957722,186.35247645218766,0
7952,23.444389593103985,186.78270415632068,0
7953,23.441157964422548,181.1887579240545,0
7954,23.323208530821233,183.27951227480958,0
7955,23.459553980096505,181.0703998770758,0
7956,23.405832228695818,187.3716669440716,0
7957,23.348184190754065,189.05041016029838,0
7958,23.399237742571913,181.82846142729784,0
7959,23.405598810033247,188.47462281793526,0
7960,23.462119943601845,188.2736089788296,0
7961,23.2894168619931,183.49765259515536,0
7962,23.476635576388226,179.5206825522092,0
7963,23.37001313633187,182.24816881721526,0
7964,23.325186081587066,183.669643893556,0
7965,23.320251751803067,190.07387158337806,0
7966,23.28059261188414,185.0873563607001,0
7967,23.218934079570477,182.4151478999075,0
7968,23.40990013377668,185.87250797965194,0
7969,23.511675594267153,181.53621257961723,0
7970,23.2212876895244,186.9585318567182,0
7971,23.272150646223434,182.47573852485817,0
7972,23.405795254173213,182.90434140784143,0
7973,23.339497154028802,186.52153367534422,0
7974,23.40737697263407,190.63886650297036,0
7975,23.329956967540657,191.97459912990382,0
7976,23.28911146601563,182.25467404409784,0
7977,23.314957264954472,183.5774488588822,0
7978,23.139916390079158,186.9068251850791,0
7979,23.23645967942138,188.85952012742723,0
7980,23.40125166439814,178.85378807636704,0
7981,23.41818822461622,185.6009000233245,0
7982,23.432772510452903,183.87027446623802,0
7983,23.35298786022367,179.55241708526478,0
7984,23.13466801772986,181.3057181354102,0
7985,23.26178438045645,183.6066024458554,0
7986,23.415984923285574,185.47903884047952,0
7987,23.43728059722253,188.31953397369446,0
7988,23.413868120520796,186.35086505763616,0
7989,23.283372432273193,188.12299810124975,0
7990,23.195159205406767,185.3530756835136,0
7991,23.29384374124351,183.15055158150128,0
7992,23.295684203606164,184.70659021865146,0
7993,23.41714661307741,187.33680674397456,0
7994,23.30752296007545,188.34031984619313,0
7995,23.288028853946706,184.79135198910524,0
7996,23.289965181777987,182.43993707957202,0
7997,23.31346202510478,186.2265283422557,0
7998,23.328972844742378,186.64573197815582,0
7999,23.218275564477388,188.90214584660478,0
8000,23.18900648309049,183.15986380382782,0
8001,23.38063501790861,183.18488888032385,0
8002,23.13707795224535,187.44885389625935,0
8003,23.396748702243347,183.95012974543442,0
8004,23.11023902161057,183.81539961398633,0
8005,23.213691232939244,188.91885807942944,0
8006,23.33556087383109,181.03537261549835,0
8007,23.25519479856472,191.30891453251687,0
8008,23.147201085256732,183.29427932163958,0
8009,23.28398218713987,187.72421604171274,0
8010,23.252573942843995,184.7894420003484,0
8011,23.227272380895126,185.92170293015363,0
8012,23.191982129337728,184.3109966586359,0
8013,23.23646415384242,187.66079124598792,0
8014,23.19001271107905,184.04075990623411,0
8015,23.428659977286124,183.35552751468853,0
8016,23.212024065410233,190.50599303062205,0
8017,23.198650137618454,185.14568154526705,0
8018,23.182542273835278,183.02197800861322,0
8019,23.36534895225844,180.56970155365798,0
8020,23.089384534421953,190.6287575007805,0
8021,23.24657879138441,183.36767487366066,0
8022,23.195992658742103,191.20035888371308,0
8023,23.09857288561809,186.20276601645105,0
8024,23.144225236683642,185.42618304516793,0
8025,23.23241155559448,185.49834911079927,0
8026,23.135205148776148,191.6279265284023,0
8027,23.222420600852097,178.39463990619896,0
8028,23.33728416802679,185.60550800416988,0
8029,23.209893962880432,184.15802644193715,0
8030,23.077256518197775,184.3054769764829,0
8031,23.123083065115114,185.38377866455087,0
8032,23.16528123138245,184.12813280631383,0
8033,23.157219513275752,185.4823056346558,0
8034,23.1948418036978,184.838165918085,0
8035,23.20495627884134,180.95917479641614,0
8036,23.315681034505086,186.034864887804,0
8037,23.174217019910202,187.02981405210346,0
8038,23.07961270598358,183.24630430882658,0
8039,23.261364327584197,190.46700646479178,0
8040,23.267371318796688,188.86081720324196,0
8041,23.182192288993914,187.37670933042196,0
8042,23.141150785300056,187.33103192557513,0
8043,23.207929584507227,184.9165446694502,0
8044,23.138501095881615,188.24102116534996,0
8045,22.988190481999037,189.5197867123327,0
8046,23.19498299430638,187.22217998935838,0
8047,23.21854119864814,183.07781011456697,0
8048,23.259702294630795,184.66013519328538,0
8049,23.083207116819466,186.49067621925334,0
8050,23.157011767402448,187.27335475388583,0
8051,23.155991563961063,184.51810969420933,0
8052,23.140245602149186,183.04050443293295,0
8053,23.139849252856195,189.48390727899792,0
8054,23.130875831383626,181.50465098821115,0
8055,23.14208752415881,181.88790631838572,0
8056,23.181643151746858,180.7207773154508,0
8057,23.21725127672171,181.8617352156694,0
8058,23.05635982919444,188.42461707538698,0
8059,23.100319038581357,188.51524338916144,0
8060,23.07752983117704,184.44073916534632,0
8061,23.06331866937144,186.14191764570378,0
8062,22.976522598981216,184.61152752548728,0
8063,23.10497427373029,181.0571457569409,0
8064,23.138612216415066,191.27740047967802,0
8065,23.08508749457221,188.73727088765068,0
8066,23.094006542933435,185.66624912688093,0
8067,23.125424674627023,182.0252295137817,0
8068,23.20206472137815,183.90797304029851,0
8069,23.052818322202977,182.4953449985625,0
8070,22.989893801467414,184.8551825163856,0
8071,23.073609825986868,185.48198818775194,0
8072,23.228751220876916,183.51859385247946,0
8073,22.982414605980544,180.16845261499012,0
8074,23.124516919804645,190.91755731095748,0
8075,23.162357652540937,185.22361908536791,0
8076,22.87769953711431,185.87044241836603,0
8077,23.096976941351766,183.22303498540302,0
8078,23.109648073467305,179.79379574772472,0
8079,23.037203741591714,184.21946274685624,0
8080,23.004090094108122,183.48920292590367,0
8081,23.005766132118083,186.5769461477492,0
8082,23.0239469359534,187.15601929000016,0
8083,23.023277416325747,186.72228815718873,0
8084,23.00539504057399,187.38139953046985,0
8085,23.01431074477976,189.8169324790439,0
8086,23.13434316174422,185.56481261133095,0
8087,22.939136088190192,187.6821970666619,0
8088,22.893575849121632,185.85539348603567,0
8089,23.127253055848765,178.6629377472747,0
8090,23.012558176614757,183.8886853780106,0
8091,22.994070023863898,181.73828415441932,0
8092,23.013439941080247,185.02486136070326,0
8093,23.036287878584456,181.946643902926,0
8094,22.974829837737214,186.12580045667013,0
8095,23.054436415361614,187.2408959549667,0
8096,22.934188738366604,187.89754621585732,0
8097,22.984231333065065,189.13361579812405,0
8098,22.82840930781559,179.23672459102528,0
8099,23.09657149192128,180.6567332376442,0
8100,22.98591298427523,193.02608624581865,0
8101,23.050815806206796,187.26009011274834,0
8102,23.032540958502935,184.89371213000405,0
8103,23.035607675136706,184.30530108556084,0
8104,22.98820821344274,184.02739960179545,0
8105,23.01709626626931,178.38550308644383,0
8106,22.90634331108436,181.85848946568342,0
8107,22.8867599729795,183.8286393982934,0
8108,22.969574214340724,182.00527941684126,0
8109,22.920489282305837,182.38609946975836,0
8110,23.08611753649796,191.8063217201044,0
8111,22.999301307074553,183.36376003478807,0
8112,22.909180965807,184.9416426603723,0
8113,22.94198637441615,184.82342681581284,0
8114,22.971560710722557,185.85270370962277,0
8115,22.952690998513734,182.64095617558735,0
8116,22.977082478640213,187.802199562212,0
8117,22.958047264696216,185.38036590842185,0
8118,22.838515044498944,180.17658195988466,0
8119,22.774908514279687,183.7039311603123,0
8120,22.91430609741334,183.49833867613776,0
8121,22.986248858705764,183.34860023543573,0
8122,22.90963525473346,185.51927253459544,0
8123,23.034765989609333,185.8838158654762,0
8124,22.929306789390235,185.51783044038388,0
8125,23.038851090942032,184.9728209648331,0
8126,23.01964621098292,184.20116459773308,0
8127,23.008816298559147,177.47878001313384,0
8128,22.82565274945612,186.25420151075514,0
8129,22.9205262156915,185.3736816369,0
8130,23.01419910838446,180.94240445996738,0
8131,22.935388093415824,184.72647735610636,0
8132,22.955173646634858,185.8165615695844,0
8133,22.797019295196456,187.37447638407787,0
8134,23.058780019803446,185.37960211893662,0
8135,22.839194573070646,184.80143943233261,0
8136,22.74017940180854,186.66486089099436,0
8137,22.868873463711946,182.89280759152248,0
8138,22.698396179672617,185.03629489455045,0
8139,22.804617530469265,181.9247771900848,0
8140,23.0933424658803,187.10681246916295,0
8141,22.855493590835337,178.93456869738282,0
8142,22.768910603711685,186.20166746046522,0
8143,22.88239555617032,183.79231100936073,0
8144,22.805787031370215,186.62304867384876,0
8145,22.94401396394173,181.3729305846851,0
8146,22.800931467495648,183.97216598729338,0
8147,22.890997927017516,183.87173170045503,0
8148,22.77482027967732,184.97909300206925,0
8149,23.07175465225042,180.5223321558527,0
8150,22.901371355468644,185.5612138383054,0
8151,22.84669174394574,178.10241172179494,0
8152,22.832148023749046,181.62406851782217,0
8153,22.808550920849875,178.92688038779107,0
8154,22.789221869946818,186.08717955101218,0
8155,22.784281065604265,184.79033993595107,0
8156,22.97887882706098,184.9454651904899,0
8157,22.797665011078998,187.9842945661579,0
8158,22.66878415055216,182.6042540653099,0
8159,22.743125740856176,185.36816446686416,0
8160,22.907888616945723,183.72477855528425,0
8161,22.810754238308384,183.25528776919188,0
8162,22.81748521025544,187.4211247643734,0
8163,22.919070562996293,189.7341171961251,0
8164,22.760587874770643,182.1812870454658,0
8165,22.87063257429538,185.96402991478305,0
8166,22.763888651928468,184.40738225020013,0
8167,22.86067180814486,184.4305055055176,0
8168,22.78059548945636,184.16581459320705,0
8169,22.789849299948678,182.4121371300221,0
8170,22.87207317612117,172.64349573878388,0
8171,22.86359607591156,187.9899084199783,0
8172,22.787813851435747,181.28830250409558,0
8173,22.760614619805928,182.6348255384517,0
8174,22.9235752004099,182.6855919538239,0
8175,22.84009122883782,180.98201121835748,0
8176,22.75895731239468,184.04106972144695,0
8177,22.735308356947375,183.17431712923397,0
8178,22.86685594406316,181.14452897150016,0
8179,22.791407809251794,183.7289028527859,0
8180,22.766405875736314,183.1686941312151,0
8181,22.786005129213628,186.03816493384303,0
8182,22.801150584496657,179.22029355982073,0
8183,22.76691417428156,180.81204444659778,0
8184,22.865069511791862,185.3908536023862,0
8185,22.86684971431877,181.282458265149,0
8186,22.805984609500904,180.47818468947324,0
8187,22.87074488543478,181.40420118281932,0
8188,22.758783828850706,182.85879862291193,0
8189,22.810670236429882,182.85683706173774,0
8190,22.833142910009798,182.5051160799887,0
8191,22.831655127591542,180.0358919744266,0
8192,22.820760702261385,185.42763883799938,0
8193,22.795327688088083,187.07337467648333,0
8194,22.89875769306664,177.34996145318883,0
8195,22.69636981361304,178.40713666419177,0
8196,22.724489019604317,186.0628194188272,0
8197,22.71711025636103,187.75010656094219,0
8198,22.702193372618694,176.63962882777594,0
8199,22.569907900330573,185.45990270269672,0
8200,22.836373069796124,187.91363965934633,0
8201,22.64167820407747,180.39914944197724,0
8202,22.734727554842237,187.7117554912741,0
8203,22.604777787062247,182.42511456416378,0
8204,22.76557168853107,183.88933379341023,0
8205,22.650473957488543,180.77402750534048,0
8206,22.619823390005603,185.9210978606051,0
8207,22.723646049688444,185.4076334692171,0
8208,22.649441591413648,188.06465011179975,0
8209,22.656973003872903,187.1985692688661,0
8210,22.714057894483243,182.83550242890598,0
8211,22.76172652683598,192.17427418476927,0
8212,22.629671659890047,186.88768253463545,0
8213,22.613268343952836,184.44299951148187,0
8214,22.6918662241729,179.8161156926026,0
8215,22.730555303629227,178.20358893426777,0
8216,22.80186688767609,178.4446926394892,0
8217,22.596575319628684,179.96484978643915,0
8218,22.65428340585285,186.88380529457658,0
8219,22.77122664492411,184.19919628541544,0
8220,22.832458248430456,180.88382344833192,0
8221,22.59261429298204,182.30233074918127,0
8222,22.610411502555834,181.92267478291174,0
8223,22.697463373760467,185.08202373559772,0
8224,22.618218882667616,180.03141778780207,0
8225,22.601166850246646,183.70279129966275,0
8226,22.678934215257453,183.5398923469756,0
8227,22.780805489576668,180.07891577473538,0
8228,22.549572817350466,187.37540468386504,0
8229,22.7716818491245,181.7105218695531,0
8230,22.603321545082107,179.60481620718105,0
8231,22.67445867146726,185.12751990708853,0
8232,22.77155991434021,182.71816248085437,0
8233,22.667818617113152,183.76573895876857,0
8234,22.61549868359252,178.97217547963032,0
8235,22.69426165002394,184.94920718015047,0
8236,22.62046836216645,189.0149698471361,0
8237,22.673548256140492,178.69489277369524,0
8238,22.612988692033884,183.53171256959922,0
8239,22.69578291948721,180.09883233132265,0
8240,22.512884214367272,190.50923803724717,0
8241,22.540877658177262,186.1449590076232,0
8242,22.506786358754347,183.2580086890257,0
8243,22.612532159311808,178.71369278966046,0
8244,22.49223400321385,179.4247191194799,0
8245,22.556805777797585,184.60728665535098,0
8246,22.521111584323506,178.26654610646892,0
8247,22.72565109547099,178.34622459250292,0
8248,22.52559207855855,182.35158731421626,0
8249,22.49949717494409,182.71085498339622,0
8250,22.619867082701262,183.4361948157734,0
8251,22.732529735060748,180.9630045829479,0
8252,22.585887622363416,185.02748435930405,0
8253,22.589669322881537,179.6670492884224,0
8254,22.693626304989824,184.1178597561242,0
8255,22.65822788712927,182.8657066610634,0
8256,22.61961159127045,184.01069457299369,0
8257,22.536605036255523,185.74012902442695,0
8258,22.617287907726865,180.81351034752322,0
8259,22.469572635974448,180.1816323634676,0
8260,22.52617054466203,177.08502642881706,0
8261,22.688215991219835,176.07852941056646,0
8262,22.67549797879609,181.59292658846712,0
8263,22.603982147941338,181.7835792483453,0
8264,22.41228513406368,178.83318291209943,0
8265,22.467631049749325,179.46340324285964,0
8266,22.507591626916835,186.63231973940148,0
8267,22.545879485424905,184.67471920104046,0
8268,22.457253868564848,178.2476068973069,0
8269,22.535258409713176,180.69059709942408,0
8270,22.694029296275833,183.22084923037184,0
8271,22.58240016786699,180.1086742576938,0
8272,22.56553252757693,179.54711393421522,0
8273,22.464320570436044,180.94362155464893,0
8274,22.412310362915452,185.21548716518632,0
8275,22.44288313687572,185.47284069937518,0
8276,22.404503015220886,179.7074154024116,0
8277,22.542577883105178,183.28051508699244,0
8278,22.565012488226756,181.86471947717118,0
8279,22.45481066378468,178.84432827864637,0
8280,22.541605345358754,180.96287842649954,0
8281,22.64503497120264,178.04645390459467,0
8282,22.681880678104818,185.31336407701224,0
8283,22.584652928087447,186.4666438876329,0
8284,22.506793880870863,180.56252550881425,0
8285,22.577596320988462,179.8320115122205,0
8286,22.624465506804338,184.92802526433957,0
8287,22.353521077198124,185.39766918395748,0
8288,22.6304493919027,178.3909565759893,0
8289,22.466107411430173,181.27501331010885,0
8290,22.464673783344473,181.52727690460986,0
8291,22.476879045907083,179.3766963194593,0
8292,22.528688506879412,182.8318917184977,0
8293,22.41199598233659,179.55902065375204,0
8294,22.475931828133156,180.02297307608546,0
8295,22.538565863679963,181.32461450968532,0
8296,22.511862257810037,177.1463320770155,0
8297,22.522680750587103,175.42902427938478,0
8298,22.464143311210552,184.33805539970723,0
8299,22.54340903660905,179.3471123915962,0
8300,22.570283202010998,187.95750651969024,0
8301,22.563348994793856,187.45325001404896,0
8302,22.515712897776947,180.00311180235167,0
8303,22.554492034885214,188.52450764759635,0
8304,22.546948363537094,184.30486291115184,0
8305,22.68927340934233,179.54097834934473,0
8306,22.570493797508952,173.71617085127932,0
8307,22.463850976810257,183.51091577779923,0
8308,22.39592468689046,181.52508837011493,0
8309,22.44588280341971,182.71002607388618,0
8310,22.438152726464917,180.71416365362208,0
8311,22.503537333959677,177.95382265776888,0
8312,22.40453759031788,180.0890252274004,0
8313,22.553873397975504,183.47471945904974,0
8314,22.345281916119166,180.27637459394307,0
8315,22.323799301044687,180.24293103810118,0
8316,22.441553034623023,176.75069818420633,0
8317,22.38292526742082,181.56712676118823,0
8318,22.34764565669272,177.94238649318726,0
8319,22.39531986450329,184.0184091580222,0
8320,22.38335443730649,179.04516744421602,0
8321,22.443078664215083,180.34498890937732,0
8322,22.390631664524168,187.7086744693722,0
8323,22.395146808943863,180.28161535602328,0
8324,22.43590337457142,179.8642195938755,0
8325,22.5154539007096,182.92740788979359,0
8326,22.550003048009888,175.79934639247847,0
8327,22.442200568205926,184.8921417144057,0
8328,22.4464653057954,184.10610801788113,0
8329,22.41181655249595,182.6822095548395,0
8330,22.463028049333804,170.96212067252398,0
8331,22.45380936636804,180.29972939613182,0
8332,22.5267303254971,177.2439097639015,0
8333,22.26764389289078,184.41936546184058,0
8334,22.398065278565895,184.1892578634445,0
8335,22.442052228234875,182.18012669258647,0
8336,22.41091339179433,177.39127888887657,0
8337,22.335988487736525,185.468003710988,0
8338,22.305286393160056,180.1828395095617,0
8339,22.47186211705291,186.37023132884187,0
8340,22.344930071586372,181.7347679908293,0
8341,22.263227160933262,182.44351307598666,0
8342,22.47028735640197,179.52665176779573,0
8343,22.43662977633132,185.11290133672696,0
8344,22.388798145086763,182.70179982425532,0
8345,22.3230682084009,185.18963080949095,0
8346,22.385328640008954,181.37803098726664,0
8347,22.48982996217363,180.6887372792089,0
8348,22.261593411088306,182.59968392330225,0
8349,22.26384496775312,185.12634955843296,0
8350,22.336943219671824,183.83336007503783,0
8351,22.383241686181726,181.1822523292727,0
8352,22.343886053948665,175.18034387850216,0
8353,22.43323846721548,183.16757085895608,0
8354,22.467151124592526,176.4047066406459,0
8355,22.400584732803022,180.81024165320403,0
8356,22.42136421555531,180.3423243408455,0
8357,22.39655158622684,176.42071124537236,0
8358,22.373805881412554,181.77591513616778,0
8359,22.267829789474504,187.10574374650508,0
8360,22.28735206050641,179.68935418606617,0
8361,22.259802511941697,182.9091857220097,0
8362,22.354287901718962,187.66298801468815,0
8363,22.383050546072017,183.16812583482132,0
8364,22.246835074798135,178.6301199569379,0
8365,22.36689919573033,181.26005410034864,0
8366,22.289397596980198,181.9757063305266,0
8367,22.272210072364157,184.8191575946094,0
8368,22.30605700879041,184.14421808190815,0
8369,22.264793630417355,172.17676162863515,0
8370,22.401319133936784,177.90214091777855,0
8371,22.337708591364624,180.24501327030538,0
8372,22.414736515721383,177.3935679951527,0
8373,22.312418055248653,169.32348723831507,0
8374,22.313829196381203,178.23123628073947,0
8375,22.494548975833883,180.38158695291787,0
8376,22.21323579495861,178.80088906874158,0
8377,22.444249404646023,177.37023511158674,0
8378,22.472271124389028,180.4697780361119,0
8379,22.399600940281267,181.35896560523108,0
8380,22.310332304406288,178.90822439556126,0
8381,22.449364590319718,184.41355971063297,0
8382,22.30792209864072,180.45578195189628,0
8383,22.27565886253242,177.6524062192251,0
8384,22.299527081697494,176.87764195532569,0
8385,22.28344804651418,179.59664948477842,0
8386,22.251816867209886,183.56012421285172,0
8387,22.414838709122996,177.7330979755836,0
8388,22.262661791388645,181.97610300645889,0
8389,22.320673707984238,180.45643444425252,0
8390,22.206059771922956,186.13676059836126,0
8391,22.322550700150444,181.31211297998337,0
8392,22.226144369147743,178.03097580102255,0
8393,22.22272049634572,182.3190581746707,0
8394,22.306965559063908,182.4043098765588,0
8395,22.398823940652786,178.88750453654066,0
8396,22.348065177474652,176.57084359170747,0
8397,22.352136009287467,181.655228979012,0
8398,22.299595690235876,180.22196131328351,0
8399,22.281728937224994,175.46605767011184,0
8400,22.370470928051986,180.76356299697184,0
8401,22.26073346431919,178.07331336061185,0
8402,22.37115878875164,175.42177809142404,0
8403,22.401904706218577,178.89652756450283,0
8404,22.23435139554609,183.78592549792313,0
8405,22.24474859463783,183.5456469268361,0
8406,22.25529901545174,182.74601240215117,0
8407,22.18025660959734,180.69774908189976,0
8408,22.258728923175997,181.66173709076517,0
8409,22.39907321732557,180.15457515543233,0
8410,22.20999588232603,176.52778583150936,0
8411,22.39835090852025,177.1107305892331,0
8412,22.256361579978783,177.98999266885812,0
8413,22.458870542859103,183.99991312689602,0
8414,22.23392185614173,183.010209941122,0
8415,22.275676224663535,176.52480841546512,0
8416,22.21311670002291,179.9089194238734,0
8417,22.22966054864164,178.5252313436121,0
8418,22.390484925157143,179.25205967784012,0
8419,22.320156239071657,178.09354329993135,0
8420,22.363270185294866,183.90305913096117,0
8421,22.17449783879904,179.61357930990442,0
8422,22.330920255128543,180.30308625204643,0
8423,22.199616300371723,180.3117097415842,0
8424,22.16915287698456,176.5399463579411,0
8425,22.294055061478968,179.93324231814074,0
8426,22.292061083846587,182.77885872136903,0
8427,22.276878775666276,183.9943110408551,0
8428,22.328857744365273,176.11712591407587,0
8429,22.340189212472875,174.98910284968764,0
8430,22.386741981021416,179.7156491657575,0
8431,22.172804825855675,182.8411502431163,0
8432,22.387071115986227,180.57672230285718,0
8433,22.416381218628462,181.5231700334519,0
8434,22.235393327279652,175.38588715608176,0
8435,22.130116782592193,177.73502783520962,0
8436,22.15182956568367,172.8470132027102,0
8437,22.22448371583492,178.99224967446742,0
8438,22.421494500334745,172.91142317900832,0
8439,22.26066993216826,183.38643837075114,0
8440,22.208878187006427,184.0372936241209,0
8441,22.202379157826687,179.77913995030207,0
8442,22.150361025288934,174.80387481041996,0
8443,22.32512142968441,180.4531212671703,0
8444,22.246775459450063,184.88777477242564,0
8445,22.42112201958323,180.72198211431376,0
8446,22.302396210597305,182.83413093846488,0
8447,22.317547276693404,177.80809132406924,0
8448,22.23080602194707,176.63437045511404,0
8449,22.161923154738478,179.0198330647022,0
8450,22.17835942494494,173.43672678185752,0
8451,22.137755629325493,185.99353765278252,0
8452,22.31918561535561,179.60465670483566,0
8453,22.21462865866225,181.7704656061247,0
8454,22.32069894697738,177.7700670231859,0
8455,22.254458291705152,174.50978515847805,0
8456,22.21925512344581,183.40094632066817,0
8457,22.148217045194848,175.7356645527886,0
8458,22.265029809321415,180.13895136922443,0
8459,22.222531717464538,180.40616541472164,0
8460,22.31132950120031,179.28324712079527,0
8461,22.18106363173624,176.6921291633132,0
8462,22.28673608764541,178.58148036230114,0
8463,22.36787561048478,176.16472644245968,0
8464,22.257581783474905,181.42692059738022,0
8465,22.297779511448923,180.6985437594005,0
8466,22.279895621668555,178.90421809902986,0
8467,22.385189259189293,177.24790047495296,0
8468,22.26227365410346,185.25944525742855,0
8469,22.287761759597288,175.01584354998087,0
8470,22.228088560968068,174.2727475564646,0
8471,22.16827452232195,178.64512773790062,0
8472,22.13281589170738,178.10157013277293,0
8473,22.330077601863646,182.15303361519304,0
8474,22.14731805471475,180.78321756568457,0
8475,22.286928498951422,178.91803482884936,0
8476,22.259822619547133,180.3150693061837,0
8477,22.299255491206083,180.2451592206239,0
8478,22.18395650929044,185.09394638840678,0
8479,22.161185326925235,179.52798899062174,0
8480,22.254033166027185,176.70929845705496,0
8481,22.19970524221569,179.3326727405568,0
8482,22.12394893260866,170.8657794425394,0
8483,22.376861340819712,178.60853205988553,0
8484,22.15782422442447,181.97008796493873,0
8485,22.14101333121301,180.48236774648225,0
8486,22.200509655101197,179.55616743487133,0
8487,22.319495275981637,180.59290986549686,0
8488,22.045323373882773,181.9396644139692,0
8489,22.31165797373716,182.8903067723291,0
8490,22.14456403929645,179.94169551773294,0
8491,22.23806810819931,177.63572437980685,0
8492,22.16225924338262,171.6282332828492,0
8493,22.375136408622783,181.48806991602498,0
8494,22.225205482652036,180.08391747009557,0
8495,22.15805092921457,178.98105870437345,0
8496,22.19008289367003,176.44370619142816,0
8497,22.22082268667249,181.3881073491732,0
8498,22.22735695197027,177.70574305500676,0
8499,22.247744512306312,178.35899742806407,0
8500,22.21204142897565,178.27911996188013,0
8501,22.101500687884513,179.78147349556477,0
8502,22.18398175667146,174.97086566711738,0
8503,22.259274940701694,180.08927149640735,0
8504,22.156700363431288,176.22381600588432,0
8505,22.26367182989976,176.31394618011208,0
8506,22.21195474547938,181.01196483051868,0
8507,22.191575682621075,175.35605795770942,0
8508,22.304113645032775,180.97638056679602,0
8509,22.069128499723025,178.61507503370268,0
8510,22.15375987314557,173.35107768516625,0
8511,22.305996024397146,182.3742802385727,0
8512,22.353431500851052,179.19657040012365,0
8513,22.389542468867262,179.4331552366522,0
8514,22.21033668137548,181.25748498036046,0
8515,22.242594869056184,182.71841278383047,0
8516,22.271021819693622,178.80883593511186,0
8517,22.307307809292347,180.0426342078212,0
8518,22.230033019445504,179.28935942629934,0
8519,22.27877114269783,177.1322404113074,0
8520,22.24116438774094,173.3955891250649,0
8521,22.245873348289642,178.7757314212081,0
8522,22.130348541062528,182.25285875612926,0
8523,22.17721333076744,179.85113708698344,0
8524,22.161470945260998,174.88397457128224,0
8525,22.107932605240322,181.36392772511573,0
8526,22.070677294663525,177.12808593524207,0
8527,22.16868669734763,171.76556347651845,0
8528,22.181247212103564,181.08051156511607,0
8529,22.210551384302658,175.17583079694523,0
8530,22.246407787059354,183.3393439639511,0
8531,22.216808604854823,181.42567894901146,0
8532,22.181025723054937,177.28417465753878,0
8533,22.12819803239884,179.33087967713135,0
8534,22.271412916454512,185.2097975294516,0
8535,22.192950594813187,180.923318771046,0
8536,22.166251906526302,178.62316779042288,0
8537,22.185907201574366,186.5613140916647,0
8538,22.142082188132537,178.2318939701939,0
8539,22.158135752998618,179.60990875830157,0
8540,22.155490673321506,175.04115273555044,0
8541,22.177407758267375,172.81097844428947,0
8542,22.252772304513165,176.95708574131706,0
8543,22.232807773658305,177.92108938445523,0
8544,22.323914445802586,178.77904343712152,0
8545,22.297060171243846,173.51734223461824,0
8546,22.356591722651324,179.744096270899,0
8547,22.244776542881258,175.2563500005173,0
8548,22.243467913225565,179.55915835727245,0
8549,22.161011611662794,180.52319897213172,0
8550,22.26608119179964,176.51737213565158,0
8551,22.147515519470318,174.79793822843172,0
8552,22.082383053485156,182.30585443343827,0
8553,22.32214973588741,180.27917015616845,0
8554,22.100143453221943,178.10190630192088,0
8555,22.235229987042533,182.03682015273395,0
8556,22.129748943393455,177.86689782811786,0
8557,22.290372217998403,175.74118315214733,0
8558,22.30134790682937,174.58320714694597,0
8559,22.24272897630127,177.2505410207666,0
8560,22.30019651514282,179.87474157548996,0
8561,22.201176632937994,181.71451622795078,0
8562,22.379435710386996,177.60144449647277,0
8563,22.26051676284686,181.15598082075843,0
8564,22.12891096535696,176.8595069519315,0
8565,22.20666490889587,175.14324751880787,0
8566,22.18904722655721,173.55484541839388,0
8567,22.181374212985975,175.94082609218302,0
8568,22.069007479025444,173.6393519682606,0
8569,22.232707988921835,183.45965492504266,0
8570,22.091088521476898,178.73482269807826,0
8571,22.00011583577864,177.11591996338458,0
8572,22.174836706928602,182.55461869080276,0
8573,22.142105404963623,173.4676780878914,0
8574,22.133882751589553,176.9489364731773,0
8575,21.954796565497364,183.34528923499158,0
8576,22.13522505103098,176.90006740471642,0
8577,22.189659079103716,184.65856961118686,0
8578,22.15308576480685,179.66090052662923,0
8579,22.235082927037237,181.20783994402532,0
8580,22.315795335583424,181.28074147192734,0
8581,22.24598862404256,177.2668778353413,0
8582,22.287097208199683,175.7834676793074,0
8583,22.29403192269156,176.88783279314598,0
8584,22.124118732149434,174.25942627933998,0
8585,22.241092254101837,177.00842422835993,0
8586,22.285920827217655,177.1792029667017,0
8587,22.171786231849648,182.24625357961273,0
8588,22.143777435796345,178.9445225429681,0
8589,22.24983424436016,184.23871433413706,0
8590,22.089255235263728,170.6584151455105,0
8591,22.121138648628463,173.47212173837474,0
8592,22.155241625822935,176.0434419723936,0
8593,22.24503603221285,181.5732062756719,0
8594,22.22693029656721,176.75325611660904,0
8595,22.292438997888063,172.66479204406454,0
8596,22.136541383592533,176.31920416986227,0
8597,22.13270443301302,173.44810781993147,0
8598,22.25311612784357,172.84637068495616,0
8599,22.147780328884647,183.01009721348603,0
8600,22.163873484350678,175.94517339995804,0
8601,22.064102326484466,177.5058653895473,0
8602,22.236410503462377,176.69396521560563,0
8603,22.33695495842565,176.20479558710971,0
8604,22.131827086113017,174.42376840863486,0
8605,22.29643454217948,176.00033767102275,0
8606,22.21048398924145,177.93045892322343,0
8607,22.07454988922982,181.16119054648158,0
8608,22.144761651870276,179.73414485342346,0
8609,22.140388702366348,173.22121188786218,0
8610,22.192159696601703,179.83060586641415,0
8611,22.25162842764686,178.27794016464324,0
8612,22.36657600431198,174.96410222517946,0
8613,22.104774926855523,177.37121728271455,0
8614,22.18109832480195,178.5284700738412,0
8615,22.148825479938953,176.93947174797495,0
8616,22.11969852078233,178.2257692325962,0
8617,22.22941511236125,174.18293453995545,0
8618,22.22254959883211,182.7370542098736,0
8619,22.07798838830566,170.9574965930866,0
8620,22.22521546121484,178.46571945989427,0
8621,22.128012040651,177.8192935861991,0
8622,22.226079688627895,178.63469327236635,0
8623,22.327392383070908,174.56763450955498,0
8624,22.263586726002508,180.18724178953912,0
8625,22.241460706521313,176.34263655684748,0
8626,22.18568554382988,173.09488452891208,0
8627,22.234073088680294,173.35607186186863,0
8628,22.274530284341672,177.00161493939999,0
8629,22.267358912601242,171.8249549834327,0
8630,22.223053142144263,182.00308052877827,0
8631,22.249155157373558,179.73539273722233,0
8632,22.127223874764585,182.0562515564464,0
8633,22.174594998445674,181.72710222916047,0
8634,22.290749182178025,175.49424909333555,0
8635,22.30231883133951,173.92914047182606,0
8636,22.243265197569276,168.49099491945137,0
8637,22.35492499593619,175.29281851940215,0
8638,22.27808901908255,181.79571129937116,0
8639,22.21964628437724,174.0024565943107,0
8640,22.14157456672063,175.8435255016539,0
8641,22.35512101878259,174.7968818301252,0
8642,22.30252458725677,177.57290638802786,0
8643,22.385650185826773,180.2935276752307,0
8644,22.41602838834776,171.80501889766276,0
8645,22.140629914977925,172.36672445168426,0
8646,22.14175220427984,180.85733876586775,0
8647,22.016365880636396,178.58413021414677,0
8648,22.319823008732545,175.59426362678036,0
8649,22.299813999835628,181.48115417976726,0
8650,22.25606822338134,172.25234476677798,0
8651,22.151114923308885,179.1286224657765,0
8652,22.243051713276504,176.11784335149014,0
8653,22.265928811009438,178.12979007677748,0
8654,22.314757512233523,169.13632841277968,0
8655,22.274974611959458,175.50332622445796,0
8656,22.307245062626883,178.48350346643926,0
8657,22.245224877716854,176.0708252209988,0
8658,22.35069736280342,180.01443738038833,0
8659,22.307749744690742,179.90171298126953,0
8660,22.163298270690504,173.3483867780392,0
8661,22.370441161564504,178.68386118130476,0
8662,22.35840889492736,173.22172679255,0
8663,22.29866980527385,176.34961867135942,0
8664,22.284966895128196,178.14384080943074,0
8665,22.396285042748314,173.65751719433473,0
8666,22.134026699294047,178.51208076727818,0
8667,22.365094261377585,174.62319757314162,0
8668,22.22881328046426,174.38516129141928,0
8669,22.355646461432972,178.23522242970273,0
8670,22.278793701659446,173.59539287896862,0
8671,22.170869825189524,173.43087424033016,0
8672,22.231731486552203,179.20294449614963,0
8673,22.35434943861562,176.39327043030403,0
8674,22.25696138666808,171.69339003932555,0
8675,22.225234937193232,178.6108492445642,0
8676,22.22588459340358,174.81232511132774,0
8677,22.328711559488063,171.81131968337706,0
8678,22.418584781287105,168.48667283858893,0
8679,22.108474313227344,178.70714628966965,0
8680,22.50501951874813,173.40546216351214,0
8681,22.298493002578628,172.24202252810332,0
8682,22.329848522632375,177.88013341009935,0
8683,22.249775670756716,178.36769546132493,0
8684,22.285650135249753,173.57743518612014,0
8685,22.302595821619793,178.66511750562026,0
8686,22.20453922198,182.0803535495859,0
8687,22.225293176830274,179.94417185211162,0
8688,22.385802539886328,179.46588865001874,0
8689,22.168147472199195,176.8236682069103,0
8690,22.32892505397794,174.5387179292507,0
8691,22.26531588559847,175.6908343999031,0
8692,22.21942456974866,177.16936576776584,0
8693,22.455368167815166,172.06328194222792,0
8694,22.222594451063994,173.51637749762673,0
8695,22.209896074309725,171.53000681200217,0
8696,22.286704521902507,176.50757982379406,0
8697,22.24154426037568,176.03997321256148,0
8698,22.304914508955388,173.82150578673114,0
8699,22.318219581036967,178.22997866296953,0
8700,22.325952322223245,172.62355821509578,1
8701,22.400363805911788,173.67676243698367,1
8702,22.45720595889529,178.07678261149954,1
8703,22.667963367573904,178.51061622682715,1
8704,22.710676322152086,173.32598531407666,1
8705,22.7830913507451,176.3983161536818,1
8706,23.044277579324817,173.35482049108379,1
8707,23.01931881212808,175.08830701840117,1
8708,23.21953670283919,176.10095081386453,1
8709,23.333487158667396,177.3396799213171,1
8710,23.441524502451298,176.6004308144056,1
8711,23.496982159543446,176.45644307441228,1
8712,23.544825962899175,172.39069322415054,1
8713,23.642948645447284,176.78028031369013,1
8714,23.731745921284112,177.25793866086462,1
8715,23.68113562085617,177.6608685336473,1
8716,24.015211737760453,173.42485693886894,1
8717,24.080492514022115,178.3195571316902,1
8718,24.23021342330488,171.61050884479786,1
8719,24.258055690293286,174.25920253227738,1
8720,24.423854259996993,174.71457380025313,1
8721,24.363728195890417,171.74340847294036,1
8722,24.483656088229658,174.64803787177325,1
8723,24.48237702804219,176.17417959940647,1
8724,24.7730106631282,170.02201703671724,1
8725,24.825249198902455,174.3048960038136,1
8726,24.918081327928434,170.2334168494002,1
8727,25.120432665518788,181.5929254792397,1
8728,25.16293644274521,176.0955033168914,1
8729,25.18565420663713,175.82526918753913,1
8730,25.607215203947327,176.13378444137726,1
8731,25.50401327352727,177.24094023898007,1
8732,25.52366920601601,178.35168837769575,1
8733,25.660091386362293,170.7164389325975,1
8734,25.803190584364348,179.32754188138847,1
8735,25.90639394887989,179.12442488961102,1
8736,26.127966156576857,175.17788071077263,1
8737,26.12082577136787,175.01073769315062,1
8738,26.378991718726326,166.04867635176873,1
8739,26.29938384949373,171.61505205436183,1
8740,26.471502890504905,176.89367206004763,1
8741,26.622564426429633,178.92910727930786,1
8742,26.739843859194227,177.5039283223204,1
8743,26.852614755391453,175.0804671281228,1
8744,26.829344959970854,181.0754573577503,1
8745,26.95411527645311,178.30362508381694,1
8746,26.85965670540648,174.09691061199726,1
8747,27.145793355063223,181.81504563899583,1
8748,27.35224567221716,171.97056822162605,1
8749,27.44017094697128,170.83393800054765,1
8750,27.464991238535873,173.97656379688084,1
8751,27.711335010492782,172.95441334561318,1
8752,27.648184524443366,174.12602564839412,1
8753,27.72512227668508,177.60561194919927,1
8754,27.848476440389298,175.09995333426343,1
8755,27.899655472817944,175.1675868209943,1
8756,28.142774929656987,175.35953959748002,1
8757,28.219599858715846,168.23676970945516,1
8758,28.34886496805678,170.6186487827547,1
8759,28.370469508099212,173.99921377080332,1
8760,28.40083830127094,172.6171116297071,1
8761,28.131387909843653,174.44131930844208,1
8762,28.235943941095698,179.33988397747342,1
8763,28.113944900946272,174.8950008108157,1
8764,27.918194234461275,171.14272857245973,1
8765,27.898069859866546,172.7208513072359,1
8766,27.78602766237183,180.22282942242663,1
8767,27.848020811244155,179.67956828128618,1
8768,27.5222130313659,176.86073705214443,1
8769,27.53385167454251,170.37670767978886,1
8770,27.32031753897244,175.97565767358034,1
8771,27.26319757055738,176.19745403292478,1
8772,27.230228389538286,175.11413717952337,1
8773,27.091436225633068,173.31867121871036,1
8774,27.008135328714378,173.93203315781855,1
8775,26.93550861489576,173.0920376046235,1
8776,26.76967882226544,171.56725068066234,1
8777,26.78019572106707,179.09176054419237,1
8778,26.58532247355403,177.6320972168795,1
8779,26.50226009096163,174.12176066922365,1
8780,26.439279900515082,176.02451151743077,1
8781,26.32885225665788,176.12854134777794,1
8782,26.26255446338167,181.97958598255633,1
8783,26.13670409262778,177.56017258852114,1
8784,26.049206802079848,177.43834130317222,1
8785,25.885998629460858,175.03957610898416,1
8786,25.726877472133772,173.61399659647665,1
8787,25.598525400169233,179.05706946809585,1
8788,25.479443651002992,176.85746019477736,1
8789,25.654489123587066,172.4037580622996,1
8790,25.236826184414266,176.24575867689495,1
8791,25.409729530837247,177.38812743195183,1
8792,25.148952220838815,168.5803215701584,1
8793,25.20993358212083,172.0925345090557,1
8794,24.839218111027748,175.93990504377786,1
8795,24.897023230758627,169.07017761950502,1
8796,24.93256851989739,169.53715434032046,1
8797,24.773725526858588,174.01618432035548,1
8798,24.590116062633214,176.2942594736442,1
8799,24.362093970783306,176.42507047758244,1
8800,24.312174220309203,179.55104623536775,1
8801,24.429552482713056,175.04280307522305,1
8802,24.191015071422783,173.67025235298928,1
8803,24.113588305232906,170.85836737774025,1
8804,24.04248309505789,173.61883428399776,1
8805,23.816045387672446,176.8876118815534,1
8806,23.853334063600727,177.01553327224858,1
8807,23.68766606722982,175.54360231861855,1
8808,23.64522206642,176.38350472562098,1
8809,23.475978362613365,178.56376125491153,1
8810,23.296875772222716,174.95291285338809,1
8811,23.289043876566552,178.82157672350394,1
8812,23.275010485027288,172.532238769712,1
8813,23.155793626872956,174.48490147347653,1
8814,23.027269753768067,173.25490652988657,1
8815,22.997178190736136,177.0681895704388,1
8816,22.809578345946704,171.63932518483838,1
8817,22.7309120356572,173.71022289113384,1
8818,22.58857845559578,169.08926713160233,1
8819,22.604044904044336,176.444238690104,1
8820,22.55309408198376,178.39433168204624,0
8821,22.487477211196357,177.37897177139916,0
8822,22.415179244151943,177.07765451044233,0
8823,22.624971964117723,177.15093334891168,0
8824,22.479328942969396,176.72481092387304,0
8825,22.546903999118324,176.4619504183221,0
8826,22.73163712050402,176.64857491832217,0
8827,22.609845767296182,172.63789608022878,0
8828,22.67691836436621,173.9975070410273,0
8829,22.507283312715003,174.80199907945206,0
8830,22.638323788969018,173.5773728778023,0
8831,22.557097027035905,169.87881549968148,0
8832,22.58656811426681,170.86601072452208,0
8833,22.721282744975166,175.25429651719202,0
8834,22.539657755273982,177.27506364041696,0
8835,22.5658291282821,174.57916668452864,0
8836,22.494376259653173,182.8390489312802,0
8837,22.640060856467155,171.77877583473477,0
8838,22.52648841215387,175.86640676638442,0
8839,22.655515812408925,178.39874286705847,0
8840,22.444071529273845,177.71575861764114,0
8841,22.62232640934935,176.47755762653216,0
8842,22.529315810738893,177.71678636148897,0
8843,22.641633705673957,174.6659125367834,0
8844,22.584493658673157,179.48211748035774,0
8845,22.545142426882492,178.3367300581694,0
8846,22.559440938753465,171.92438821393793,0
8847,22.52473580339501,175.439630932057,0
8848,22.662196009128735,169.82693120188844,0
8849,22.51369305474178,179.0281198915722,0
8850,22.578633708901375,175.12941712802748,0
8851,22.630039997554153,178.49704916320175,0
8852,22.733926068768493,174.11670397683653,0
8853,22.60653310903654,168.87005792986332,0
8854,22.590311425765936,182.34508509981646,0
8855,22.634043093012213,174.82040832433017,0
8856,22.448719923464676,171.4207152144651,0
8857,22.521154857592254,177.85286458724877,0
8858,22.589471312833503,180.5174244782196,0
8859,22.564921856046144,173.7968513377704,0
8860,22.49635608663181,174.1007902088359,0
8861,22.695512979821498,175.10704611696116,0
8862,22.650143710268694,171.0544239203645,0
8863,22.64306139195552,172.30980033704293,0
8864,22.578802366260696,179.72208565614375,0
8865,22.643159037381455,173.97423267076655,0
8866,22.680453924203743,171.8527635533561,0
8867,22.62060104541672,173.0039299199897,0
8868,22.679857635791286,177.57318644826506,0
8869,22.583110479220593,168.4217232002436,0
8870,22.657101907607913,175.10810074550847,0
8871,22.743214983136223,181.72558325095824,0
8872,22.752892977244496,180.42692966044223,0
8873,22.763058997673458,176.0482037196748,0
8874,22.682222039982573,178.27281567716668,0
8875,22.664434506996056,178.23889807741818,0
8876,22.628535220750305,173.9358335294752,0
8877,22.522376585670287,177.0827802423399,0
8878,22.561924480428328,179.66919619051063,0
8879,22.658617175169518,170.50724775021328,0
8880,22.665947609609084,176.02361353467387,0
8881,22.79014160522261,175.3732527797474,0
8882,22.784904704304534,174.59352456740112,0
8883,22.627362796173248,174.32317488308215,0
8884,22.75031252953436,174.9695679464936,0
8885,22.649249588042665,175.21659692680532,0
8886,22.74459683827862,177.62108778979956,0
8887,22.757045160120697,175.69018678423453,0
8888,22.7945111238916,173.72245323077848,0
8889,22.658315902162606,171.73179823075301,0
8890,22.781459020241748,172.82975403730975,0
8891,22.553080608670108,175.02613831685133,0
8892,22.809197612375364,172.12002567229138,0
8893,22.706097234704423,177.07150652027872,0
8894,22.71040210409547,175.5197175647233,0
8895,22.550310719908524,177.65585084144914,0
8896,22.684821159093698,172.30456693631297,0
8897,22.82696503324532,171.72361723165557,0
8898,22.687006210806324,177.62082716805622,0
8899,22.780838461679185,174.59839228872005,0
8900,22.729148295556595,173.59689365555994,0
8901,22.814023194971742,176.29638087485574,0
8902,22.74695882141613,176.18074119928193,0
8903,22.659726172005186,170.42513614586028,0
8904,22.74142273699705,178.3424364024865,0
8905,22.86764282873037,172.95339371151334,0
8906,22.781999050058484,179.28082205151725,0
8907,22.73551684797805,170.17631531849776,0
8908,22.92794027597298,175.12539096798312,0
8909,22.84286932139511,173.61260381535388,0
8910,22.81812511773192,168.24007644831138,0
8911,22.780831153249064,176.13675745830088,0
8912,22.816525994179734,168.38671550252602,0
8913,22.821785932049757,173.27995909527985,0
8914,22.58880833232059,177.46425926800123,0
8915,22.797697533248165,172.5578381450638,0
8916,22.75591009369757,171.43329697382094,0
8917,22.731467204225098,176.5421623244174,0
8918,22.75849185212216,173.38917240180024,0
8919,22.65233922022284,172.9192212893418,0
8920,22.635121307343425,177.95609182710513,0
8921,22.88189599576342,170.62603243700417,0
8922,22.821836769084502,172.74584136985814,0
8923,22.594514135833567,176.72083893218124,0
8924,22.74413789377517,170.42253088574114,0
8925,22.8633889025897,179.4413297967892,0
8926,22.773242243753714,173.46170156084622,0
8927,22.89794490970938,176.7328222127698,0
8928,22.885028234210246,176.7235820296955,0
8929,22.6952171945521,173.64648954575674,0
8930,22.79499655561236,172.66343421907658,0
8931,22.773326079952433,173.9687345404402,0
8932,22.700747245969758,176.2328790946557,0
8933,22.698259731216254,171.1327904195827,0
8934,22.752837580212137,170.47956827687804,0
8935,22.768765123763895,178.5392718109124,0
8936,22.845419584083892,171.8794585662783,0
8937,22.90902248473992,175.14367610302622,0
8938,22.869303334731338,173.47225307486184,0
8939,22.890969942058156,173.60275069529854,0
8940,22.812341221628163,178.36503912059212,0
8941,22.884643174255597,173.81592543764876,0
8942,22.827267664556008,172.99855829449427,0
8943,22.806556337036476,173.25753409870828,0
8944,22.996380594935673,172.55399074498956,0
8945,22.660914727174966,172.05181960120686,0
8946,22.70023060454683,172.561517464953,0
8947,22.883454899840512,179.04729548005295,0
8948,22.83438609591695,176.18997943835262,0
8949,22.74337345973098,173.01781186922514,0
8950,22.776712581773353,176.9962977356136,0
8951,22.789879936918233,169.28771951506042,0
8952,22.93797192559759,178.17434684726015,0
8953,22.96633206469186,177.93083077354297,0
8954,23.00326005506498,180.75245799049424,0
8955,22.747731530191064,177.07624357550642,0
8956,22.768241448371846,175.35146703799313,0
8957,22.765521607284988,177.9113995599235,0
8958,22.98624213761167,172.15880597314813,0
8959,22.91927480938915,172.84828152909492,0
8960,22.895077456549522,173.84013417243003,0
8961,22.909797837560355,178.13789174213082,0
8962,22.889652625623203,171.46203152188593,0
8963,22.807272158945427,171.14194183832342,0
8964,22.94078723633135,174.73624244700258,0
8965,22.887613444823586,176.17776192577963,0
8966,22.809251104276456,171.91451187971515,0
8967,22.95399311523435,176.03363159935816,0
8968,22.876761843333135,178.1262408706542,0
8969,22.931799194382492,177.62113400751704,0
8970,22.906378896482035,175.07837430318597,0
8971,22.990465264031627,173.74549081802775,0
8972,22.939546718130995,179.2229840435955,0
8973,22.854017335356644,174.06119520497674,0
8974,22.953254193724856,176.83495818583197,0
8975,22.958650503759717,179.8876908981251,0
8976,22.97396436325726,176.51764386832016,0
8977,23.018710800915464,171.019600141752,0
8978,22.88934615468437,170.29288075639096,0
8979,22.99484429567234,173.11617715510747,0
8980,22.806209441977433,176.13672016184722,0
8981,22.937382094456932,175.34177883515045,0
8982,22.927794793591936,180.6279069466192,0
8983,23.06838251875365,175.3111102067983,0
8984,22.942835961687347,173.02293936915493,0
8985,23.006770337259375,170.604599473226,0
8986,22.819977894333704,177.5453417710201,0
8987,22.93556897232151,173.98529090018522,0
8988,22.898790687621954,169.48454133310742,0
8989,23.167330642593623,174.06926959958338,0
8990,22.91873666206829,171.01484171676563,0
8991,22.980733718550415,172.72475288764255,0
8992,22.987788753203155,174.01989182847893,0
8993,22.853295994202945,171.28547334891405,0
8994,22.941163231249863,172.53786769824097,0
8995,23.018419395862114,171.768154532216,0
8996,22.995688037747986,171.84846139484623,0
8997,22.807589694946365,170.97612350273658,0
8998,22.94905567620126,172.55178855270606,0
8999,23.078873211783574,171.31592523634222,0
9000,23.047057834185036,175.75975234792753,0
9001,23.100235189278195,174.60242072225495,0
9002,22.926733221244504,177.5842279214878,0
9003,23.11085179011532,179.66029522544406,0
9004,23.00761726040818,176.03230402557224,0
9005,23.141339725224945,175.34927510845588,0
9006,23.017018290633388,176.22175202199472,0
9007,22.855747703104974,175.4007739449255,0
9008,23.090277676683428,174.1519139354307,0
9009,22.989647513024526,173.9136879996498,0
9010,22.997821228452523,170.93704615796057,0
9011,22.914462532784434,176.5192464537521,0
9012,23.163276482903843,173.90907620823063,0
9013,22.994602296599176,178.35203151068188,0
9014,23.16508267782949,176.74943734808403,0
9015,23.007369312066928,172.12677091572772,0
9016,22.970437587822587,177.7453361601031,0
9017,23.153007432783156,166.32371547400336,0
9018,23.04436563570343,179.79733798510162,0
9019,23.047933359731587,169.99208540136942,0
9020,22.95327510377265,175.49355932898516,0
9021,23.021980689326405,175.29131391373934,0
9022,23.095670888391936,177.38109968584106,0
9023,22.960224739962378,173.0247834185598,0
9024,23.023815259132103,167.5752842138442,0
9025,23.036088879205533,173.0309827264267,0
9026,23.077821328535343,173.3564074194874,0
9027,23.193651422305873,167.86740717165046,0
9028,23.05407006916868,174.15222796353547,0
9029,23.02560498475335,170.78972959870103,0
9030,23.303332421176098,175.9657513068816,0
9031,23.051744656282946,173.28150971958692,0
9032,23.07392249287152,179.90432750106217,0
9033,23.06332201085901,173.25384177052092,0
9034,23.072581646556433,175.31492740655898,0
9035,23.103715863765395,173.38595591517353,0
9036,23.173930305058906,169.1568236470003,0
9037,23.135355495123925,173.4139879156199,0
9038,23.19197275727501,176.28990690374707,0
9039,23.19209475191604,175.83721656642453,0
9040,23.12802264921732,173.15306541430675,0
9041,23.144208104569508,169.66426265345348,0
9042,23.20556535695142,175.96961003046877,0
9043,23.030731480514767,175.29643816170952,0
9044,23.322245565206295,176.5699959679554,0
9045,23.084140761589975,173.21925267256657,0
9046,23.099827756427946,168.99033156999465,0
9047,23.033708691819395,175.64664401329227,0
9048,23.03884293273653,174.01988349689267,0
9049,23.214090324844005,178.22435223942287,0
9050,23.32053400434492,174.1375299290964,0
9051,23.096288583390997,173.91700084823566,0
9052,23.17220063845065,175.30727637276928,0
9053,23.16477440814715,172.2668719349837,0
9054,23.22992461666192,172.12445089032994,0
9055,23.330144353462625,173.76840588006817,0
9056,23.277065354414503,171.30314707741215,0
9057,23.139033129824842,173.37939461113507,0
9058,23.203163747773537,179.887720751494,0
9059,23.21384146889281,177.19933418110043,0
9060,23.164722102160795,174.99798378062812,0
9061,23.081384946484572,178.73137931183354,0
9062,23.107886164248608,171.60417740753923,0
9063,23.266366805191566,181.552744066581,0
9064,23.27734343776134,172.70251622489778,0
9065,23.163355454287956,180.09808133217908,0
9066,23.20356512761333,180.0875531864103,0
9067,23.281179428501698,168.83237553107367,0
9068,23.051772180719407,178.49610278161,0
9069,23.155118571595754,173.24590080494477,0
9070,23.354967226998344,172.39656518266204,0
9071,23.22019052599931,175.67726767813897,0
9072,23.108614622955606,171.0825305213636,0
9073,23.211038070080388,175.61523133228152,0
9074,23.286071453730095,171.28986056915383,0
9075,23.003332601095728,174.64652615536608,0
9076,23.22385420828798,178.12446068954011,0
9077,23.182651729622048,175.2810517052693,0
9078,23.083776006377256,173.04528837442598,0
9079,23.224378378042886,175.75210197498163,0
9080,23.20959146611276,169.91167366958246,0
9081,23.221265664655572,171.61781802082317,0
9082,23.19801231585472,172.84691637186737,0
9083,23.14684368976765,176.50164365108577,0
9084,23.114841210867716,175.36189568983178,0
9085,23.178642168556216,175.75344544045296,0
9086,23.30530660916132,174.06928518812137,0
9087,23.25787825730301,171.7906607401732,0
9088,23.23636204624463,178.62287739246904,0
9089,23.161374792044764,172.06875316074292,0
9090,23.217300400871622,175.4228973267314,0
9091,23.30884053947836,173.83315345870807,0
9092,23.29290193055652,175.86217382164614,0
9093,23.21699153785664,172.36050020353795,0
9094,23.048900384066982,177.3387993909527,0
9095,23.206466713152796,178.31944828926726,0
9096,23.224477755982015,177.16247028071734,0
9097,23.19316043049074,174.66530333398111,0
9098,23.23530719314903,172.89101774503368,0
9099,23.33631434645185,182.66673473947725,0
9100,23.270632398424016,171.22957140797968,0
9101,23.355414243031223,176.85221907387776,0
9102,23.158187871005815,175.21101015348307,0
9103,23.257068194087367,174.02920789906415,0
9104,23.12896380105891,174.7765134184161,0
9105,23.252568157249293,172.69462267119422,0
9106,23.20564705964186,175.51071877244047,0
9107,23.394401654144364,175.18434871201507,0
9108,23.32727660261522,182.27119755471386,0
9109,23.378280628087627,177.4551066534655,0
9110,23.2653374487109,175.79472990717005,0
9111,23.220695181685443,175.97823940315496,0
9112,23.22073126151714,179.77469598129483,0
9113,23.328671400589513,171.34936310033217,0
9114,23.454825388697156,173.7170436799247,0
9115,23.345575486153056,168.54846385022068,0
9116,23.285172109329753,175.95087955538804,0
9117,23.302616644097697,176.82379621771886,0
9118,23.31777519950537,171.29723095577398,0
9119,23.484967641896166,178.5940664894838,0
9120,23.42407799972743,172.13702092435472,0
9121,23.348735147405286,173.271130152536,0
9122,23.339262101284124,174.66214488100866,0
9123,23.35697290503791,179.09098792052643,0
9124,23.375103719499585,171.7387960856998,0
9125,23.30503877315451,175.19216059912642,0
9126,23.273097117461926,176.648001111412,0
9127,23.425725727566906,176.03400586825725,0
9128,23.347427217487343,176.14994487777523,0
9129,23.424083114363054,176.62342768235266,0
9130,23.482389617333375,172.67998287963155,0
9131,23.394853860961362,179.4127532161094,0
9132,23.384392021713545,174.02126719175737,0
9133,23.614226708712376,173.6285110001323,0
9134,23.37726364281393,178.408310991373,0
9135,23.27594865516393,172.4791513838342,0
9136,23.343180323073195,175.3371426351457,0
9137,23.492294604766727,172.21329881380134,0
9138,23.267103440073484,181.94504326135586,0
9139,23.31291254393967,181.31887096300676,0
9140,23.464091394706195,174.06779449670717,0
9141,23.3563109604942,175.96373738164303,0
9142,23.3716797042981,174.42545204962883,0
9143,23.468823311962936,173.3697792568509,0
9144,23.328057245229058,174.7802355819881,0
9145,23.270359500075305,174.30533837710107,0
9146,23.27917684964198,169.87098025431058,0
9147,23.43926543836488,175.22793039085605,0
9148,23.41588406077385,174.3178978736021,0
9149,23.3421738477597,175.38733200090132,0
9150,23.30729667033543,174.22416947163882,0
9151,23.380770107292275,173.38173488142942,0
9152,23.49414839419697,177.0935512712961,0
9153,23.340367696293956,176.07433033027905,0
9154,23.356619570140253,178.66921291587664,0
9155,23.31678873454033,175.97144203252358,0
9156,23.385028576370328,173.9006525904507,0
9157,23.443854024729788,176.35003507236357,0
9158,23.588402257339506,168.56418496224572,0
9159,23.438987157422936,180.8233967074007,0
9160,23.4196411629676,175.34186768547707,0
9161,23.49533594933539,181.0785027174874,0
9162,23.484358680129617,171.92354516114543,0
9163,23.384803762856155,171.18512697735835,0
9164,23.617531374100597,175.64208322371053,0
9165,23.433760559828507,175.63874518534948,0
9166,23.456960604422505,175.57247023756204,0
9167,23.484492479050886,175.12184678187305,0
9168,23.47038302880371,172.6866862024247,0
9169,23.56706830591021,170.12167702555044,0
9170,23.4001616236462,175.4339399638529,0
9171,23.51233728218992,170.74349329643138,0
9172,23.465139078370747,170.46706847837066,0
9173,23.532892851651244,173.46304707454675,0
9174,23.43937201815008,175.90381150142144,0
9175,23.430827920588587,180.58204126257274,0
9176,23.519711731929917,177.56350734832492,0
9177,23.492064398441343,178.9323849223591,0
9178,23.400074831939808,176.6007567326622,0
9179,23.575615122902914,175.74740907433008,0
9180,23.52882895184265,182.17133179943806,0
9181,23.466548198856255,170.69254359171723,0
9182,23.437276620344473,173.42860565488755,0
9183,23.50611037172238,173.66998000889706,0
9184,23.532057696734615,177.36344958868767,0
9185,23.35392601260397,171.75374390216348,0
9186,23.513733765691725,176.98769504219763,0
9187,23.538105047971708,176.44372410240618,0
9188,23.299920243123594,177.15222159245045,0
9189,23.506020815622,177.1052893507885,0
9190,23.54809791101217,179.34205623392597,0
9191,23.541196981427206,174.5869821888756,0
9192,23.561114092605113,176.3326336482115,0
9193,23.47289835000605,172.54009744174436,0
9194,23.418090534317532,171.8629816309845,0
9195,23.359476766298634,180.05951031137403,0
9196,23.593001301377328,172.33636077120764,0
9197,23.564029650065358,176.70438236706462,0
9198,23.603418306265226,176.3813393118933,0
9199,23.454076450880436,178.3209540945664,0
9200,23.57853700155926,169.82924563149612,0
9201,23.396151674022615,177.48534033451762,0
9202,23.44893643615372,174.64553067711378,0
9203,23.530697551133308,173.02784218615105,0
9204,23.5757930935782,174.08309530269517,0
9205,23.659168219024163,177.9538738921143,0
9206,23.50774644286307,177.04533211763336,0
9207,23.459789514515794,174.47592451279317,0
9208,23.457769059895284,171.4504920468291,0
9209,23.478198300597615,171.6703353759545,0
9210,23.712986628805098,177.14324949364945,0
9211,23.59792635794915,171.0591566474996,0
9212,23.628444458095974,174.54618037734588,0
9213,23.522381928771736,182.9521550922507,0
9214,23.543421148817313,176.29595098681747,0
9215,23.60153984852668,177.15238068176117,0
9216,23.50717378428048,171.75092663138892,0
9217,23.526365377719806,171.26056157725668,0
9218,23.49771928968743,177.3384014194423,0
9219,23.517915123115753,174.11238270992177,0
9220,23.559644985367463,178.4888410370185,0
9221,23.491995272190533,175.40594870984714,0
9222,23.582608990741043,185.65424418844077,0
9223,23.584488982040217,173.57683759184755,0
9224,23.54936747654238,176.1698671433077,0
9225,23.499488636504168,172.6287453384223,0
9226,23.576053633145364,178.41616632138508,0
9227,23.529228471756653,176.65024156716132,0
9228,23.575305677074724,172.45394699410966,0
9229,23.66137868351266,174.3945080531324,0
9230,23.4752366309026,179.47074718876948,0
9231,23.751287089430157,179.1192842079922,0
9232,23.573535601806956,171.12991782740085,0
9233,23.614206878689256,173.9841774357125,0
9234,23.52295489471778,180.85529196434075,0
9235,23.67645988525867,174.89861726694573,0
9236,23.576933774046246,175.95950076927645,0
9237,23.557348204911854,178.4991450529755,0
9238,23.54472307079866,171.4310137197539,0
9239,23.571164314966264,172.61758927759223,0
9240,23.627983646218148,174.47480078410038,0
9241,23.610205654996733,179.0690184266573,0
9242,23.595049693750003,178.5237263512658,0
9243,23.54317514226838,177.63304528994078,0
9244,23.54039804920258,175.065615302841,0
9245,23.566897721571838,178.8811863368927,0
9246,23.642418101494258,175.04395635656252,0
9247,23.660397835929537,177.24524389711317,0
9248,23.672994181781235,178.25693741803863,0
9249,23.61091947142461,180.62079408220688,0
9250,23.64352050976861,175.37090620450712,0
9251,23.601150762484185,174.46162799932077,0
9252,23.477026754946362,179.44429601411093,0
9253,23.600912715634728,179.68427141918312,0
9254,23.589929460934723,173.94826639106103,0
9255,23.538593152811252,172.27299721912274,0
9256,23.578078837884952,179.2549426545433,0
9257,23.636023691078332,170.6824302046715,0
9258,23.536295023005863,170.53901327034507,0
9259,23.571822676827058,174.82236953595205,0
9260,23.754240764129595,175.64444337844563,0
9261,23.503907503830128,172.16716904213496,0
9262,23.619177141915586,176.02255175677251,0
9263,23.542226947167205,176.16633403110967,0
9264,23.57709299059327,173.93575686118243,0
9265,23.623089429668386,181.48734154506283,0
9266,23.561579006948683,176.6862927191301,0
9267,23.688168429382205,178.79256782860682,0
9268,23.752007087466524,171.04858486218416,0
9269,23.71290250060326,171.03285290982595,0
9270,23.729182644917625,176.81775203834658,0
9271,23.538472200869155,181.01235440430693,0
9272,23.63103492709209,172.4282223291723,0
9273,23.689495921971115,175.89843906579273,0
9274,23.72341119179727,171.77333091210122,0
9275,23.79558987483998,173.33309335748217,0
9276,23.74244253463728,176.07866753864187,0
9277,23.730228184721465,174.03190321628375,0
9278,23.87077844506578,171.60359919677862,0
9279,23.66936918594823,171.5468825886065,0
9280,23.640105382984707,169.8831067487429,0
9281,23.678976207712296,176.9814084040533,0
9282,23.593132772113137,177.35495650642176,0
9283,23.67328899347215,177.35046059158154,0
9284,23.531263275264973,172.85589008368586,0
9285,23.62857493143091,178.61191881510842,0
9286,23.6632265722313,177.7250786098083,0
9287,23.74993274087396,175.6373336157026,0
9288,23.76434958395252,175.15570200569377,0
9289,23.599865167721962,173.68960964568365,0
9290,23.84452115164223,176.22423927571245,0
9291,23.691784032664653,180.5103247408233,0
9292,23.7005851445969,179.0830084782594,0
9293,23.553425159021195,174.91169434824587,0
9294,23.6346868169188,177.30710659874396,0
9295,23.769719745484288,172.39789819088676,0
9296,23.70075019456158,177.90336545441878,0
9297,23.697218799703382,173.23159745845265,0
9298,23.708184709011842,177.80596984059508,0
9299,23.57596349715608,184.65348322893857,0
9300,23.68509163875543,174.0473220158993,0
9301,23.806878791118955,184.53689097454438,0
9302,23.782532553369414,177.25153824648592,0
9303,23.686955093526905,173.54193454558902,0
9304,23.82343115576477,173.41565145671655,0
9305,23.598967885170048,182.90812406449507,0
9306,23.62330953084659,177.3034892745554,0
9307,23.85147617051497,174.1373592496951,0
9308,23.749956707757974,175.23675912364885,0
9309,23.681931774283807,177.15081989172023,0
9310,23.70193258900432,175.84371052019836,0
9311,23.643134291121893,176.91897827933522,0
9312,23.731090271529563,181.2135500543907,0
9313,23.726043383814037,172.5202700455103,0
9314,23.713123875422053,177.8495657695382,0
9315,23.620024722133802,175.70850271275594,0
9316,23.735249143647213,174.4416081437279,0
9317,23.672962474877732,179.16684317576818,0
9318,23.6376912273524,171.57764801488722,0
9319,23.81914609506245,168.87425676755402,0
9320,23.892612945666155,176.6588154061333,0
9321,23.875664627427327,175.5823641789537,0
9322,23.773475842225075,171.95007612063395,0
9323,23.701421427964306,170.88870221350635,0
9324,23.718233195364444,181.82402894106448,0
9325,23.757494410706304,177.43296965327863,0
9326,23.692602162629434,176.11468569445077,0
9327,23.832893692047442,182.65333370140755,0
9328,23.56568872909866,179.1456638552561,0
9329,23.706038048618822,181.39921096004005,0
9330,23.794922085479467,172.56344992566932,0
9331,23.664354962497473,172.4630917087095,0
9332,23.71387827235556,177.97847957900433,0
9333,23.78169517384664,177.38276246588467,0
9334,23.85676979996721,179.90028831756467,0
9335,23.63288882018865,171.27099936217851,0
9336,23.628044562250412,178.2862483094228,0
9337,23.662885758663197,179.15537824815604,0
9338,23.616633958849196,179.00823096466885,0
9339,23.62338619141508,174.99180008368117,0
9340,23.663934187837853,177.77992316848918,0
9341,23.84146814536441,173.90932668395112,0
9342,23.7188550432651,175.36970581644437,0
9343,23.747354661182552,173.13200685828951,0
9344,23.669421900432074,173.99711613031388,0
9345,23.797547307202926,175.56254931900364,0
9346,23.897921663343432,174.8249745062419,0
9347,23.677837237868026,174.0337842395719,0
9348,23.88780546127949,172.42376652154746,0
9349,23.77994836886107,182.2182693575804,0
9350,23.753103176571823,174.84574259627487,0
9351,23.7847145217494,177.34980261458168,0
9352,23.784888082147198,171.09548944209268,0
9353,23.90314647988314,180.45787698951958,0
9354,23.797118754735724,176.89896059950522,0
9355,23.79970343417073,175.07842876780066,0
9356,23.723599422495553,175.11722753821448,0
9357,23.82534089892482,179.04350319588593,0
9358,23.68255305142576,167.5886346409703,0
9359,23.768697960386092,173.9880125612466,0
9360,23.99150789749859,176.1160369734416,0
9361,23.561368320622005,176.0941753231085,0
9362,23.78120429394119,184.01468862289855,0
9363,23.78512209648333,175.4987404827366,0
9364,23.7459755662989,179.4949939421289,0
9365,23.748682263885033,181.97210041938445,0
9366,23.77316837987857,178.5618107451056,0
9367,23.746497797534946,174.5413835479897,0
9368,23.785209557937723,172.72225583593257,0
9369,23.729226092076203,178.82488974373703,0
9370,23.930800782250422,181.53663824942035,0
9371,23.74961329535964,178.2524088404045,0
9372,23.816098966048102,180.32784419469567,0
9373,23.71775343539983,184.41634416991073,0
9374,23.84666463800994,179.1656521992937,0
9375,23.83141808401936,173.36468000450063,0
9376,23.80699952980614,176.83283300105327,0
9377,23.691980507888097,180.80339114506322,0
9378,23.71467428565782,175.95952371916718,0
9379,23.910450118775803,181.23611998160706,0
9380,23.715158684403942,176.53135509594466,0
9381,23.82817959754471,177.74839304286178,0
9382,23.701995094048332,175.70633495610252,0
9383,23.858891361415658,177.2503966116901,0
9384,23.723951333698736,177.42238151343463,0
9385,23.702441020824985,171.9726871252562,0
9386,23.7231320853087,175.48682864514828,0
9387,23.736429201818115,173.12530173359454,0
9388,23.813711691061272,175.61693940485483,0
9389,23.7874834119199,174.46613482106554,0
9390,23.69490559419402,179.900472140411,0
9391,23.780858149905445,179.94861239148398,0
9392,23.692180087096187,178.57272040676165,0
9393,23.835701528897456,173.10233691664519,0
9394,23.850916356189146,176.62434815601034,0
9395,23.78338595967418,172.8906645481973,0
9396,23.807562072822375,176.5038713476445,0
9397,23.926518208172794,178.90154596262286,0
9398,23.77424893725934,179.94914722585517,0
9399,23.711815850371323,178.4049411407169,0
9400,23.83418182128479,180.77541469204212,0
9401,23.697714017525566,177.79288292133668,0
9402,23.77195131259457,176.32656717337466,0
9403,23.741338525598895,179.66188412229442,0
9404,23.73356342540168,179.77400577883915,0
9405,23.77014366482455,175.4957574560471,0
9406,23.862574011254367,178.2189344931693,0
9407,23.87945860790354,176.2127827606194,0
9408,23.865514335417647,171.0836935487885,0
9409,23.818729311856504,178.44357231480453,0
9410,23.771597130082245,173.2534808930708,0
9411,23.60397227274516,178.1355342887777,0
9412,23.822385311663414,172.55877650430205,0
9413,23.610990391925764,175.01954736259287,0
9414,23.639822378933744,175.8916247092295,0
9415,23.7811035088501,180.81148718898336,0
9416,23.81553858605567,175.61967860932305,0
9417,23.758611420173974,174.0092408919611,0
9418,23.917856827215996,178.3411379190749,0
9419,23.832288903779332,176.61114968839559,0
9420,23.775664883751,179.6477386835107,0
9421,23.906809362677574,174.254422370635,0
9422,23.92139098779059,177.93664765472394,0
9423,23.83745426716044,184.72682866615483,0
9424,23.734686906112177,176.6143520477874,0
9425,23.752934123991658,177.90645908778788,0
9426,23.681455190360136,172.37724420675164,0
9427,23.794029752380958,174.81554233082943,0
9428,23.713638886465972,178.76777550989434,0
9429,23.771525600243848,176.41307128337084,0
9430,23.81889926445227,179.26023230095257,0
9431,23.639544483273326,178.70593608886185,0
9432,23.697322081260918,173.4912359429763,0
9433,23.758044017952187,180.50546482708305,0
9434,23.79455042184773,173.74573028952784,0
9435,23.759392363824613,175.19327585735317,0
9436,23.777403475362235,178.19076999304022,0
9437,23.74268148014253,182.21767506097112,0
9438,23.683346276734397,174.51928479198688,0
9439,23.75663027093716,177.98829194288598,0
9440,23.782459179620854,178.02764154803623,0
9441,23.774774040004086,179.54601836014484,0
9442,23.808631765536,181.14040498910148,0
9443,23.83327275746296,176.39047899072546,0
9444,23.854362644931612,180.65266037998018,0
9445,23.749194089284202,181.62250201817355,0
9446,23.67385827489386,182.99785483699333,0
9447,23.901683844750696,179.16620377243575,0
9448,23.830816177813205,178.14721721234525,0
9449,23.72362213803232,176.2656416043899,0
9450,23.822216404519395,173.32693920936063,0
9451,23.885434704787684,176.88455892562527,0
9452,23.93831462658347,178.06996848776873,0
9453,23.820004957585027,177.4190296653496,0
9454,23.88469567019543,179.5552272829896,0
9455,23.703109990339936,173.41413555172142,0
9456,23.796952326652143,177.24532987302248,0
9457,23.77296017988444,183.7901736587406,0
9458,23.82709368016862,180.8072888956688,0
9459,23.928500763127484,179.6837054287123,0
9460,23.81950381315762,179.02183942779567,0
9461,23.72439507398715,176.76816872946904,0
9462,23.698223177688376,172.61694018205432,0
9463,23.930838860852887,179.26523788028186,0
9464,23.840148382863966,170.5632827672001,0
9465,23.834750135561666,176.9466300696967,0
9466,23.77125410026093,177.92706426397928,0
9467,23.82002080511244,176.61122883364692,0
9468,23.71946459025247,184.48172165893394,0
9469,23.82921704308993,183.45538710251938,0
9470,23.704061629281934,181.09559404562768,0
9471,23.769108506177346,175.23599237100746,0
9472,23.746210749888782,183.79104610046485,0
9473,23.536833691351674,179.89854851047457,0
9474,23.76945279727693,175.23055651155207,0
9475,23.725046444516362,178.16951394206976,0
9476,23.779876328181516,180.96196870482598,0
9477,23.796587395721016,176.30450167498356,0
9478,23.93761647542399,178.53764292821396,0
9479,23.82028128683563,179.08039437543596,0
9480,23.822346526933302,174.84333542913032,0
9481,23.83496987799539,177.3505649881387,0
9482,23.86475901630777,175.0994139093175,0
9483,23.831040568788676,180.79677628745318,0
9484,23.81690944843916,175.48158896973183,0
9485,23.85093667479811,179.09616166254074,0
9486,23.599561007385095,174.06529059342537,0
9487,23.96046105656878,174.85046698955864,0
9488,23.920150819778303,174.72016559082113,0
9489,23.8099691325259,177.41212722199296,0
9490,23.679173938960556,178.83705279168782,0
9491,23.88864901932567,179.40524074515082,0
9492,23.735907746445214,173.00934796863373,0
9493,23.8337123861636,177.8352251889071,0
9494,23.687950257014403,176.1045283587151,0
9495,23.968263224393958,179.97389277912035,0
9496,23.674331671089703,177.58357208307064,0
9497,23.794776614910898,178.15912289382985,0
9498,23.619021852495486,176.18191488469856,0
9499,23.78502852261109,183.60586146983977,0
9500,23.753823385998704,174.59634745968526,0
9501,23.87833115788787,177.7312892147845,0
9502,23.75282682212336,179.7367025418084,0
9503,23.87743816594735,179.14325222675336,0
9504,23.70390015517586,178.08896242788694,0
9505,23.762744818514552,175.42916675633765,0
9506,23.763811156445712,179.27314762510358,0
9507,23.82386400014801,178.9529870837423,0
9508,23.81313015379204,187.3522924306609,0
9509,23.840871923403217,189.59219329188153,0
9510,23.803864528850227,183.1292270303694,0
9511,23.834837901557925,179.55083860177797,0
9512,23.709508708371885,186.46275619346315,0
9513,23.811837302901495,181.78891944657082,0
9514,23.908775957640106,183.56817008963858,0
9515,23.64509663043718,183.8126780775586,0
9516,23.81798375869604,184.6812623669955,0
9517,23.832363084802566,185.60218015041013,0
9518,23.894463710660574,183.2094054798473,0
9519,23.834991178590926,185.527449526327,0
9520,23.784261856393492,191.176911093667,0
9521,23.809962135556912,188.5000039177454,0
9522,23.716063502138,189.46022109680882,0
9523,23.743129890596958,182.87114835405183,0
9524,23.666602483707408,192.8948651272767,0
9525,23.891703022178795,188.47858401614295,0
9526,23.808025781093917,194.3906869074259,0
9527,23.69798732656132,191.9652511317504,0
9528,23.792238610451133,190.29991971832627,0
9529,23.862522211622977,187.43637221085692,0
9530,23.848432742787004,199.47794746180622,1
9531,23.694023859488244,195.84682749480706,1
9532,23.516744074361682,196.50999234912274,1
9533,23.798288946363815,199.86094302311832,1
9534,23.6949060274786,195.5604188764817,1
9535,23.81483000524887,199.42906299727184,1
9536,23.840244320764775,194.4198490374328,1
9537,23.85248291170609,198.55202923480547,1
9538,23.90213177311264,194.93272909157395,1
9539,23.860612067639895,195.79517505062427,1
9540,23.900809119338845,198.081491926088,1
9541,23.87030246867855,194.47203866559983,1
9542,23.876398215237373,199.7462595851056,1
9543,23.754945276863847,198.30587003120968,1
9544,23.654173293593967,193.76282661922568,1
9545,23.954996480838044,198.83629272448854,1
9546,23.760537331007267,199.65789003737586,1
9547,23.852874771476017,203.7353451007491,1
9548,23.7096239757479,202.51621681083537,1
9549,23.829818410567032,206.48683288261913,1
9550,23.556157030625528,204.18854287101234,1
9551,23.71795894692757,201.45013454369465,1
9552,23.74195270492213,203.42074860414107,1
9553,23.785856330055594,203.03549666012896,1
9554,23.8336225152449,206.02737847178645,1
9555,23.659332907467334,205.22675041884668,1
9556,23.798656496086025,203.6454339811192,1
9557,23.842978010820964,206.04074792932067,1
9558,23.931494115330942,207.8823267655695,1
9559,23.799318900211734,203.9633629194121,1
9560,23.70498660513493,208.417500990278,1
9561,23.638955295279334,203.21427688647321,1
9562,23.88597301071907,211.75089586541114,1
9563,23.79755552853782,210.49958401371856,1
9564,23.73573247074438,214.2897544109008,1
9565,23.606818419224208,206.53598357738898,1
9566,23.660813555332346,213.76999943869555,1
9567,23.7847093236491,213.66085945411083,1
9568,23.761396825579865,210.79070168132557,1
9569,23.576261209562542,210.69134976443877,1
9570,23.781445370634227,209.0497269886043,1
9571,23.60422117708022,208.75162462587699,1
9572,23.836867654133123,211.0192424407549,1
9573,23.74407336043005,209.9895131638931,1
9574,23.689148266926384,219.0279051382185,1
9575,23.804258576758176,210.2184823109996,1
9576,23.75214158504848,215.65522759807885,1
9577,23.82866244297104,216.99956220952518,1
9578,23.727904070195255,217.24885266452122,1
9579,23.731360566434212,217.9961313069062,1
9580,23.6962152024315,219.98337919482447,1
9581,23.738844067160837,216.29032667416033,1
9582,23.85240547857467,218.37466206224423,1
9583,23.675102255866612,217.71524448715368,1
9584,23.76590506670815,222.98742653030513,1
9585,23.64236973271006,225.86336997954916,1
9586,23.54619452921876,216.46589499570462,1
9587,23.72684900733873,214.43831932235128,1
9588,23.738595297262528,222.7229435305147,1
9589,23.69886067861667,224.7105957411731,1
9590,23.58667927662536,227.85433847732287,1
9591,23.729386847623324,224.6810081168222,1
9592,23.725023949024447,227.13861143368456,1
9593,23.63128392985498,228.41538311192454,1
9594,23.59276601831725,228.31346733744311,1
9595,23.67950473149504,227.04654930823193,1
9596,23.75057200155807,221.04037338239166,1
9597,23.730303427439512,225.34585122782153,1
9598,23.625128983777447,226.754987699607,1
9599,23.705166369496904,226.03937820526184,1
9600,23.763790435465598,226.70842460136996,1
9601,23.59760658482162,232.0083620360538,1
9602,23.695063364809265,225.52011805633813,1
9603,23.795764900016824,230.67170524309608,1
9604,23.58517334512102,229.70780775324818,1
9605,23.77817594384565,226.66982000437528,1
9606,23.813826404314195,226.49654643252157,1
9607,23.665064195806593,225.10633881609667,1
9608,23.65394085779314,232.15094748205615,1
9609,23.762561707911058,230.9884134464574,1
9610,23.66354804692278,229.18474612232495,1
9611,23.488704396846444,226.51769248805863,1
9612,23.667558772826446,233.9280688319218,1
9613,23.711594235061284,232.59268121886754,1
9614,23.731659991083145,231.45670825809196,1
9615,23.600486121176186,231.18959296675575,1
9616,23.64782736120936,233.8499097030084,1
9617,23.74603087174291,236.4595453809997,1
9618,23.661537102855014,234.54352587139513,1
9619,23.542488535902592,232.45181280647304,1
9620,23.76224109881366,236.32693184225084,1
9621,23.64453557762947,240.12186187588134,1
9622,23.747388300797148,237.58993275488803,1
9623,23.54687255915823,238.1583087478458,1
9624,23.64724042749984,237.45993691573767,1
9625,23.696100517325377,236.2518554373325,1
9626,23.646744329748024,236.63605501332498,1
9627,23.557461740397162,234.90308265847506,1
9628,23.45953634429014,243.9162170598202,1
9629,23.77071226555173,242.24379375893187,1
9630,23.667056651652064,241.5877803095171,1
9631,23.73891233393833,242.71095342656145,1
9632,23.718208565833567,243.3266753155582,1
9633,23.690001726242457,240.58832681566156,1
9634,23.614878108347224,242.30005370970673,1
9635,23.678089762088966,242.33708602096968,1
9636,23.751826890129013,251.7778516964224,1
9637,23.642172570690235,247.78804949279842,1
9638,23.785967798236086,245.71494996832266,1
9639,23.512170258983208,249.79311160029312,1
9640,23.501855913984386,249.8980749780141,1
9641,23.707731531701874,242.5212844928203,1
9642,23.561455330939005,246.47814033770265,1
9643,23.78868333156936,247.5815652432739,1
9644,23.730457681643813,249.94895591378298,1
9645,23.74872248970622,247.9262227374985,1
9646,23.690710495407444,248.78643170112218,1
9647,23.544460168904262,248.1817976970952,1
9648,23.483663266209817,253.1964637520174,1
9649,23.734250392409944,246.2034458672511,1
9650,23.49287009801422,249.73520655099287,1
9651,23.737827677925917,245.97004118509477,1
9652,23.66279982684774,248.89594366703398,1
9653,23.601316833562297,253.4201816427141,1
9654,23.64095985926823,253.96089367287868,1
9655,23.640990939014145,252.49663149194552,1
9656,23.585739096029616,257.2919318706573,1
9657,23.714143834497914,258.46586895089814,1
9658,23.709550541246788,254.67981602601128,1
9659,23.60883354389197,256.12254812353643,1
9660,23.546516309445895,254.4973614234374,1
9661,23.697120000581744,258.2193966771101,1
9662,23.428959442089603,253.24028429591075,1
9663,23.624389078256694,262.6936957416647,1
9664,23.646149900259015,261.20986592734414,1
9665,23.518814814513092,254.6768430448829,1
9666,23.661077740932143,256.3902716835356,1
9667,23.57914886787145,260.5047713352068,1
9668,23.53568147939405,258.70996248872615,1
9669,23.654466049651784,261.84219792033275,1
9670,23.488617085975097,259.6138863192624,1
9671,23.6430639530455,265.7501792266825,1
9672,23.4129904466007,261.6843259224745,1
9673,23.592477192531295,269.40472362370167,1
9674,23.5711641057263,264.43472959684846,1
9675,23.52250976359998,259.0621282484561,1
9676,23.594877357401995,269.85346054854733,1
9677,23.55535683204671,267.3736290693386,1
9678,23.644106322595135,265.7016482527332,1
9679,23.60254416138793,266.9847105795602,1
9680,23.59194223499715,261.9612663059045,1
9681,23.57706343538114,260.59886610751767,1
9682,23.513922318464772,266.3703244994936,1
9683,23.525525724645487,271.11545506239787,1
9684,23.567494951960622,268.6498321320312,1
9685,23.531729929081433,273.0737726809517,1
9686,23.632469269843856,272.39346404898674,1
9687,23.548976790909627,268.97516214966464,1
9688,23.56951923869299,272.9481318374884,1
9689,23.425161756746746,274.4481628847216,1
9690,23.610762906851917,270.12333697222795,1
9691,23.486732088705615,270.2060527621109,1
9692,23.447728683538056,271.75221775931067,1
9693,23.660744372987928,264.5786198584109,1
9694,23.582761289889554,273.13910617678147,1
9695,23.60301488070375,274.94258153351535,1
9696,23.559096177824674,273.6982478480718,1
9697,23.513167310140386,274.78217459751784,1
9698,23.49612760020601,274.1011486410448,1
9699,23.578694965015693,268.7239280940187,1
9700,23.604831611128297,280.186183503158,1
9701,23.506633059753895,274.57830749130846,1
9702,23.675742620975015,274.31186771653284,1
9703,23.49199892658495,280.72249964875044,1
9704,23.39410276654068,280.0680149779047,1
9705,23.36573449356035,278.43446234069637,1
9706,23.366261019661227,280.4067139797811,1
9707,23.46599873396171,275.11696857500937,1
9708,23.47835678253363,278.8225678620028,1
9709,23.549334687300437,283.432909241371,1
9710,23.490240537440226,278.00042580815744,1
9711,23.557795325693117,277.5201340234591,1
9712,23.49170755773084,281.2342166869996,1
9713,23.486982385868778,281.7878348658827,1
9714,23.437478101969223,283.90762714723496,1
9715,23.595259095353466,278.31368845920474,1
9716,23.35670013508623,275.28323818815403,1
9717,23.501084723229607,286.17827471255214,1
9718,23.46020307234302,280.6488310412564,1
9719,23.5350249018963,282.5509914051109,1
9720,23.468561849741512,278.3144289652039,1
9721,23.46865763643904,288.4160336717464,1
9722,23.444367206341056,286.88145770233643,1
9723,23.574885450204707,287.2441611543059,1
9724,23.46133832374066,287.70706425216974,1
9725,23.616433246009915,281.0993208982864,1
9726,23.478350620677748,284.8074045372762,1
9727,23.456015783306267,286.89080299271814,1
9728,23.440347445951595,286.48282440983184,1
9729,23.49480645425652,288.39757294939534,1
9730,23.400282852944024,290.4337479557467,1
9731,23.456695884323366,293.1974913186033,1
9732,23.443364200523302,286.22057798215565,1
9733,23.46640440800921,291.1176836662918,1
9734,23.466053004894984,293.7618065955894,1
9735,23.467870818426736,289.337897648603,1
9736,23.440958947920056,292.01460620342993,1
9737,23.55653210739344,294.475703902968,1
9738,23.462466941277793,293.5926027314151,1
9739,23.63477992392533,296.0644834950833,1
9740,23.42792352407184,294.80888407821993,1
9741,23.498277699793757,294.0720867044816,1
9742,23.36110478810609,291.9724149075439,1
9743,23.528870845897366,296.71490475193815,1
9744,23.358078892556545,296.75615728738114,1
9745,23.448500701364534,293.9605676051874,1
9746,23.388480115771326,299.16804065828495,1
9747,23.44339375636965,301.7084378594152,1
9748,23.386043312347212,296.4071668548114,1
9749,23.339275725790493,296.6873128061072,1
9750,23.37827261681618,297.0605111107176,1
9751,23.52090557875338,294.7997039302438,1
9752,23.432535594747797,306.3318496161272,1
9753,23.28961500050178,299.4544484467203,1
9754,23.47791834341019,298.70842605366624,1
9755,23.316526561770885,298.3861313083744,1
9756,23.444871682326024,301.0852056804127,1
9757,23.427206698160163,300.6461152778139,1
9758,23.42980420455633,307.5285818055017,1
9759,23.526295745188698,299.9507511350145,1
9760,23.309285976236556,299.5639475993724,1
9761,23.42197289434286,306.3174715237667,1
9762,23.471403917090484,304.8230519469837,1
9763,23.316692491697093,304.9583721632414,1
9764,23.306018055205758,307.78863362625503,1
9765,23.34021739668984,307.0023608956366,1
9766,23.386680675417313,306.9342571029017,1
9767,23.24536916835414,303.34023812304724,1
9768,23.399820302616604,303.03534013315084,1
9769,23.24053374289374,306.4207720821814,1
9770,23.454163383495857,305.75137644042724,1
9771,23.389286225745074,310.2944849917155,1
9772,23.498719788812434,304.57310139587725,1
9773,23.396650807571262,309.1101264829101,1
9774,23.316242597162383,310.4147248254111,1
9775,23.27420043857515,311.29730810873923,1
9776,23.35467295060317,313.0954730940074,1
9777,23.330604586730093,311.4012477990723,1
9778,23.425374666649816,310.8606620600816,1
9779,23.25364892176487,317.07882973823746,1
9780,23.48706147449752,312.8675238625657,1
9781,23.424818392419116,318.5672270025808,1
9782,23.303997335624945,313.81664935783704,1
9783,23.461543984318837,315.2253984614168,1
9784,23.252503280068183,315.3401227969765,1
9785,23.329032085984636,316.9321590013593,1
9786,23.20789478503611,315.4610777791364,1
9787,23.455161798631952,317.49112723059216,1
9788,23.173065356033742,322.2772449967604,1
9789,23.187037293753804,321.3134194609056,1
9790,23.248908226167835,321.81612076967383,1
9791,23.40288016241428,315.10513604805965,1
9792,23.370887233034054,316.0725702462628,1
9793,23.301665477728424,320.74816533614666,1
9794,23.370813752959055,322.88908893516293,1
9795,23.277461261659347,319.50141109266076,1
9796,23.31787987226795,319.44798565617475,1
9797,23.41361140477625,326.2041715653244,1
9798,23.25912812800112,324.5621545861062,1
9799,23.21492874953709,326.1603462816642,1
9800,23.311245851806696,181.67564982470032,0
9801,23.330212280795557,181.4535314369127,0
9802,23.277197074771824,185.87383755687958,0
9803,23.345999410603447,182.25253995829723,0
9804,23.246992586492183,181.22167740632614,0
9805,23.270658204332406,180.32816920730667,0
9806,23.2877785467895,181.54736209343028,0
9807,23.27815633048145,185.7199660440863,0
9808,23.381580959900788,178.5791674860549,0
9809,23.279432434809816,185.00874482480435,0
9810,23.22290142470625,181.01033511205722,0
9811,23.286794780089767,182.51747268557804,0
9812,23.322603979821967,182.722998031128,0
9813,23.301171469126373,182.5128393909332,0
9814,23.294071045728273,182.3270085873621,0
9815,23.11405335229707,181.86861929397008,0
9816,23.031824428208353,181.50068524804976,0
9817,23.330571857013627,187.18753305016955,0
9818,23.260981761170793,183.31658987107568,0
9819,23.221466691502158,182.87680434030386,0
9820,23.276054926876014,181.33387604303388,0
9821,23.372008992485732,182.0571653394398,0
9822,23.328218349759926,181.3706232829047,0
9823,23.28942253981361,185.60328695124372,0
9824,23.13881329228608,181.05955203604728,0
9825,23.146511971844426,176.59468378317294,0
9826,23.01344423183922,183.52139476627278,0
9827,23.252336564505285,182.52132449059286,0
9828,23.28764208552878,181.61513561669085,0
9829,23.29146015239836,186.12014880602592,0
9830,23.24757195418188,175.19787861240462,0
9831,23.178501417404682,188.14010329931526,0
9832,23.142971493529267,186.58831468744907,0
9833,23.119369139108066,181.55300844858178,0
9834,23.169606708155307,182.09767869721065,0
9835,23.101734743163377,184.97603199461147,0
9836,23.31771512329626,185.06933500357908,0
9837,23.070324868871985,181.5868335332043,0
9838,23.156023999582512,178.65091700654395,0
9839,23.01416236408984,189.85506959680367,0
9840,23.190053741558057,186.39508366356148,0
9841,23.163406144692864,184.00996650750923,0
9842,23.13231910862561,184.07940482051544,0
9843,23.083503211020894,185.4286774629018,0
9844,23.155584427822987,185.80053910792873,0
9845,23.109090325100098,177.33084757096006,0
9846,23.138955620519244,182.54990541385934,0
9847,23.30375548064362,182.2505805405957,0
9848,23.158189493471852,183.1432907136683,0
9849,23.184297168893593,185.95247593543743,0
9850,23.101761360079106,178.28232798168037,0
9851,23.073412758558845,179.61759085110648,0
9852,23.13157838029699,181.63220721231096,0
9853,23.330974850181473,184.15287681066087,0
9854,23.10491073456195,186.19859209086562,0
9855,23.154062596301376,188.60853395454248,0
9856,23.056116787819988,182.86782408201682,0
9857,22.899206511682827,186.23062685269164,0
9858,23.053679916295398,185.8819433728115,0
9859,23.30455990915271,185.38870949336322,0
9860,23.15896970434603,183.70307952678442,0
9861,23.23984639403172,182.58952095737476,0
9862,23.077987333411144,180.60408724395745,0
9863,22.91448998896152,180.41764905373967,0
9864,23.01156986657445,184.86578940898613,0
9865,23.129257455607654,183.6733664810378,0
9866,23.113732283520118,182.6021756558944,0
9867,23.091115816668037,185.8551610672931,0
9868,23.046755224770152,183.27127862507737,0
9869,23.161576739509076,181.1451930595607,0
9870,23.043515036694043,183.09719408289052,0
9871,23.10547038735937,186.37050889320454,0
9872,23.093692573009932,180.84998386741287,0
9873,23.045806455185836,184.5602314780834,0
9874,23.00200238007506,183.7779742415829,0
9875,23.03553818726029,181.67364521649205,0
9876,23.21683201728167,183.08781463082346,0
9877,23.153154968524383,179.26459127160257,0
9878,23.143006321004012,184.32030271039815,0
9879,22.995673461160123,179.90889765123552,0
9880,22.94079003715795,187.23209528982153,0
9881,23.14073865758069,183.7505258888986,0
9882,23.122613796459447,182.32263411135082,0
9883,23.058425016995372,187.531357311771,0
9884,23.015014012987855,180.96570928542167,0
9885,22.92475319265555,181.82975575569165,0
9886,23.10847185138677,178.59658522765855,0
9887,23.131181199700677,188.0243368738,0
9888,22.979173128704065,189.72587972535172,0
9889,22.969702279210853,179.0979372249111,0
9890,23.12720455136271,181.68281013231254,0
9891,22.973779450231024,184.35094818593078,0
9892,23.164662127607368,182.60577663219647,0
9893,23.010821601892864,184.0702371633787,0
9894,22.985828999357356,183.82268295442296,0
9895,23.017570565246896,185.40939833958498,0
9896,22.9802392055222,181.31508356121833,0
9897,23.098474418200812,184.78716750535787,0
9898,23.076449819404406,180.87198594813543,0
9899,23.089841024552246,182.99594520507497,0
9900,23.014761579255524,179.03238670458921,0
9901,22.960699119003152,183.04008876812992,0
9902,22.993689871167412,182.54658409451403,0
9903,22.95756682938138,187.1065691837672,0
9904,23.10615797678332,184.109055860838,0
9905,23.066219972754062,184.66532135985938,0
9906,22.97592421874474,184.24140170108757,0
9907,22.90633626093618,177.93234784764928,0
9908,23.10092986407745,178.33972258807518,0
9909,22.98580612358104,183.3853857749883,0
9910,22.96166700582226,185.18792619059514,0
9911,23.093261970307505,183.6584483690481,0
9912,22.925703571946396,181.7816348397281,0
9913,22.938195457390236,183.66361024613528,0
9914,22.942459468293446,183.41400079059107,0
9915,22.852805701274303,186.74294480326122,0
9916,22.980601625239547,186.5856424683158,0
9917,22.891567321564953,182.7669561351297,0
9918,22.904109845791663,184.28801380832402,0
9919,22.890626041327867,185.2769408641677,0
9920,22.897229204740384,185.73280213918642,0
9921,22.874296285176634,189.42715861192107,0
9922,22.958401911708144,184.3953861996875,0
9923,22.923393413138058,187.9964975562475,0
9924,22.9368983763908,181.02041718485194,0
9925,23.118578451918857,182.59801737122174,0
9926,22.91504904135384,178.11390710277576,0
9927,22.9731091591241,184.98561049374032,0
9928,22.979433648139562,186.48454219848705,0
9929,22.9141264323045,176.88606333471458,0
9930,22.938281159909483,185.1272948963727,0
9931,22.915256370656177,186.38525269451796,0
9932,22.92702952589186,186.22448896082315,0
9933,22.861128936457856,181.00531592085457,0
9934,22.86573992058841,186.92235083016854,0
9935,22.90385830553853,184.64096448459694,0
9936,22.741981121640478,186.3961923134043,0
9937,23.016649345919177,184.2555025622587,0
9938,23.067063529234236,185.78615335952543,0
9939,22.905055562846535,187.98068185915574,0
9940,22.94189905341203,184.05080960643454,0
9941,22.972381466639632,185.52505954631195,0
9942,22.77715999798381,188.43188852980035,0
9943,22.95463396086779,184.29269718011307,0
9944,22.84349614741803,181.3259722477015,0
9945,23.05811036635317,186.74003095775245,0
9946,22.857034284246637,189.02624296359613,0
9947,22.941993808060438,188.5976368553171,0
9948,22.852311968198308,186.88589337324078,0
9949,23.039567821173605,177.71806858556474,0
9950,22.820093440503346,182.85262186075846,0
9951,22.951539310730524,183.01586465734866,0
9952,22.90571891439571,184.91378468362953,0
9953,22.885183716442953,189.8534546433261,0
9954,22.868415540415004,181.55648305025096,0
9955,22.79399180228302,191.53412914193564,0
9956,22.6377280141893,183.66992096132395,0
9957,22.92782549637363,182.52554987120016,0
9958,22.80003053425569,187.37118383042645,0
9959,22.92997117002113,187.6177652333808,0
9960,22.861806468779047,186.80394269932088,0
9961,22.9269607053173,182.55495182970157,0
9962,22.892363139875112,186.37858554456807,0
9963,22.62830979244443,181.78097746530275,0
9964,22.87195285120427,182.4990291824307,0
9965,22.79254511767575,184.61523883865732,0
9966,22.91052019889293,182.4490075048468,0
9967,22.86189827681562,188.07615837672677,0
9968,22.860123832555175,183.19239265907342,0
9969,22.787393810280477,184.27447445328184,0
9970,22.73345398815164,182.30416228671007,0
9971,22.769123134579317,188.0664666987923,0
9972,22.65705670934564,182.9641025225983,0
9973,22.75111701464178,188.3973289226958,0
9974,22.67851066568821,188.18570446641897,0
9975,22.677925499617356,183.65099482097952,0
9976,22.799566964865406,185.08653086904363,0
9977,22.83027902117087,183.5850760325085,0
9978,22.78232066509377,186.65201015398054,0
9979,22.74227256258047,184.44003706903973,0
9980,22.703697462367288,183.77958141635423,0
9981,22.751431675779443,185.1790988131138,0
9982,22.708348991227478,180.3024174010942,0
9983,22.766422846706313,184.82998871981073,0
9984,22.64705202051811,187.01480346343024,0
9985,22.822208042478266,185.48853007100735,0
9986,22.718071070198707,187.9377012254674,0
9987,22.790867918217725,183.9591670263067,0
9988,22.829081847050144,183.72148402094243,0
9989,22.781673426583993,181.7556590636087,0
9990,22.81671654766789,183.8986062754784,0
9991,22.58480092416189,191.0217087082037,0
9992,22.708052237346006,185.95881565652238,0
9993,22.83307868590467,183.38369646579562,0
9994,22.782925806880893,182.12996362014064,0
9995,22.887422537678393,180.36084629171094,0
9996,22.8732571210065,182.6732714538017,0
9997,22.75823846524909,187.45001098407766,0
9998,22.71148045468901,183.89927798391474,0
9999,22.65233456675841,182.3137653986932,0
10000,22.688319200096643,182.6516010706039,0
10001,22.691101688122025,187.15243098826522,0
10002,22.67368242675201,184.96799986048427,0
10003,22.64505966145696,183.33794062116368,0
10004,22.74804055707526,184.30211775805742,0
10005,22.84903681461514,191.85262541907906,0
10006,22.78536088539275,188.90150256082973,0
10007,22.68230496786828,189.65613069057645,0
10008,22.786622665660314,180.00152824337403,0
10009,22.730637800906926,184.81208258880142,0
10010,22.69705837719232,183.33853537851914,0
10011,22.68947755249344,186.91190037724832,0
10012,22.67914848788072,188.46724134774655,0
10013,22.744649031691143,186.27450403166213,0
10014,22.70116113742043,182.68518365255377,0
10015,22.629141273402418,183.32688581078654,0
10016,22.62269830359921,187.17893407378583,0
10017,22.706754005994707,187.48470020198397,0
10018,22.71401287120915,185.75456051324193,0
10019,22.652113151372745,185.7282623247743,0
10020,22.584050235719666,185.49640675243583,0
10021,22.772138782293556,186.1604417557428,0
10022,22.752604824902537,187.50811125548245,0
10023,22.507985246113797,187.25776496073775,0
10024,22.771604967908136,185.44502686308672,0
10025,22.6451873268208,185.23408819721413,0
10026,22.674575533150115,185.12627052735442,0
10027,22.747909738081695,183.05406559744927,0
10028,22.78653450388874,183.02282818041792,0
10029,22.73204434330578,187.0405995270828,0
10030,22.668585522484786,183.27690504691546,0
10031,22.536744062862365,187.86405719595305,0
10032,22.482193310733276,185.27493418168922,0
10033,22.712045444850947,187.8944176031839,0
10034,22.746660395108012,187.35314049641323,0
10035,22.57163601134132,187.97764881726673,0
10036,22.612739261173946,184.0263193847768,0
10037,22.587258901102086,186.68863522623656,0
10038,22.58265116602499,187.68208362845775,0
10039,22.712887582439446,180.82088486669156,0
10040,22.64189260039158,190.58635308850216,0
10041,22.6036251231931,192.28550209713393,0
10042,22.83210223438461,188.3358404435308,0
10043,22.502292841726913,187.91791279257967,0
10044,22.658429947238293,187.27280354648246,0
10045,22.528234040989158,184.5424472358332,0
10046,22.597117322929478,185.1884183501249,0
10047,22.619168067864905,188.41828756692775,0
10048,22.672414164303426,182.61152732493173,0
10049,22.58152627956507,182.35509628874755,0
10050,22.570644152176254,184.35128962884025,0
10051,22.57525723487073,187.51802889368582,0
10052,22.508776773798974,182.95741503403735,0
10053,22.64335165156704,184.88489137308866,0
10054,22.612872457766098,185.2469907112375,0
10055,22.62278303377716,182.53724960132814,0
10056,22.580014952298853,178.25935516497233,0
10057,22.56776205773633,182.50488465966748,0
10058,22.6748593022824,186.37280691746338,0
10059,22.66017828121522,187.05426454369098,0
10060,22.68924863550819,187.08457151056743,0
10061,22.603506527263086,187.435809771703,0
10062,22.67955169158924,183.73347948336686,0
10063,22.535696760816876,183.0963699392514,0
10064,22.5505652888825,186.7488659515039,0
10065,22.659896832282534,184.99389780482406,0
10066,22.629423144266777,188.35580138020657,0
10067,22.53637937537881,186.78406508393311,0
10068,22.473586101723747,189.496746302224,0
10069,22.53864637104036,184.2539772314048,0
10070,22.497856201921245,188.8584516968766,0
10071,22.688293576317392,191.7651006755841,0
10072,22.60882964874163,185.82748590624774,0
10073,22.48445119776658,187.16932465360352,0
10074,22.459829868999254,182.8849272868698,0
10075,22.4788737890164,188.36375035461765,0
10076,22.494148127986858,189.07378496863043,0
10077,22.523239030622083,184.2082416155532,0
10078,22.623465343144638,187.45503157907595,0
10079,22.45471250870199,186.5428837369481,0
10080,22.71293477775375,186.87869496859847,0
10081,22.452051446957768,188.1472327868141,0
10082,22.412541072229473,187.27266741451996,0
10083,22.658084486053383,185.30376155539545,0
10084,22.626481569174487,188.2253310373881,0
10085,22.503960077657858,189.06568793531696,0
10086,22.546827293320064,184.07217478673,0
10087,22.546624857749535,185.7339598243073,0
10088,22.522820863178474,180.4378385695297,0
10089,22.40595599399998,187.49923153936754,0
10090,22.30891344512617,189.42227113800195,0
10091,22.437695189128085,184.98547430931796,0
10092,22.648374128687028,186.16207058756572,0
10093,22.649329402850626,185.10553754103333,0
10094,22.47776999374905,184.61875918566767,0
10095,22.419906549358238,186.4712452792617,0
10096,22.51662625544647,183.4262477837026,0
10097,22.527334085075548,185.07734896506938,0
10098,22.538118369744573,183.07369172642913,0
10099,22.285749945785028,187.55869933883164,0
10100,22.73839040695678,186.5132693185375,0
10101,22.57423182326433,184.50588685994666,0
10102,22.46567498285032,185.91484275352246,0
10103,22.421902415774454,185.1453968766108,0
10104,22.556247972334283,189.2431844784897,0
10105,22.514784346010362,184.49234851221024,0
10106,22.480420230947818,187.72436698800414,0
10107,22.507617278432342,183.70741698488638,0
10108,22.459841461540236,188.2695208805975,0
10109,22.498923005057826,188.9424493818415,0
10110,22.522804542989196,189.08773840016968,0
10111,22.49008887846817,190.25091714927018,0
10112,22.48383184179878,186.71880841747605,0
10113,22.569928034910767,189.5588804268088,0
10114,22.32867838703731,190.7211070221086,0
10115,22.390570729665328,182.48589683139755,0
10116,22.454487170135533,184.0457861463429,0
10117,22.39194058472212,181.37180495871726,0
10118,22.41662176195195,189.04570582078588,0
10119,22.54930480353488,181.3400028244237,0
10120,22.432355625716188,180.52935858296075,0
10121,22.29593103549923,182.57995331484662,0
10122,22.406401989242568,180.66040083215728,0
10123,22.44292661153458,186.69497619050435,0
10124,22.439467794625628,182.62799911157242,0
10125,22.478797570358477,180.81386294640802,0
10126,22.470294496751222,185.76213602363796,0
10127,22.419273075325123,185.94209601680845,0
10128,22.332978675634124,180.28437421191384,0
10129,22.39118037374861,183.75554316194442,0
10130,22.374706035199335,185.67561318946474,0
10131,22.39978351330641,184.83190195328754,0
10132,22.475955993670656,184.91672396665723,0
10133,22.451068483188322,189.44579598474306,0
10134,22.482745555162204,192.35029033389938,0
10135,22.384190382416442,184.97344089640308,0
10136,22.53368496986048,181.95033162468374,0
10137,22.464949411311952,185.21482624721753,0
10138,22.41821450204665,186.5040136086994,0
10139,22.45562404972084,185.7638168367217,0
10140,22.351423306447604,187.758203398244,0
10141,22.234918862976876,192.5642947496673,0
10142,22.353225818075593,180.79160074961115,0
10143,22.45970770087501,184.41207999136563,0
10144,22.40448535605854,190.55906352986244,0
10145,22.385285578007554,184.3717716401205,0
10146,22.326576749816375,188.30862246302263,0
10147,22.23611688805877,187.83503695065588,0
10148,22.504757003635795,189.65512661327006,0
10149,22.37233159774736,191.68661771667442,0
10150,22.352801406953045,186.94788728954444,0
10151,22.33164147975783,180.71320972451775,0
10152,22.483951203989502,183.8514666790945,0
10153,22.45232120619247,192.51279513571865,0
10154,22.302665251899782,181.71395062342177,0
10155,22.471446668037906,187.44883044930128,0
10156,22.364923994541115,178.41670892139783,0
10157,22.32594024702597,181.90834004901242,0
10158,22.349556243195526,188.62457757693082,0
10159,22.308650705418486,186.0733517567879,0
10160,22.263921228894723,184.8378058960448,0
10161,22.429966467340137,183.5256847775056,0
10162,22.348511896593333,179.9807058008621,0
10163,22.41384506626329,188.0520907276475,0
10164,22.385753132071006,185.12392967864577,0
10165,22.404974880870427,181.409234041907,0
10166,22.195735958808445,186.06681381099546,0
10167,22.28840519989855,187.721366305188,0
10168,22.401634142547415,185.37693608512092,0
10169,22.252445294754082,186.3282291228708,0
10170,22.38263161120502,186.09588444886109,0
10171,22.239892578407055,183.86233150942078,0
10172,22.350834909841954,186.14666570324624,0
10173,22.47669699493204,188.19066757246947,0
10174,22.408252090558427,189.0900366929904,0
10175,22.19661908877355,188.35934155519965,0
10176,22.410950345038334,183.9628662768619,0
10177,22.487269963310816,187.8977638142363,0
10178,22.563670482190304,187.38645018169382,0
10179,22.376341599577845,183.86180820736766,0
10180,22.22761634804514,184.59883899590915,0
10181,22.36998666282249,188.0316580733242,0
10182,22.46134569529924,190.12406370819116,0
10183,22.31715465500925,180.55904296254442,0
10184,22.414037263063438,190.91492069570106,0
10185,22.261895305733447,189.48785324516888,0
10186,22.3573349774536,186.59332586317004,0
10187,22.12687172118067,185.27437554211605,0
10188,22.24851082905145,187.1683397098518,0
10189,22.3225558153154,184.07581612718553,0
10190,22.292492984628744,185.46485889001335,0
10191,22.21603644606845,181.57325372699106,0
10192,22.278645956838766,180.77411522964397,0
10193,22.343531766057176,192.99591241019863,0
10194,22.30881038490278,186.18848545011483,0
10195,22.319141165027983,186.61055302845116,0
10196,22.37138958670233,185.90747263686046,0
10197,22.283953362338185,183.51649288742607,0
10198,22.418723295278348,185.07873142419476,0
10199,22.229438473148925,186.27354552024096,0
10200,22.46141988121721,185.4100851673441,1
10201,22.46141988121721,183.74337125525247,1
10202,22.46141988121721,187.4383841331567,1
10203,22.46141988121721,186.56490902147317,1
10204,22.46141988121721,187.17839433142416,1
10205,22.46141988121721,188.11462040150357,1
10206,22.46141988121721,185.48768805799514,1
10207,22.46141988121721,185.49232868523654,1
10208,22.46141988121721,190.44604178760522,1
10209,22.46141988121721,183.16628895458064,1
10210,22.46141988121721,180.37704870518024,1
10211,22.46141988121721,187.66412831533486,1
10212,22.46141988121721,184.10898907757158,1
10213,22.46141988121721,182.7644725403097,1
10214,22.46141988121721,188.6516844139492,1
10215,22.46141988121721,185.56106906616688,1
10216,22.46141988121721,182.20404480769764,1
10217,22.46141988121721,191.7988970135146,1
10218,22.46141988121721,181.16128045657962,1
10219,22.46141988121721,185.7325435883733,1
10220,22.46141988121721,180.32394688398588,1
10221,22.46141988121721,186.80290928625993,1
10222,22.46141988121721,184.0667247990529,1
10223,22.46141988121721,188.44695060551507,1
10224,22.46141988121721,185.9360012116495,1
10225,22.46141988121721,190.03897687645212,1
10226,22.46141988121721,184.69696392080186,1
10227,22.46141988121721,181.17138371005987,1
10228,22.46141988121721,186.69643502242735,1
10229,22.46141988121721,185.22504349392773,1
10230,22.46141988121721,180.5237243582664,1
10231,22.46141988121721,182.81411024467639,1
10232,22.46141988121721,183.76755981906757,1
10233,22.46141988121721,190.64377243015983,1
10234,22.46141988121721,188.09858379117455,1
10235,22.46141988121721,184.93162407706978,1
10236,22.46141988121721,187.3859809772352,1
10237,22.46141988121721,179.85349342938747,1
10238,22.46141988121721,184.27561508632337,1
10239,22.46141988121721,187.17173898759543,1
10240,22.46141988121721,186.46326029139607,1
10241,22.46141988121721,184.3474005580878,1
10242,22.46141988121721,185.84884133633807,1
10243,22.46141988121721,186.976347108817,1
10244,22.46141988121721,185.93216661309694,1
10245,22.46141988121721,188.54142261249996,1
10246,22.46141988121721,186.91265038123962,1
10247,22.46141988121721,187.48835794722686,1
10248,22.46141988121721,191.09335257257712,1
10249,22.46141988121721,188.43321807967266,1
10250,22.46141988121721,191.1715445073858,1
10251,22.46141988121721,183.9308553855353,1
10252,22.46141988121721,181.16724542429202,1
10253,22.46141988121721,185.52149248648018,1
10254,22.46141988121721,185.2633528612672,1
10255,22.46141988121721,190.31615077808607,1
10256,22.46141988121721,182.5455006998074,1
10257,22.46141988121721,185.6966821110872,1
10258,22.46141988121721,187.14650141898076,1
10259,22.46141988121721,186.22887451103173,1
10260,22.46141988121721,185.41154110185474,1
10261,22.46141988121721,186.99935783065027,1
10262,22.46141988121721,189.15842719117677,1
10263,22.46141988121721,190.52581195672695,1
10264,22.46141988121721,186.0143978447913,1
10265,22.46141988121721,183.46579909356478,1
10266,22.46141988121721,190.51425823920874,1
10267,22.46141988121721,182.67503470832824,1
10268,22.46141988121721,191.27691017716086,1
10269,22.46141988121721,189.9347778684534,1
10270,22.46141988121721,190.36772581967034,1
10271,22.46141988121721,187.95281925027524,1
10272,22.46141988121721,179.55625338395868,1
10273,22.46141988121721,182.77339743824066,1
10274,22.46141988121721,186.80842064603266,1
10275,22.46141988121721,183.85777068676657,1
10276,22.46141988121721,184.93578741271665,1
10277,22.46141988121721,187.71692664350584,1
10278,22.46141988121721,185.36541400864468,1
10279,22.46141988121721,182.21506954455913,1
10280,22.46141988121721,188.52586174381852,1
10281,22.46141988121721,187.41030795204992,1
10282,22.46141988121721,185.1152856176729,1
10283,22.46141988121721,187.99270563958265,1
10284,22.46141988121721,186.14064176092526,1
10285,22.46141988121721,189.8461375002968,1
10286,22.46141988121721,186.30219082181986,1
10287,22.46141988121721,189.81682332156115,1
10288,22.46141988121721,180.22051507311335,1
10289,22.46141988121721,187.2155235454896,1
10290,22.34286664790335,184.64063413234354,0
10291,22.133809852611115,183.25337961680017,0
10292,22.12801347215997,189.3023074176732,0
10293,22.187961208908856,188.49030113644022,0
10294,22.2424706769097,179.79980202443105,0
10295,22.200152796605337,187.9618723641899,0
10296,22.254131804636867,187.59394310598958,0
10297,22.209711804871446,183.63835812396687,0
10298,22.203972332033352,183.29769467576577,0
10299,22.405689812566195,181.0278749383062,0
10300,22.170137537462608,184.78295926602354,0
10301,22.342869432639173,185.25900696636293,0
10302,22.326952215758062,188.17833485182234,0
10303,22.2510697512412,186.59132086790135,0
10304,22.056200441025645,182.59925105487295,0
10305,22.212333926752926,186.4913543935564,0
10306,22.168241714251113,185.00831159908353,0
10307,22.210602150477634,182.96164610487182,0
10308,22.12354479023858,180.99324038274455,0
10309,22.268679651197775,187.63176999686232,0
10310,22.28658434717563,187.09210985764759,0
10311,22.3010036717882,187.41874448161664,0
10312,22.176453270488004,183.5591836847171,0
10313,22.121909061929784,186.25259679175232,0
10314,22.23444275226608,181.60866564758825,0
10315,22.346449024458842,182.77037123118748,0
10316,22.21117876428385,185.82663857034268,0
10317,22.24148555440865,186.50778412488052,0
10318,22.18619178900096,180.82951519970342,0
10319,22.164401612350485,182.53853942161038,0
10320,22.25704455879374,184.6101605895212,0
10321,22.19561009154986,188.57702171914522,0
10322,22.236099912936883,183.25724460725277,0
10323,22.244150976899697,186.11332701613824,0
10324,22.231093828238336,186.42278838195978,0
10325,22.247672667077623,184.93250529980023,0
10326,22.13456525397959,186.4805722674436,0
10327,22.129454548727256,181.63665420908998,0
10328,22.198948069689884,183.69889662573905,0
10329,22.200663512599533,189.96415255657587,0
10330,22.160162933654572,190.1701436525459,0
10331,22.221038849079537,188.17934838021228,0
10332,22.274236011724106,188.9464611835863,0
10333,22.296409087593265,180.1622118228012,0
10334,22.314228338466187,182.78847785668754,0
10335,22.095912239151765,184.69584330650056,0
10336,22.10791520423018,192.87061771619346,0
10337,22.177651912692095,184.67894539069363,0
10338,22.2071246592015,187.84737708384876,0
10339,22.181516226562945,186.74220867193813,0
10340,22.156276191970118,186.66985294117683,0
10341,22.176041292491625,185.52524226824696,0
10342,22.238977013762316,181.99004887483494,0
10343,22.093869012431693,177.48093053746737,0
10344,22.38764402702709,189.42418636143668,0
10345,22.20180132734563,183.72336395845895,0
10346,22.284145772330856,179.96567793848035,0
10347,22.15364347291043,186.8750226368495,0
10348,22.245967462837665,186.81159173606707,0
10349,22.20801215970005,187.8529463034434,0
10350,22.268544671511062,188.89042430046285,0
10351,22.184113120447865,182.78028792029608,0
10352,22.32414458080286,182.90623378952597,0
10353,22.08067939670863,184.56896307565373,0
10354,22.2760278872084,187.98384953609593,0
10355,22.20961942431753,179.20483027945625,0
10356,22.118709317350287,185.89114676237767,0
10357,22.356404077778823,188.29663597963173,0
10358,22.348207726093122,188.16654490109178,0
10359,22.03448509212154,187.61332771330368,0
10360,22.21463008937239,188.67027430659223,0
10361,22.257042671249962,177.23331684534276,0
10362,22.236038120586336,190.30882572852948,0
10363,22.322065912829704,186.45315173551958,0
10364,22.30556570672802,189.4593704693164,0
10365,22.222311360701713,181.92495561221037,0
10366,22.383415677647346,180.1807835519828,0
10367,22.276355859477594,190.79476488289532,0
10368,22.17346545764315,182.64939681093756,0
10369,22.15757101778009,184.48970887831473,0
10370,22.30141608003003,186.99787562748662,0
10371,22.138712080097996,187.727390683539,0
10372,22.169578735861787,188.63716151300602,0
10373,22.183411145918615,186.06521603222095,0
10374,22.23125798406249,182.22523778538658,0
10375,22.187567572489677,187.5011343467088,0
10376,22.09793480938881,187.54193873063687,0
10377,22.296516807356795,179.9221631654695,0
10378,22.171466188111726,189.61628285492708,0
10379,22.36569025444093,177.89192524482024,0
10380,22.228701684286168,188.44928605491177,0
10381,22.30605582757432,183.4365596624321,0
10382,22.255454585805985,187.44823183978033,0
10383,22.310506289236212,186.8550632982533,0
10384,22.251254713215925,185.2058538286701,0
10385,22.224776585406286,186.6631857429192,0
10386,22.29376696629694,185.04324781429008,0
10387,22.40554083926089,187.4370778726124,0
10388,22.18544381271038,191.8436359987361,0
10389,22.270995886640847,181.25666281784217,0
10390,22.207365951205933,175.70846369215727,0
10391,22.248663736913212,184.0183666214745,0
10392,22.211954818235732,183.8057623805211,0
10393,22.03637546430556,184.117550175373,0
10394,22.193402357423704,182.46331647642995,0
10395,22.289813733348574,187.85227855004155,0
10396,22.149074458080122,181.0832944990761,0
10397,22.284417986160147,186.571879180959,0
10398,22.225891903494823,187.1271859402003,0
10399,22.19635443874487,186.15338630956728,0
10400,22.2846190284129,186.6575822501844,0
10401,22.267126037109747,188.03608241030335,0
10402,22.246786589045133,185.34106915041133,0
10403,22.29492373690279,184.1329406172848,0
10404,22.230418064984136,186.62356347789824,0
10405,22.08312497060275,186.95753718184469,0
10406,22.18498620587006,187.8174324979981,0
10407,22.071430866480235,180.00312683351888,0
10408,22.268928986417215,184.58159099890938,0
10409,22.28860207613409,181.92792597103852,0
10410,22.2928180987836,186.79873546596062,0
10411,22.257194860509507,187.2877435895505,0
10412,22.29609618768381,184.27611811444996,0
10413,22.093138323387606,182.90325734401372,0
10414,22.211275162812004,186.8736221330711,0
10415,22.107310669067154,184.67463997924497,0
10416,22.192470508677,189.34536753938198,0
10417,22.351079436307103,190.37639261667445,0
10418,22.309890174125538,188.05119783757652,0
10419,22.276075408590245,185.73853354153798,0
10420,22.209233800691152,190.50874806622048,0
10421,22.144956137328244,185.7456118747658,0
10422,22.24009568579985,183.57726249696282,0
10423,22.314686730160208,182.98018165290418,0
10424,22.25933100825717,182.88702275690724,0
10425,22.100404075833982,184.9697084318101,0
10426,22.23635567619142,186.369334159059,0
10427,22.075657421247406,180.7258247960038,0
10428,22.293804653210355,183.61570566294438,0
10429,22.174784985331232,185.5921903063695,0
10430,22.13314093126111,186.87563593921476,0
10431,22.29719950447702,184.85807485188568,0
10432,22.277299047342673,185.66041965628725,0
10433,22.25193385742103,181.20234641211923,0
10434,22.40948103774643,182.17353809151757,0
10435,22.285756182130047,184.71726381911787,0
10436,22.184180755907935,186.42242011994134,0
10437,22.278144046585776,185.5755605735503,0
10438,22.214561278293925,182.3260280016647,0
10439,22.339637191558047,184.15363224947498,0
10440,22.261632963510312,189.3896169948801,0
10441,22.270416221724314,186.47762713069812,0
10442,22.125509717868777,184.34797056342188,0
10443,22.246693401552566,181.74874352646157,0
10444,22.23817932356622,182.67679149972645,0
10445,22.1616480631037,184.8272939628486,0
10446,22.226778784898908,185.62594924672257,0
10447,22.280282069128646,186.48535047530873,0
10448,22.24600606982264,185.94313626131162,0
10449,22.134327409509897,183.65895703351902,0
10450,22.226388556715516,183.22680534356965,0
10451,22.211763598669165,190.891507984709,0
10452,22.26565549024898,183.0715281084705,0
10453,22.257994976360376,180.85617523097073,0
10454,22.21921041391424,179.8054576976107,0
10455,22.217082583328366,183.65233492389535,0
10456,22.259518766066346,187.52211220595552,0
10457,22.332193487708903,182.96454460651879,0
10458,22.278470053106055,189.11512606985977,0
10459,22.371056884518524,184.65090048420615,0
10460,22.348908194653923,187.99154996898204,0
10461,22.379038131848734,182.3798110614507,0
10462,22.36985338525439,182.4163910745997,0
10463,22.386467787648872,184.9062133447897,0
10464,22.1702580538915,186.0707434556894,0
10465,22.315390219470885,184.07617926474288,0
10466,22.362157372824925,185.48038726293416,0
10467,22.377718485201342,186.35835714130923,0
10468,22.205252311309092,180.32125913248777,0
10469,22.32062270771465,183.54980930525502,0
10470,22.275179879081954,183.00638820642092,0
10471,22.418068725702792,183.1418521910913,0
10472,22.1604697414035,185.7626035194656,0
10473,22.211067946248516,183.0173225669643,0
10474,22.128927311176685,178.50614744517432,0
10475,22.286523073333324,183.80148288937087,0
10476,22.457245579568756,181.30744832400782,0
10477,22.273784436226695,185.97925908717562,0
10478,22.28661664467785,186.8969200692735,0
10479,22.323764084528097,177.94487775947965,0
10480,22.27166152416008,182.1361727427434,0
10481,22.311475385792065,185.5084620758481,0
10482,22.3148075253547,180.21116116426694,0
10483,22.217032078361026,186.77518234960127,0
10484,22.27840760831432,187.56453212730509,0
10485,22.346549414768525,183.9198881549344,0
10486,22.362752990692005,182.07352259416902,0
10487,22.39362782438642,177.45284672780647,0
10488,22.31787202195765,186.81588764881175,0
10489,22.320798076727485,190.37065488323753,0
10490,22.353656714930025,189.73919982107918,0
10491,22.2473756212623,183.75649812265917,0
10492,22.245418817547574,181.05253391543647,0
10493,22.287629791045262,186.83254705985132,0
10494,22.196953240000582,183.92815145812304,0
10495,22.332856296024477,185.73220683147818,0
10496,22.38558890107761,185.19509118768767,0
10497,22.24622545951678,184.55484150609067,0
10498,22.339215991586645,187.35033825368555,0
10499,22.255457153229496,187.4507375495765,0
10500,22.225853636812854,182.6745776329846,0
10501,22.47302504193781,181.46218153901043,0
10502,22.229810413752816,176.72302069821245,0
10503,22.209060832949817,183.17070447432576,0
10504,22.330009314219893,180.9180045675462,0
10505,22.33574787771517,185.44433351604135,0
10506,22.36908716316679,183.16787597501764,0
10507,22.47725760646053,183.48189623091548,0
10508,22.256448067469993,186.58875733047807,0
10509,22.2738108985726,185.33327148150784,0
10510,22.450265962859408,183.78005727435257,0
10511,22.39817536833841,189.1779961872931,0
10512,22.38854416661933,186.32172938457123,0
10513,22.278848586753696,182.84823539956926,0
10514,22.41761777483643,182.9705654158971,0
10515,22.39331817125814,186.43794355370977,0
10516,22.345751530682378,184.66979291323446,0
10517,22.285327484570594,180.6862001965997,0
10518,22.342198651782997,186.72221360039285,0
10519,22.467091375659198,187.79813975859182,0
10520,22.24925252174767,187.55895024217068,0
10521,22.27435161513527,188.631343605971,0
10522,22.28968500657171,190.19897651659713,0
10523,22.308625212691666,189.16951740390726,0
10524,22.34182169777135,184.9898565372211,0
10525,22.42136404682496,183.33079126472748,0
10526,22.383197210485296,178.45544638375816,0
10527,22.352765047457428,183.9650045617909,0
10528,22.371678869168807,185.4779318006765,0
10529,22.401068221637594,184.03927806786263,0
10530,22.21824992880167,178.23202529396386,0
10531,22.440158485625325,183.0248664746752,0
10532,22.289971926684355,185.80874227291375,0
10533,22.32226519015291,180.78299008351095,0
10534,22.3866497289773,184.34577152512657,0
10535,22.355059125721855,185.13151501452128,0
10536,22.401730500868112,187.17844686156937,0
10537,22.375814537048175,188.95024383048693,0
10538,22.343021702350917,182.6668070479333,0
10539,22.49017664364955,184.33938891806838,0
10540,22.426236639675434,184.4211298639716,0
10541,22.395483871470525,185.71182661831793,0
10542,22.428446821408077,185.36366519493828,0
10543,22.318357262648345,188.01420080471604,0
10544,22.550511367400155,176.73299649100736,0
10545,22.29127225474777,184.968626930528,0
10546,22.38909790170013,185.1644482779172,0
10547,22.358899038912696,182.9841537336713,0
10548,22.357636255745206,176.88541309443113,0
10549,22.349032640620003,183.48202967547573,0
10550,22.325427645424934,181.5208862859824,0
10551,22.484030553476934,188.6739603357832,0
10552,22.294393130403982,184.75346879865788,0
10553,22.471268066026802,181.2286159267259,0
10554,22.44628697425627,177.4445863375699,0
10555,22.365761045287435,185.3618006500791,0
10556,22.44067665558693,185.66579683102464,0
10557,22.387279222879908,182.9173958239516,0
10558,22.313681020520427,185.36310551926215,0
10559,22.316384507880034,182.49459583723623,0
10560,22.457919460935656,186.72835733925933,0
10561,22.455641948865402,186.49204594050929,0
10562,22.42859664064483,178.58447115392792,0
10563,22.379801007156974,179.30290357409564,0
10564,22.397781585707214,189.56953220318667,0
10565,22.38887278613154,186.2594601903047,0
10566,22.27706956724872,179.66288849717398,0
10567,22.42364052324372,178.72602812289756,0
10568,22.462458899746785,184.04759760293697,0
10569,22.428000521423566,179.98442492878576,0
10570,22.56606009349062,182.44831525777442,0
10571,22.346106542293214,183.2436428773806,0
10572,22.37553355894226,183.10118510051862,0
10573,22.441020682861897,186.739111818651,0
10574,22.451844755586176,188.85073937125466,0
10575,22.282217885048663,181.89666783962116,0
10576,22.484508472019172,179.92837180405033,0
10577,22.458142904768316,184.47379290045097,0
10578,22.270717892082658,188.18857725131699,0
10579,22.432931176205557,182.07135133381288,0
10580,22.37958998187771,185.81891088613278,0
10581,22.41001959975857,180.74324244237636,0
10582,22.341256302237234,183.3052560271663,0
10583,22.48362508565035,179.74238556237268,0
10584,22.593304425702666,183.24745695131176,0
10585,22.475603197883622,182.85232215934687,0
10586,22.283696228449696,185.01276017459472,0
10587,22.48134690724049,188.50925883191374,0
10588,22.444986986557097,181.99504851025205,0
10589,22.374542525761278,177.14918642790178,0
10590,22.492985421424198,182.52867972075694,0
10591,22.537155202050624,184.01954029023784,0
10592,22.415379551326755,183.713862321009,0
10593,22.339451882876126,182.6224469588545,0
10594,22.312114652741624,187.54439233473812,0
10595,22.421897969320767,183.4764021360658,0
10596,22.464823239267133,182.7398596991438,0
10597,22.438100181096324,180.707599158572,0
10598,22.426841511736505,177.78703368086656,0
10599,22.52906581199109,184.00128900781405,0
10600,22.52279599594244,183.73625369960206,0
10601,22.50387971263285,179.80839463469115,0
10602,22.555379830948574,182.839634931939,0
10603,22.43971100121456,182.52754310622245,0
10604,22.406811819063428,181.07192094846334,0
10605,22.454756993221938,180.55179530953404,0
10606,22.45141272917389,184.1332572958555,0
10607,22.33679316614873,182.22684201171964,0
10608,22.45943628461359,181.11754127032702,0
10609,22.593661328128537,180.29173108432474,0
10610,22.571539094188907,182.47299736427004,0
10611,22.5516890656341,185.6225890458329,0
10612,22.52241331233794,183.45522481185478,0
10613,22.630011210312734,182.110085340421,0
10614,22.431507276520662,183.73305015926869,0
10615,22.44136181172133,186.88684216595348,0
10616,22.61072474308261,184.25101831625958,0
10617,22.5252284917746,183.54644919193134,0
10618,22.4715706261535,184.66748583968555,0
10619,22.571669436044576,182.26388833583584,0
10620,22.494694441230987,183.27614646074585,0
10621,22.46503182037241,181.2430715102334,0
10622,22.465073478844797,178.0442540276888,0
10623,22.562299011007937,183.71037928118878,0
10624,22.555319386794622,183.70785132841615,0
10625,22.662478592251638,181.79059326650324,0
10626,22.520222006124335,185.74709822494077,0
10627,22.521153048053687,180.4607098426092,0
10628,22.663197079702197,177.29723336063992,0
10629,22.6291850411805,180.50588795155693,0
10630,22.56423754152442,177.9602486731938,0
10631,22.43008248979325,183.582989035,0
10632,22.492338378022666,180.29844214027358,0
10633,22.475287824140988,185.49452159827874,0
10634,22.56486556335791,185.4176112878833,0
10635,22.52362148282465,179.7370361455102,0
10636,22.69486582320119,180.07336416379647,0
10637,22.443268394892588,184.08671292109955,0
10638,22.478431386663786,185.40860549597465,0
10639,22.5932692819338,176.4168995825033,0
10640,22.617779472594567,183.28543246854346,0
10641,22.37146446513099,175.83328979464267,0
10642,22.441978462490713,180.7661383302395,0
10643,22.56210399907629,185.67826564095742,0
10644,22.694061883020296,191.41219774406676,0
10645,22.73899041088931,181.6519916358587,0
10646,22.5572059088905,178.61267506451125,0
10647,22.57911510920607,180.79908960348394,0
10648,22.528223728120295,182.52330258283354,0
10649,22.6482405546867,180.29988125614886,0
10650,22.722282366759515,179.5216295662511,0
10651,22.70290249016836,181.0010304569822,0
10652,22.60252645772018,183.45377651958654,0
10653,22.540194460697066,181.74426661018265,0
10654,22.6103680330338,179.59311829517577,0
10655,22.722615240157616,180.21315712600165,0
10656,22.582555692850892,180.96717166709678,0
10657,22.47181219129969,179.1958556758977,0
10658,22.590699892478384,180.05807239367456,0
10659,22.59963732782569,184.0957729607371,0
10660,22.47871889686973,181.45924481359535,0
10661,22.645453674287953,176.87507482108288,0
10662,22.66984354496454,185.19569515987047,0
10663,22.780631581358378,183.35630735030935,0
10664,22.527731501805597,177.9420333926893,0
10665,22.69524931471146,180.9805653241233,0
10666,22.716644859542527,179.68566168034036,0
10667,22.683362404203812,184.0779169873709,0
10668,22.563747726024527,180.91747084332877,0
10669,22.5616011833072,181.79932125112293,0
10670,22.65707882275144,181.43525789587585,0
10671,22.659029333289844,177.54762374159924,0
10672,22.609576694988117,186.18938838430302,0
10673,22.760182854360146,183.9453490775471,0
10674,22.627316440148576,179.7013537060393,0
10675,22.510409331077913,182.50422255480504,0
10676,22.646513812882667,184.8361096003306,0
10677,22.705397234051336,182.06608484136228,0
10678,22.696873348305253,186.55421729580868,0
10679,22.69879937989793,190.62258728185793,0
10680,22.79412980668789,181.47573675851555,0
10681,22.58798051718192,180.09156723946498,0
10682,22.64582410608643,178.8559706094908,0
10683,22.80588601053301,175.16850389038112,0
10684,22.527458481370097,185.53867990788547,0
10685,22.683119541432365,180.71876801966357,0
10686,22.788301220057274,184.39030919380403,0
10687,22.789685041946882,184.9785788736839,0
10688,22.74795300874749,178.49128009187376,0
10689,22.752562514686158,178.9267047321312,0
10690,22.61703287542286,186.93815273657486,0
10691,22.812759898274145,181.47882969104327,0
10692,22.609495420949386,179.69308402487928,0
10693,22.616865530980032,178.52333677429127,0
10694,22.741730274427425,181.21938797095123,0
10695,22.67386448070639,186.15232596212527,0
10696,22.732450165996667,183.669832868981,0
10697,22.752988047618654,182.14367112824706,0
10698,22.863391141292592,186.3488011305654,0
10699,22.758459407646484,185.7554071538433,0
10700,22.676901141006788,182.5552809027827,0
10701,22.78312870045866,189.8660952114064,0
10702,22.66509840819323,180.7802782007283,0
10703,22.807323536443114,184.80143415232604,0
10704,22.74207691617467,180.31314950786273,0
10705,22.771588981726833,184.1854650674322,0
10706,22.599735125646415,180.71652852002182,0
10707,22.564772904947024,182.8305553127493,0
10708,22.62736683184924,188.60160847511915,0
10709,22.889793733646083,184.27149672079892,0
10710,22.660934018672272,182.831195521205,0
10711,22.81402854018863,179.0612850730303,0
10712,22.706751463486793,181.9347913341736,0
10713,22.74156495825759,178.3308000964911,0
10714,22.75985593955922,184.00042974077678,0
10715,22.89760491044673,183.90981752919853,0
10716,22.815535004907733,180.7699531106385,0
10717,22.80225195730165,186.28412127650452,0
10718,22.877862709094593,185.84687052575984,0
10719,22.726151366067683,181.71177035426572,0
10720,22.864957553502514,182.94400350987,0
10721,22.85428000998024,179.46672952704128,0
10722,22.85605609256727,180.4001821902493,0
10723,22.77515376977763,177.96731488223435,0
10724,22.755263465425113,179.75093307311178,0
10725,22.723358872304434,180.85737533932934,0
10726,22.73106880445404,176.17403005919033,0
10727,22.72498346132083,182.87015567405848,0
10728,22.8303959112142,184.19067269909317,0
10729,22.785487186235354,181.0851011154873,0
10730,22.840974499334667,173.00168697763738,0
10731,22.848203795509356,180.31898619831387,0
10732,22.72710582517486,176.88234980481508,0
10733,22.727420194635933,179.2181880123517,0
10734,22.79902647325761,185.38738350356206,0
10735,22.758029498635807,173.71267777448554,0
10736,22.75232823074232,178.55152490563455,0
10737,22.961140367608753,183.47382991497787,0
10738,22.705543356516156,178.86384456797418,0
10739,22.992785317017933,178.6188275966244,0
10740,22.85678075801452,187.035825296064,0
10741,22.915302221168,182.0582511994683,0
10742,22.90860428846965,183.71047215457926,0
10743,22.89123086187798,182.37604375700423,0
10744,22.97755906295547,181.36159034617083,0
10745,22.760759468620623,184.65303046186347,0
10746,22.837584678109152,186.56144720502735,0
10747,22.784611166509766,175.7793024831444,0
10748,22.719898321316958,180.70834136604466,0
10749,22.805432918259676,180.66913178596403,0
10750,23.010885280124356,179.49532544738358,0
10751,22.849955064873757,183.7107627962302,0
10752,23.025266259693804,181.522662448943,0
10753,23.036205403282157,186.51283133417047,0
10754,23.111705478942216,184.0216202608962,0
10755,23.027291869495677,184.7993316981135,0
10756,23.066261880199473,177.09213024299848,0
10757,22.90638512852949,178.25575892251805,0
10758,22.901399835845005,178.48733150193695,0
10759,22.90948400193282,184.6121469326346,0
10760,22.88866649560077,177.7256419212105,0
10761,22.903400592865957,177.79774368713802,0
10762,22.954369493006578,177.23185224626016,0
10763,22.85969809431423,188.83936783443096,0
10764,22.78952347412386,180.13795415091272,0
10765,22.931594029081687,182.1386737616576,0
10766,22.84985243860881,177.11151382721303,0
10767,22.860908399807997,183.3954933945475,0
10768,22.899404595809806,175.18106718426645,0
10769,22.88382905787247,177.54940424848752,0
10770,23.005180628787212,178.2766328759511,0
10771,22.90581563909177,181.111708053671,0
10772,23.014769651222817,178.06018224050422,0
10773,22.941194649260563,184.995756218874,0
10774,22.92041161568692,181.91776135727076,0
10775,22.942933044704816,178.32360849712802,0
10776,22.829727336212493,183.36959434838138,0
10777,22.96288703569456,179.1812111629966,0
10778,23.00655992120374,178.57407425003706,0
10779,23.02067747644559,183.01714802196057,0
10780,22.836020894174467,172.95554200979308,0
10781,22.82546246350056,182.50277944339808,0
10782,22.906822102370086,178.1433543216169,0
10783,23.06332788977866,178.1231253171726,0
10784,22.973020827491883,186.12566472714337,0
10785,22.896155615825787,178.64192057924498,0
10786,22.844685026809078,183.08760615052654,0
10787,22.908990465140306,181.0418982905081,0
10788,22.906375386735593,181.3374376305175,0
10789,23.0441391702216,179.42113694072836,0
10790,23.053083942588962,179.2489151828185,0
10791,22.89087924296222,184.72532375948734,0
10792,23.037915973947673,182.91703472866482,0
10793,23.032514809371914,178.61090671257344,0
10794,22.888871598912274,176.95661548180266,0
10795,22.97933257894394,178.3251163732861,0
10796,23.016095854781277,183.00731651484983,0
10797,23.00468140620439,183.5831987293315,0
10798,22.857571705616945,181.69624658903635,0
10799,23.00770207522915,175.16539515169927,0
